Timestamp,Facility_ID,Industry_Type,Location,Water_Volume_Liters,Energy_Consumption_kWh,Chemical_Dosing_mg_L,Sensor_Temperature_C,Outflow_Quality_Score,Valve_Pressure_PSI,pH_Level,Raw_Anomaly_Tag
2026-01-01 00:00:00, Facility_A ,Food & Beverage Processing,"Illinois, USA",20411.18,703.14,34.22,29.24,92.75070920088532,72.95,7.79,NONE
2026-01-01 00:15:00,Facility_E,data center,"Nuevo Leon, Mexico",23043.14,714.79,30.78,25.93,92.00966478857518,75.09,6.81,NONE
2026-01-01 00:30:00,Facility_E,Data Center Cooling,"Nuevo Leon, Mexico",16732.51,707.83,24.25,27.59,90.59432295833213,67.64,7.76,NONE
2026-01-01 00:45:00,Facility_D,Pharmaceuticals & Healthcare,"Flanders, Belgium",18211.84,572.84,31.52,26.3,93.85495228707157,68.82,7.46,NONE
2026-01-01 01:00:00,Facility_C,Refinery & Petrochemicals,"Maharashtra, India",17470.01,754.34,32.97,30.87,93.45680888083861,69.24,7.58,NONE
2026-01-01 01:15:00,Facility_E,Data Center Cooling,"Nuevo Leon, Mexico",18008.82,765.66,20.27,25.4,94.1299559547812,77.32,7.4,NONE
2026-01-01 01:30:00,Facility_B,Heavy Manufacturing,"Indiana, USA",25432.09,814.71,22.29,26.74,92.02595593292868,78.76,7.45,NONE
2026-01-01 01:45:00,pune_fac_c,Refinery & Petrochemicals,"Maharashtra, India",14843.87,802.18,33.88,27.05,95.45736412429078,78.64,7.61,NONE
2026-01-01 02:00:00,Facility_B,Heavy Manufacturing,"Indiana, USA",23192.79,814.03,29.89,30.26,91.96664243889508,73.16,7.04,NONE
2026-01-01 02:15:00,Facility_B,Heavy Manufacturing,"Indiana, USA",22087.98,908.25,,28.59,96.71130527325448,75.63,7.17,NONE
2026-01-01 02:30:00,pune_fac_c,Refinery & Petrochemicals,"Maharashtra, India",19643.48,896.51,35.35,31.75,85.11681566691281,77.7,7.37,NONE
2026-01-01 02:45:00,Facility_B,Heavy Manufacturing,"Indiana, USA",24864.63,847.71,20.15,28.74,94.64276022883759,80.65,7.2,NONE
2026-01-01 03:00:00,Facility_B,Mfg Heavy,"Indiana, USA",23287.87,797.85,32.34,29.92,91.80476734794547,76.31,7.38,NONE
2026-01-01 03:15:00,Facility_D,Pharmaceuticals & Healthcare,"Flanders, Belgium",20894.85,529.05,36.12,28.8,88.81675216597722,75.33,7.42,NONE
2026-01-01 03:30:00,Facility_A,F&B Processing,"Illinois, USA",19274.82,696.27,25.56,28.92,92.40331354711434,70.39,7.3,NONE
2026-01-01 03:45:00,Facility_A,Food & Beverage Processing,"Illinois, USA",20196.99,847.49,32.23,30.29,93.26177306954827,65.37,7.34,NONE
2026-01-01 04:00:00,Facility_C,Refinery & Petrochemicals,"Maharashtra, India",18963.07,968.39,34.69,30.51,93.38892233694322,68.74,7.67,NONE
2026-01-01 04:15:00,Facility_E,Data Center Cooling,"Nuevo Leon, Mexico",23003.89,809.33,24.68,32.61,89.01407659906471,76.64,7.96,NONE
2026-01-01 04:30:00,Facility_C,Refinery & Petrochemicals,"Maharashtra, India",16589.14,733.0,35.92,29.29,88.53787702058838,74.31,7.05,NONE
2026-01-01 04:45:00,Facility_E,DATA_CENTER_COOLING,"Nuevo Leon, Mexico",22299.14,681.04,35.01,28.88,92.46940314814184,77.66,7.01,NONE
2026-01-01 05:00:00,Facility_B,Heavy Manufacturing,"Indiana, USA",26493.94,949.8,21.75,30.7,94.33162494159495,77.52,7.0,NONE
2026-01-01 05:15:00,Facility_C,Refinery & Petrochemicals,"Maharashtra, India",15843.77,817.55,36.75,30.87,94.60863427039033,70.94,7.42,NONE
2026-01-01 05:30:00,Facility_B,heavy mfg,"Indiana, USA",26697.0,779.99,36.34,31.32,89.68782880895152,76.95,7.08,NONE
2026-01-01 05:45:00,Facility_B,Heavy Manufacturing,"Indiana, USA",28225.87,937.32,25.05,32.23,94.8208989661968,77.7,7.88,NONE
2026-01-01 06:00:00,Facility_B,Heavy Manufacturing,"Indiana, USA",25030.57,776.69,24.76,29.03,93.25327452987487,75.54,7.43,NONE
2026-01-01 06:15:00,Facility_D,Healthcare & Pharma,"Flanders, Belgium",20577.09,569.74,43.6,30.02,100.0,76.82,7.11,NONE
2026-01-01 06:30:00,Facility_A,Food & Beverage Processing,"Illinois, USA",16787.57,747.4,30.56,31.75,95.01436039863535,73.67,7.11,NONE
2026-01-01 06:45:00,Facility_A,Food & Beverage Processing,"Illinois, USA",15761.34,681.16,35.1,30.81,89.51363590812164,74.78,7.46,NONE
2026-01-01 07:00:00,Facility_A,Food & Beverage Processing,"Illinois, USA",17219.91,723.96,31.74,28.31,94.6449195531145,76.52,7.65,NONE
2026-01-01 07:15:00,facility_a,Food & Beverage Processing,"Illinois, USA",21698.93,614.77,27.56,31.21,95.14411504291907,76.32,8.43,NONE
2026-01-01 07:30:00,Facility_E,Data Center Cooling,"Nuevo Leon, Mexico",22545.49,835.17,32.51,31.37,92.49113841715089,77.42,7.13,NONE
2026-01-01 07:45:00,Facility_A,Food and Beverage,"Illinois, USA",18715.58,678.39,31.84,34.25,87.5247513837064,77.09,6.9,NONE
2026-01-01 08:00:00,Facility_A,food & beverage,"Illinois, USA",18172.1,790.64,31.77,28.02,91.2110281303681,77.06,7.15,NONE
2026-01-01 08:15:00,Facility_B,heavy mfg,"Indiana, USA",26459.9,843.83,25.76,33.68,95.52854087141763,64.89,7.4,NONE
2026-01-01 08:30:00,Facility_B,Heavy Manufacturing,"Indiana, USA",23741.9,911.6,25.17,29.47,95.11595929273746,77.9,7.01,NONE
2026-01-01 08:45:00,FAC_A,Food & Beverage Processing,"Illinois, USA",18489.78,679.14,28.76,32.69,94.79594147507505,68.33,7.61,NONE
2026-01-01 09:00:00,Facility_C,Refinery & Petrochemicals,"Maharashtra, India",23621.46,857.22,29.12,28.46,97.55411567739719,70.82,7.47,NONE
2026-01-01 09:15:00,Facility_E,Data Center Cooling,"Nuevo Leon, Mexico",23061.37,680.48,28.25,23.3,90.22195954773028,72.86,7.0,NONE
2026-01-01 09:30:00,Facility_A,food & beverage,"Illinois, USA",23036.42,611.03,29.65,29.17,98.11207452501156,67.54,7.68,NONE
2026-01-01 09:45:00,Facility_B,Heavy Manufacturing,"Indiana, USA",25821.67,757.55,30.44,29.08,91.57930599309185,74.31,7.24,NONE
2026-01-01 10:00:00,Facility_A_Line1,Food & Beverage Processing,"Illinois, USA",19525.4,760.21,38.16,146.31,100.0,65.22,7.31,SENSOR_TEMP_SPIKE
2026-01-01 10:15:00,Facility_E,Data Center Cooling,"Nuevo Leon, Mexico",22589.62,771.07,25.88,27.89,91.92239700909174,71.35,7.59,NONE
2026-01-01 10:30:00,Facility_A,Food & Beverage Processing,"Illinois, USA",20088.26,663.6,35.28,28.58,96.10115878028468,76.83,7.12,NONE
2026-01-01 10:45:00,Facility_A,Food & Beverage Processing,"Illinois, USA",17968.11,766.28,34.06,27.75,93.8754476265881,79.75,7.18,NONE
2026-01-01 11:00:00,Facility_D,Pharmaceuticals & Healthcare,"Flanders, Belgium",19947.93,557.5,36.59,29.51,96.14133231676169,77.66,7.72,NONE
2026-01-01 11:15:00,Facility_B,Heavy Mfg.,"Indiana, USA",25855.0,897.28,27.2,27.86,93.08354222602341,74.44,7.52,NONE
2026-01-01 11:30:00,Facility_B,Heavy Manufacturing,"Indiana, USA",23257.77,1015.76,24.27,24.84,97.20595479520021,77.56,7.52,NONE
2026-01-01 11:45:00,Facility_D,Pharmaceuticals & Healthcare,"Flanders, Belgium",20130.44,568.3,33.73,26.9,91.33308252316124,78.39,7.31,NONE
2026-01-01 12:00:00,Facility_C,Refinery & Petrochemicals,"Maharashtra, India",16962.0,752.03,37.23,25.49,90.86889473418742,75.1,7.42,NONE
2026-01-01 12:15:00,Facility_E,DATA_CENTER_COOLING,"Nuevo Leon, Mexico",19816.42,714.67,29.47,23.63,88.99611592199503,70.77,7.29,NONE
2026-01-01 12:30:00,Facility_D,Pharmaceuticals & Healthcare,"Flanders, Belgium",19417.39,652.95,41.1,25.69,93.4391481347114,69.49,7.34,NONE
2026-01-01 12:45:00,Facility_B,Heavy Manufacturing,"Indiana, USA",354.01,2257.14,25.03,26.65,49.47191677038905,73.51,7.46,BROWNOUT_WATER_STALL
2026-01-01 13:00:00,Facility_B,Heavy Mfg.,"Indiana, USA",26005.56,922.61,30.49,25.56,100.0,75.83,7.23,NONE
2026-01-01 13:15:00,Facility_E,Data Center Cooling,"Nuevo Leon, Mexico",25809.44,840.03,36.13,25.01,96.62418920473952,67.46,7.57,NONE
2026-01-01 13:30:00,Facility_D,Pharmaceuticals & Healthcare,"Flanders, Belgium",18364.71,491.9,41.84,21.71,N/A,75.63,7.51,NONE
2026-01-01 13:45:00,Facility_B,Heavy Manufacturing,"Indiana, USA",28793.58,902.32,34.7,25.99,93.07664177938412,73.67,7.27,NONE
2026-01-01 14:00:00,Facility_D,Pharmaceuticals & Healthcare,"Flanders, Belgium",19382.73,506.56,38.93,24.34,94.3820325052397,75.25,6.66,NONE
2026-01-01 14:15:00,Facility_E,Data Center Cooling,"Nuevo Leon, Mexico",18817.92,741.85,28.27,24.74,94.46751452906126,80.82,7.44,NONE
2026-01-01 14:30:00,Facility_A_Line1,Food & Beverage Processing,"Illinois, USA",18539.43,598.98,25.75,25.03,96.8934298051535,80.94,7.12,NONE
2026-01-01 14:45:00,Facility_D,Pharmaceuticals & Healthcare,"Flanders, Belgium",,582.79,46.1,24.07,98.46404113514551,74.76,7.67,NONE
2026-01-01 15:00:00,Facility_A,Food & Beverage Processing,"Illinois, USA",21636.0,724.84,27.21,23.19,98.26494455643034,77.95,7.23,NONE
2026-01-01 15:15:00,Facility_A,Food & Beverage Processing,"Illinois, USA",18471.73,589.59,37.57,25.09,93.06135097266608,74.9,6.74,NONE
2026-01-01 15:30:00,Facility_D,Pharmaceuticals & Healthcare,"Flanders, Belgium",17625.7,644.93,41.62,23.92,93.4529015723682,77.58,7.27,NONE
2026-01-01 15:45:00,Facility_D,Pharmaceuticals & Healthcare,"Flanders, Belgium",14979.63,568.65,39.19,25.19,88.8881735664128,73.45,7.33,NONE
2026-01-01 16:00:00,Facility_B,Heavy Mfg.,"Indiana, USA",22381.85,880.96,31.64,22.51,100.0,72.56,7.22,NONE
2026-01-01 16:15:00,Facility_B,Heavy Manufacturing,"Indiana, USA",24317.89,771.5,26.15,20.33,92.88709496347747,74.26,6.71,NONE
2026-01-01 16:30:00,Fac_D,Pharmaceuticals & Healthcare,"Flanders, Belgium",18489.99,571.4,,24.97,96.22433364672163,71.21,7.14,NONE
2026-01-01 16:45:00,Facility_E,DATA_CENTER_COOLING,"Nuevo Leon, Mexico",22567.31,708.95,23.34,26.99,92.50568235322498,71.18,6.74,NONE
2026-01-01 17:00:00,Facility_E,Data Center Cooling,"Nuevo Leon, Mexico",23255.75,675.9,28.62,24.38,90.38874064728297,74.36,7.78,NONE
2026-01-01 17:15:00,Facility_A,Food & Beverage Processing,"Illinois, USA",13584.08,655.21,27.7,22.24,93.34706919240467,69.22,7.17,NONE
2026-01-01 17:30:00,Facility_E,Data Center Cooling,"Nuevo Leon, Mexico",19142.19,723.69,29.42,24.17,96.87705918894852,76.94,7.11,NONE
2026-01-01 17:45:00,FACILITY_D,Pharmaceuticals & Healthcare,"Flanders, Belgium",18711.6,704.1,41.76,21.72,98.5625221854841,72.25,7.16,NONE
2026-01-01 18:00:00,Facility_D,pharma,"Flanders, Belgium",21854.2,494.48,29.46,24.19,93.58861098117188,74.57,7.25,NONE
2026-01-01 18:15:00,Facility_A,Food & Beverage Processing,"Illinois, USA",18711.71,680.34,28.87,21.82,null,70.27,7.2,NONE
2026-01-01 18:30:00,facility_b,Heavy Manufacturing,"Indiana, USA",18044.46,897.51,30.14,22.38,94.25943803123118,75.23,7.15,NONE
2026-01-01 18:45:00,Facility_E,Data Center Cooling,"Nuevo Leon, Mexico",19751.51,789.62,29.37,26.25,98.6827588973994,78.2,7.14,NONE
2026-01-01 19:00:00,Facility_C,Refinery & Petrochemicals,"Maharashtra, India",17551.53,699.14,36.67,17.7,92.0324183137824,72.62,6.92,NONE
2026-01-01 19:15:00,Facility_B_Unit2,Heavy Manufacturing,"Indiana, USA",28258.83,744.31,29.62,27.72,88.34478204814329,73.33,7.24,NONE
2026-01-01 19:30:00,Facility_C,Refinery & Petrochemicals,"Maharashtra, India",17467.01,836.07,,24.19,91.18531493615605,84.95,6.85,NONE
2026-01-01 19:45:00,FACILITY_D,Pharmaceuticals & Healthcare,"Flanders, Belgium",16399.43,578.66,37.88,23.79,98.55642910424065,73.46,7.38,NONE
2026-01-01 20:00:00,Facility_C,Refinery & Petrochemicals,"Maharashtra, India",17483.85,822.71,34.16,22.46,95.2391460894841,78.66,6.73,NONE
2026-01-01 20:15:00,Facility_C,Refinery & Petrochemicals,"Maharashtra, India",19642.09,756.01,39.48,22.72,97.66336778611935,70.96,6.73,NONE
2026-01-01 20:30:00,Facility_E,Data Center Cooling,"Nuevo Leon, Mexico",23762.63,686.73,21.86,23.36,92.73462826870346,77.7,7.6,NONE
2026-01-01 20:45:00,Facility_C,Refinery & Petrochemicals,"Maharashtra, India",19043.03,708.25,,23.79,95.32059735830285,70.06,7.24,NONE
2026-01-01 21:00:00,Facility_A,Food & Beverage Processing,"Illinois, USA",20440.46,801.93,35.56,23.82,91.94033592345232,75.82,7.04,NONE
2026-01-01 21:15:00,Facility_D,pharma,"Flanders, Belgium",16883.79,654.91,39.19,23.24,96.15324379067286,79.79,7.23,NONE
2026-01-01 21:30:00,Facility_E,Data Center Cooling,"Nuevo Leon, Mexico",20017.8,708.55,32.55,25.82,97.93489062813151,78.54,6.89,NONE
2026-01-01 21:45:00,Facility_C,Refinery & Petrochemicals,"Maharashtra, India",19461.77,694.76,33.35,24.58,96.17380927471969,69.99,6.7,NONE
2026-01-01 22:00:00,Facility_B,Heavy Manufacturing,"Indiana, USA",26348.71,1062.06,27.65,24.58,99.20292357931545,76.66,7.41,NONE
2026-01-01 22:15:00,Facility_A,Food & Beverage Processing,"Illinois, USA",20284.98,730.84,26.71,22.32,99.53784995879755,74.83,7.38,NONE
2026-01-01 22:30:00,Facility_A,Food & Beverage Processing,"Illinois, USA",19054.43,768.69,42.16,25.91,91.61812215579343,73.4,7.65,NONE
2026-01-01 22:45:00,Facility_A,Food & Beverage Processing,"Illinois, USA",17915.82,773.77,21.75,24.8,95.51004804313814,79.72,7.12,NONE
2026-01-01 23:00:00,facility_d,Pharmaceuticals & Healthcare,"Flanders, Belgium",15343.37,554.16,32.77,25.2,93.47870894518005,68.06,7.58,NONE
2026-01-01 23:15:00,Facility_E,data center,"Nuevo Leon, Mexico",20701.93,831.03,20.75,23.89,95.153341787674,70.4,7.3,NONE
2026-01-01 23:30:00,Facility_B,Heavy Manufacturing,"Indiana, USA",25792.16,853.29,25.65,26.25,90.99586014324966,77.03,7.32,NONE
2026-01-01 23:45:00,Facility_E,Data Center Cooling,"Nuevo Leon, Mexico",21492.55,942.74,23.85,28.74,84.990075657442,64.65,7.0,NONE
2026-01-02 00:00:00,FACILITY_A,Food & Beverage Processing,"Illinois, USA",16541.07,727.52,32.72,26.04,93.02039050636012,76.37,7.58,NONE
2026-01-02 00:15:00,Facility_A,Food & Beverage Processing,"Illinois, USA",16196.63,687.2,31.21,27.64,91.02746514472489,73.6,7.36,NONE
2026-01-02 00:30:00,Facility_E,Data Center Cooling,"Nuevo Leon, Mexico",19316.28,695.38,28.91,26.79,95.10152806214602,69.26,7.25,NONE
2026-01-02 00:45:00,FACILITY_B,Heavy Manufacturing,"Indiana, USA",25080.62,908.36,24.55,27.7,94.30881762412123,81.41,7.07,NONE
2026-01-02 01:00:00,Facility_D,Pharmaceuticals & Healthcare,"Flanders, Belgium",17242.67,515.66,30.49,30.71,89.52719606096281,70.33,7.72,NONE
2026-01-02 01:15:00,Facility_A,Food & Beverage Processing,"Illinois, USA",,766.93,25.57,30.03,86.55639140146926,66.11,7.2,NONE
2026-01-02 01:30:00,Facility_E,Hyperscale Cooling,"Nuevo Leon, Mexico",23560.66,747.68,27.09,30.45,100.0,77.03,7.18,NONE
2026-01-02 01:45:00,Facility_E,Data Center Cooling,"Nuevo Leon, Mexico",20041.26,653.37,28.92,25.34,95.2659636969904,83.03,7.55,NONE
2026-01-02 02:00:00,Facility_A,Food & Beverage Processing,"Illinois, USA",18178.54,750.57,38.31,31.33,90.28797474699721,76.3,7.31,NONE
2026-01-02 02:15:00,Facility_D,Pharmaceuticals & Healthcare,"Flanders, Belgium",20530.83,590.83,27.55,28.1,94.13538676126814,67.55,7.51,NONE
2026-01-02 02:30:00,FACILITY_C,Refinery & Petrochemicals,"Maharashtra, India",,714.96,41.13,27.34,95.33669426944536,66.11,7.93,NONE
2026-01-02 02:45:00, Facility_A ,Food & Beverage Processing,"Illinois, USA",18559.01,719.8,32.25,30.23,88.63862405444424,73.98,7.17,NONE
2026-01-02 03:00:00,Facility_B,Heavy Manufacturing,"Indiana, USA",20561.16,922.92,27.02,29.76,94.07550533992979,72.49,7.9,NONE
2026-01-02 03:15:00,Facility_B,Heavy Manufacturing,"Indiana, USA",25643.73,709.13,242.39,30.41,95.20430434998576,69.1,7.61,CHEMICAL_DOSING_BREACH
2026-01-02 03:30:00,Facility_A,Food & Beverage Processing,"Illinois, USA",16213.25,696.87,35.97,29.89,96.11343525668343,76.78,7.71,NONE
2026-01-02 03:45:00,Facility_D,Pharmaceuticals & Healthcare,"Flanders, Belgium",21105.02,543.18,40.16,27.08,93.31470429651908,77.68,7.39,NONE
2026-01-02 04:00:00,Facility_B,Heavy Manufacturing,"Indiana, USA",27172.26,822.09,33.24,29.82,92.01055941630703,77.99,6.96,NONE
2026-01-02 04:15:00,Facility_A,Food & Beverage Processing,"Illinois, USA",20421.17,638.67,36.87,29.62,93.931951106623,75.86,6.81,NONE
2026-01-02 04:30:00,Facility_E,Data Center Cooling,"Nuevo Leon, Mexico",19452.72,828.27,32.14,30.7,89.18171657143833,76.63,7.55,NONE
2026-01-02 04:45:00,Facility_B,Heavy Manufacturing,"Indiana, USA",25935.51,942.75,25.63,29.37,85.54924294692539,78.14,7.44,NONE
2026-01-02 05:00:00,Facility_D,Pharmaceuticals & Healthcare,"Flanders, Belgium",14941.16,468.94,33.83,31.79,ERROR_SENSOR,70.38,7.07,NONE
2026-01-02 05:15:00,Facility_E,DATA_CENTER_COOLING,"Nuevo Leon, Mexico",18439.09,604.97,,28.5,95.68439435666286,73.25,7.12,NONE
2026-01-02 05:30:00,Facility_B_Unit2,Heavy Manufacturing,"Indiana, USA",32938.13,784.23,33.4,33.38,88.47612691949651,74.33,7.21,NONE
2026-01-02 05:45:00,Facility_E,Data Center Cooling,"Nuevo Leon, Mexico",19583.52,791.65,25.88,29.6,,72.32,7.02,NONE
2026-01-02 06:00:00,Facility_B,Heavy Manufacturing,"Indiana, USA",28253.17,928.08,29.94,29.82,91.2433256437447,70.83,8.01,NONE
2026-01-02 06:15:00,Facility_A,Food & Beverage Processing,"Illinois, USA",21430.87,653.1,32.19,29.84,95.36816120370013,76.45,7.65,NONE
2026-01-02 06:30:00,Facility_C,Refinery & Petrochemicals,"Maharashtra, India",16905.39,785.14,28.16,28.2,96.32912267698937,69.72,7.11,NONE
2026-01-02 06:45:00,Facility_E,Data Center Cooling,"Nuevo Leon, Mexico",21079.04,802.11,24.04,24.16,90.71528562514077,79.43,7.45,NONE
2026-01-02 07:00:00,Facility_C,Refinery & Petrochemicals,"Maharashtra, India",21817.95,689.06,28.61,31.2,94.26807276059215,75.37,7.61,NONE
2026-01-02 07:15:00,Facility_A,Food & Beverage Processing,"Illinois, USA",20237.75,741.92,34.5,31.19,96.2438269814957,78.54,7.78,NONE
2026-01-02 07:30:00,FACILITY_C,Refinery & Petrochemicals,"Maharashtra, India",17360.32,814.34,33.94,28.7,91.29347097254283,76.23,7.47,NONE
2026-01-02 07:45:00,FACILITY_C,Refinery & Petrochemicals,"Maharashtra, India",19731.63,759.46,35.51,31.56,88.73394220912222,74.11,7.38,NONE
2026-01-02 08:00:00,Facility_E,Data Center Cooling,"Nuevo Leon, Mexico",23007.37,648.73,34.78,30.35,94.3530577494238,72.19,7.5,NONE
2026-01-02 08:15:00,Facility_B,Heavy Manufacturing,"Indiana, USA",25938.41,941.55,22.45,30.14,94.80723951480776,73.16,7.24,NONE
2026-01-02 08:30:00,Facility_A,Food & Beverage Processing,"Illinois, USA",18424.0,725.45,23.9,31.41,91.96357802337327,74.58,7.45,NONE
2026-01-02 08:45:00,Facility_A,Food & Beverage Processing,"Illinois, USA",18047.57,703.66,22.95,30.83,96.95622080103092,66.35,7.24,NONE
2026-01-02 09:00:00,Facility_C,Refinery & Petrochemicals,"Maharashtra, India",16048.43,763.19,38.22,31.11,97.08993020616592,79.9,7.29,NONE
2026-01-02 09:15:00,Facility_C,Refinery & Petrochemicals,"Maharashtra, India",16235.75,768.1,38.16,26.93,98.81243825103438,78.04,7.29,NONE
2026-01-02 09:30:00,Facility_D,Pharmaceuticals & Healthcare,"Flanders, Belgium",17122.18,530.93,,28.52,96.5416088169044,72.46,7.49,NONE
2026-01-02 09:45:00,Facility_D,Pharmaceuticals & Healthcare,"Flanders, Belgium",18654.03,584.34,36.53,30.0,95.81212825692825,76.07,7.52,NONE
2026-01-02 10:00:00,Facility_B,Heavy Manufacturing,"Indiana, USA",22867.37,867.15,33.75,29.38,90.20170399103513,73.78,7.45,NONE
2026-01-02 10:15:00,Facility_D,Pharmaceuticals & Healthcare,"Flanders, Belgium",17017.67,491.71,36.17,26.94,93.4542750995521,66.84,7.51,NONE
2026-01-02 10:30:00,antwerp_hub_d,Pharmaceuticals & Healthcare,"Flanders, Belgium",17293.5,625.66,36.34,27.99,92.94628838816986,70.9,8.04,NONE
2026-01-02 10:45:00,Facility_E,Data Center Cooling,"Nuevo Leon, Mexico",19844.47,826.76,23.91,28.46,95.03239092458188,73.89,7.19,NONE
2026-01-02 11:00:00,Facility_D,Pharmaceuticals & Healthcare,"Flanders, Belgium",18127.51,546.05,47.59,27.49,95.17964409172464,82.02,7.1,NONE
2026-01-02 11:15:00,pune_fac_c,Refinery & Petrochemicals,"Maharashtra, India",18912.08,756.08,35.14,26.96,91.1579933259833,74.88,7.05,NONE
2026-01-02 11:30:00,Facility_A,Food & Beverage Processing,"Illinois, USA",21548.86,757.44,29.43,26.22,94.3816337995144,70.41,7.86,NONE
2026-01-02 11:45:00,Facility_A,Food & Beverage Processing,"Illinois, USA",20090.37,741.04,34.36,25.72,96.98483194171128,74.52,7.62,NONE
2026-01-02 12:00:00,Facility_B,Heavy Manufacturing,"Indiana, USA",25177.37,950.65,30.19,30.43,92.31753082616886,74.92,7.06,NONE
2026-01-02 12:15:00,Facility_C,refinery,"Maharashtra, India",17631.19,825.07,40.24,31.58,93.19078749880569,69.8,7.56,NONE
2026-01-02 12:30:00,FACILITY_B,Heavy Manufacturing,"Indiana, USA",22299.6,887.4,26.39,116.04,96.99134752692693,73.5,7.61,SENSOR_TEMP_SPIKE
2026-01-02 12:45:00,Facility_D,Pharmaceuticals & Healthcare,"Flanders, Belgium",20680.36,480.13,45.91,25.53,99.19865348149325,66.65,7.19,NONE
2026-01-02 13:00:00,Facility_E,Data Center Cooling,"Nuevo Leon, Mexico",112.89,3254.45,30.74,23.21,49.75086649847755,77.5,7.46,BROWNOUT_WATER_STALL
2026-01-02 13:15:00,facility_d,Pharmaceuticals & Healthcare,"Flanders, Belgium",17178.93,567.55,42.43,26.19,92.31403413732446,77.47,6.55,NONE
2026-01-02 13:30:00,Facility_C,Refinery & Petrochemicals,"Maharashtra, India",21422.34,641.82,33.98,22.95,89.3570192776931,79.22,7.22,NONE
2026-01-02 13:45:00,Facility_A,Food & Beverage Processing,"Illinois, USA",20063.96,709.65,33.5,24.87,89.39442488259658,78.48,7.21,NONE
2026-01-02 14:00:00,Facility_B,Heavy Manufacturing,"Indiana, USA",20972.69,804.04,34.8,26.03,92.38431316989485,72.43,7.26,NONE
2026-01-02 14:15:00,Facility_C,Refinery & Petrochemicals,"Maharashtra, India",23518.87,806.68,37.31,26.13,94.26412530888484,72.83,7.3,NONE
2026-01-02 14:30:00,Facility_A,Food & Beverage Processing,"Illinois, USA",19097.49,710.35,34.56,24.16,95.84444824708986,73.64,7.37,NONE
2026-01-02 14:45:00,Facility_A,Food & Beverage Processing,"Illinois, USA",14644.04,778.33,32.96,25.66,84.23198278978019,83.4,7.31,NONE
2026-01-02 15:00:00,Facility_C,Refinery & Petrochemicals,"Maharashtra, India",21330.65,696.2,38.07,21.78,91.50393932577343,82.61,7.3,NONE
2026-01-02 15:15:00,Facility_A,Food & Beverage Processing,"Illinois, USA",19765.61,775.04,33.58,23.76,94.66787520789192,84.82,7.33,NONE
2026-01-02 15:30:00,Facility_E,Data Center Cooling,"Nuevo Leon, Mexico",21609.18,828.8,,25.46,95.5439367104934,68.86,7.81,NONE
2026-01-02 15:45:00,pune_fac_c,Refinery & Petrochemicals,"Maharashtra, India",16237.13,800.51,,23.06,94.55203971297114,75.45,7.47,NONE
2026-01-02 16:00:00,Facility_E,Hyperscale Cooling,"Nuevo Leon, Mexico",,784.02,27.47,24.77,97.30630556455885,68.48,7.52,NONE
2026-01-02 16:15:00,Facility_D,Pharmaceuticals & Healthcare,"Flanders, Belgium",20294.03,552.07,43.28,22.64,93.90184465110893,73.22,7.35,NONE
2026-01-02 16:30:00,FAC_A,food & beverage,"Illinois, USA",16728.89,610.32,38.2,21.28,90.32754448173982,64.31,7.17,NONE
2026-01-02 16:45:00,Facility_C,Refinery & Petrochemicals,"Maharashtra, India",15837.82,904.58,39.74,21.47,100.0,78.42,7.26,NONE
2026-01-02 17:00:00,Facility_E,DATA_CENTER_COOLING,"Nuevo Leon, Mexico",14771.5,921.82,22.66,19.67,96.77222538243085,84.98,7.74,NONE
2026-01-02 17:15:00,Facility_B,Heavy Manufacturing,"Indiana, USA",27535.19,889.96,32.08,23.94,94.399812556702,74.47,7.33,NONE
2026-01-02 17:30:00,Facility_E,Data Center Cooling,"Nuevo Leon, Mexico",19190.96,728.95,21.39,22.36,90.33650845711706,69.03,7.4,NONE
2026-01-02 17:45:00,Facility_A,Food & Beverage Processing,"Illinois, USA",22480.7,778.48,24.9,20.73,96.51046780156229,69.58,7.29,NONE
2026-01-02 18:00:00,Facility_D,Pharmaceuticals & Healthcare,"Flanders, Belgium",19954.57,513.9,37.94,20.1,91.57562353935612,75.44,6.9,NONE
2026-01-02 18:15:00,facility_c,Refinery & Petrochemicals,"Maharashtra, India",19822.14,775.47,37.82,22.91,97.8652493759163,74.56,7.23,NONE
2026-01-02 18:30:00,Facility_C,Refinery & Petrochemicals,"Maharashtra, India",19103.3,819.21,35.71,22.61,91.25362659901839,71.02,6.96,NONE
2026-01-02 18:45:00,Facility_C,Refinery & Petrochemicals,"Maharashtra, India",22779.71,680.35,32.59,21.28,96.36375800622221,72.67,7.7,NONE
2026-01-02 19:00:00,Facility_B,Heavy Manufacturing,"Indiana, USA",23705.68,863.44,24.99,26.5,89.69968505910556,75.39,7.53,NONE
2026-01-02 19:15:00,Facility_E,Data Center Cooling,"Nuevo Leon, Mexico",22147.74,736.1,27.95,22.79,93.02959359478884,78.34,7.97,NONE
2026-01-02 19:30:00,facility_c,Refinery & Petrochemicals,"Maharashtra, India",17567.49,670.57,35.13,27.45,90.92824138249686,81.38,7.82,NONE
2026-01-02 19:45:00,Facility_A,Food & Beverage Processing,"Illinois, USA",87967.21,753.57,38.34,22.23,33.805019911398425,125.65,7.07,PRESSURE_BURST_SURGE
2026-01-02 20:00:00,Facility_E,Data Center Cooling,"Nuevo Leon, Mexico",19178.11,752.51,25.89,24.3,96.79940132476177,74.49,7.48,NONE
2026-01-02 20:15:00,Facility_E,Data Center Cooling,"Nuevo Leon, Mexico",26462.41,662.05,23.32,24.43,99.72893708004725,72.83,7.83,NONE
2026-01-02 20:30:00,Facility_C,Petrochem / Refining,"Maharashtra, India",19044.87,724.1,31.34,24.46,90.57213098309538,74.37,7.79,NONE
2026-01-02 20:45:00,Facility_E,Data Center Cooling,"Nuevo Leon, Mexico",20323.23,848.55,23.4,22.53,88.99713911611227,74.33,7.57,NONE
2026-01-02 21:00:00,Facility_A,Food & Beverage Processing,"Illinois, USA",19436.8,800.49,28.35,24.08,91.81209816443565,75.63,7.49,NONE
2026-01-02 21:15:00,Facility_E,Data Center Cooling,"Nuevo Leon, Mexico",22574.63,669.71,24.76,22.59,92.73558160682688,74.39,7.55,NONE
2026-01-02 21:30:00,facility_d,Pharmaceuticals & Healthcare,"Flanders, Belgium",16813.93,477.9,46.55,22.03,96.17623591358577,74.14,7.42,NONE
2026-01-02 21:45:00,Fac_E_Cooling,Data Center Cooling,"Nuevo Leon, Mexico",21096.07,721.14,30.45,109.21,97.23216879115773,76.56,7.52,SENSOR_TEMP_SPIKE
2026-01-02 22:00:00,Facility_B_Unit2,Heavy Manufacturing,"Indiana, USA",22113.65,810.35,24.15,26.86,93.66171460990081,74.77,7.29,NONE
2026-01-02 22:15:00,Facility_A,Food & Beverage Processing,"Illinois, USA",19719.72,888.75,30.24,23.56,95.19501802529741,62.63,7.37,NONE
2026-01-02 22:30:00,Facility_E,Data Center Cooling,"Nuevo Leon, Mexico",20158.82,675.58,30.63,25.07,87.7322914960185,71.09,6.54,NONE
2026-01-02 22:45:00,Facility_D,Pharmaceuticals & Healthcare,"Flanders, Belgium",19377.76,585.12,34.17,26.19,89.39600441241113,69.65,7.47,NONE
2026-01-02 23:00:00,Facility_D,Pharmaceuticals & Healthcare,"Flanders, Belgium",17172.06,565.43,35.13,24.73,92.32488250894403,70.82,7.43,NONE
2026-01-02 23:15:00,Facility_D,Pharmaceuticals & Healthcare,"Flanders, Belgium",17308.5,569.89,34.44,22.96,96.41979279762933,76.25,7.99,NONE
2026-01-02 23:30:00,Facility_A,Food & Beverage Processing,"Illinois, USA",16849.79,698.1,30.96,27.76,91.87725473877565,68.73,7.69,NONE
2026-01-02 23:45:00,Facility_C ,Refinery & Petrochemicals,"Maharashtra, India",18111.61,845.27,38.7,26.18,92.94219614388881,72.24,7.35,NONE
2026-01-03 00:00:00,Facility_B,Heavy Manufacturing,"Indiana, USA",28461.12,773.1,28.96,24.49,90.31886005426499,73.86,6.8,NONE
2026-01-03 00:15:00,Facility_D,Pharmaceuticals & Healthcare,"Flanders, Belgium",210.81,2431.16,37.33,28.86,60.700330876741134,63.64,7.23,BROWNOUT_WATER_STALL
2026-01-03 00:30:00,FAC-B,Heavy Manufacturing,"Indiana, USA",23719.35,927.35,25.96,30.31,,71.8,7.95,NONE
2026-01-03 00:45:00,Facility_A,Food & Beverage Processing,"Illinois, USA",17862.85,765.91,32.76,29.62,98.49683582952593,74.14,7.14,NONE
2026-01-03 01:00:00,Facility_C,refinery,"Maharashtra, India",19866.19,724.34,43.96,27.78,92.33097103580126,74.83,6.97,NONE
2026-01-03 01:15:00,Facility_D,Healthcare & Pharma,"Flanders, Belgium",16536.48,637.3,34.74,25.9,N/A,79.34,7.55,NONE
2026-01-03 01:30:00,Facility_B,Heavy Manufacturing,"Indiana, USA",28872.57,776.43,22.53,30.73,92.46742451570516,72.87,7.72,NONE
2026-01-03 01:45:00,Facility_E,Data Center Cooling,"Nuevo Leon, Mexico",22508.37,784.19,37.59,27.11,96.46908840985996,74.26,7.43,NONE
2026-01-03 02:00:00,Facility_C,refinery,"Maharashtra, India",22280.18,816.46,37.76,30.43,92.33215126546277,70.22,7.06,NONE
2026-01-03 02:15:00,pune_fac_c,Refinery & Petrochemicals,"Maharashtra, India",14384.53,936.77,30.87,28.32,92.61419744035545,75.38,7.58,NONE
2026-01-03 02:30:00,Facility_D,Pharmaceuticals & Healthcare,"Flanders, Belgium",111211.8,535.82,36.8,29.44,36.61314800621238,134.68,7.49,PRESSURE_BURST_SURGE
2026-01-03 02:45:00,Facility_B,Heavy Manufacturing,"Indiana, USA",28064.3,867.41,28.63,28.97,93.22514160090307,77.66,7.51,NONE
2026-01-03 03:00:00,Facility_A,Food & Beverage Processing,"Illinois, USA",19333.45,606.62,33.58,30.63,100.0,78.84,6.82,NONE
2026-01-03 03:15:00,Facility_A,Food & Beverage Processing,"Illinois, USA",19444.29,842.15,34.12,30.1,96.38073170852876,71.2,7.48,NONE
2026-01-03 03:30:00,Facility_B,Heavy Manufacturing,"Indiana, USA",25014.85,838.35,31.98,28.01,97.6215439161662,72.1,7.42,NONE
2026-01-03 03:45:00,Facility_A,Food & Beverage Processing,"Illinois, USA",16025.64,764.32,37.58,28.9,89.94728516316928,75.25,7.76,NONE
2026-01-03 04:00:00,Facility_C,Refinery & Petrochemicals,"Maharashtra, India",15551.43,691.04,33.59,28.49,90.88500650685121,64.58,7.51,NONE
2026-01-03 04:15:00,Facility_C,Refinery & Petrochemicals,"Maharashtra, India",19592.25,645.0,41.62,33.11,91.09710224070363,79.25,7.19,NONE
2026-01-03 04:30:00,Facility_D,Pharmaceuticals & Healthcare,"Flanders, Belgium",19125.84,521.45,46.8,29.66,93.90463687303507,70.9,7.87,NONE
2026-01-03 04:45:00,facility_d,Pharmaceuticals & Healthcare,"Flanders, Belgium",22956.86,661.8,41.52,29.16,null,73.97,7.72,NONE
2026-01-03 05:00:00,Facility_D,Pharmaceuticals & Healthcare,"Flanders, Belgium",21225.63,532.06,41.48,31.59,84.62459883867696,77.6,7.23,NONE
2026-01-03 05:15:00,Facility_C,Petrochem / Refining,"Maharashtra, India",16825.22,711.48,34.93,31.29,89.13052152898503,74.85,7.51,NONE
2026-01-03 05:30:00,Facility_C,Refinery & Petrochemicals,"Maharashtra, India",23033.27,693.34,34.03,30.94,97.17170985661313,72.63,7.69,NONE
2026-01-03 05:45:00,Facility_B,Heavy Manufacturing,"Indiana, USA",19794.25,734.72,29.96,27.95,89.7416943143465,71.63,7.57,NONE
2026-01-03 06:00:00,Facility_C,Refinery & Petrochemicals,"Maharashtra, India",14543.56,790.23,39.84,30.15,92.31974326530387,75.81,7.3,NONE
2026-01-03 06:15:00,Facility_B,Heavy Manufacturing,"Indiana, USA",30093.32,746.64,28.28,30.86,92.28894703409134,61.08,7.3,NONE
2026-01-03 06:30:00,Facility_A,Food & Beverage Processing,"Illinois, USA",21343.81,768.48,32.99,28.49,94.76499027986715,71.42,7.45,NONE
2026-01-03 06:45:00,Facility_A,Food & Beverage Processing,"Illinois, USA",19543.87,643.38,27.75,31.06,92.79243809507679,70.22,7.09,NONE
2026-01-03 07:00:00, Facility_A ,Food & Beverage Processing,"Illinois, USA",18560.68,824.81,29.29,30.34,93.82526172060643,68.91,6.86,NONE
2026-01-03 07:15:00,Facility_E,Data Center Cooling,"Nuevo Leon, Mexico",18500.55,768.53,28.87,31.55,93.80959966386918,73.51,7.18,NONE
2026-01-03 07:30:00,Facility_A,Food & Beverage Processing,"Illinois, USA",21307.82,647.46,26.84,31.22,89.2338966059083,84.87,7.37,NONE
2026-01-03 07:45:00,Facility_E,Data Center Cooling,"Nuevo Leon, Mexico",21980.9,689.37,27.18,29.32,91.76612803946034,76.85,7.22,NONE
2026-01-03 08:00:00,Facility_C,Petrochem / Refining,"Maharashtra, India",21125.78,983.93,34.26,30.24,94.71434258292962,82.15,7.33,NONE
2026-01-03 08:15:00,Facility_E,Data Center Cooling,"Nuevo Leon, Mexico",71.8,2672.69,28.26,29.02,55.25005297540663,81.96,7.06,BROWNOUT_WATER_STALL
2026-01-03 08:30:00,Facility_C,Refinery & Petrochemicals,"Maharashtra, India",18413.79,883.83,32.79,28.23,91.9552207290175,69.71,7.38,NONE
2026-01-03 08:45:00,Facility_C,Refinery & Petrochemicals,"Maharashtra, India",22497.54,802.1,34.44,28.98,88.4977894121707,77.97,7.33,NONE
2026-01-03 09:00:00,Facility_A_Line1,Food & Beverage Processing,"Illinois, USA",18845.81,940.67,32.75,27.98,92.13565569214227,79.17,7.38,NONE
2026-01-03 09:15:00,Facility_C,REFINERY_PETRO,"Maharashtra, India",15577.58,848.42,32.69,32.51,96.95615381028688,71.99,7.71,NONE
2026-01-03 09:30:00,Facility_D,PHARMACEUTICALS,"Flanders, Belgium",18871.42,617.52,39.54,27.41,91.44064053658413,78.63,7.26,NONE
2026-01-03 09:45:00,Facility_B,Heavy Manufacturing,"Indiana, USA",24540.79,759.77,30.28,32.43,90.08389467438633,74.11,7.75,NONE
2026-01-03 10:00:00,Facility_D,Pharmaceuticals & Healthcare,"Flanders, Belgium",361.59,2950.97,33.04,29.27,46.58813169286059,78.44,7.68,BROWNOUT_WATER_STALL
2026-01-03 10:15:00,pune_fac_c,Refinery & Petrochemicals,"Maharashtra, India",24677.45,714.42,38.01,28.76,94.47341734257095,82.14,7.45,NONE
2026-01-03 10:30:00,Facility_A,Food & Beverage Processing,"Illinois, USA",18561.07,573.59,30.81,30.38,93.2082588174202,63.92,7.21,NONE
2026-01-03 10:45:00,Facility_E,Data Center Cooling,"Nuevo Leon, Mexico",23613.49,790.94,24.97,26.77,92.18573229087227,71.02,6.78,NONE
2026-01-03 11:00:00,Facility_E,data center,"Nuevo Leon, Mexico",23033.41,844.28,22.12,29.77,93.1703257555289,79.51,7.36,NONE
2026-01-03 11:15:00,FAC-B,Heavy Manufacturing,"Indiana, USA",26209.48,871.28,25.18,-36.62,89.9115819581607,72.19,7.5,SENSOR_TEMP_SPIKE
2026-01-03 11:30:00,FACILITY_E,Data Center Cooling,"Nuevo Leon, Mexico",24583.69,825.94,20.37,27.25,96.79178435422845,68.07,7.55,NONE
2026-01-03 11:45:00,Facility_E,Data Center Cooling,"Nuevo Leon, Mexico",22790.01,659.09,32.0,27.25,95.58122172390806,69.65,7.39,NONE
2026-01-03 12:00:00,Facility_D,Pharmaceuticals & Healthcare,"Flanders, Belgium",14889.37,439.44,,28.48,94.30939780564826,73.71,7.3,NONE
2026-01-03 12:15:00,Facility_E,Data Center Cooling,"Nuevo Leon, Mexico",18713.42,733.36,30.27,25.45,95.90187793227449,74.88,7.44,NONE
2026-01-03 12:30:00,antwerp_hub_d,Healthcare & Pharma,"Flanders, Belgium",,539.03,40.27,25.28,94.58644634822029,71.09,7.1,NONE
2026-01-03 12:45:00,Facility_B,Heavy Manufacturing,"Indiana, USA",26074.3,681.64,27.26,22.83,95.99354890980355,78.73,7.11,NONE
2026-01-03 13:00:00,Facility_B,Heavy Manufacturing,"Indiana, USA",27115.54,915.53,32.29,25.85,95.84977496179678,71.08,7.37,NONE
2026-01-03 13:15:00,Facility_D,Pharmaceuticals & Healthcare,"Flanders, Belgium",17669.75,527.25,37.65,25.84,97.22322805745596,75.19,7.53,NONE
2026-01-03 13:30:00,Facility_C,Refinery & Petrochemicals,"Maharashtra, India",20302.92,985.82,27.9,23.73,98.21697936796186,72.42,7.6,NONE
2026-01-03 13:45:00,Facility_C,Refinery & Petrochemicals,"Maharashtra, India",19346.65,940.57,30.83,26.93,99.098660176872,69.44,7.57,NONE
2026-01-03 14:00:00,Facility_C,Refinery & Petrochemicals,"Maharashtra, India",16645.71,779.34,34.42,20.18,94.85754963107807,74.65,7.76,NONE
2026-01-03 14:15:00,Facility_B,Heavy Manufacturing,"Indiana, USA",27681.37,1032.43,28.95,24.09,92.9100587177053,72.02,6.73,NONE
2026-01-03 14:30:00,Facility_D,Pharmaceuticals & Healthcare,"Flanders, Belgium",18224.38,451.34,39.4,21.83,90.63813560611706,70.99,7.29,NONE
2026-01-03 14:45:00,Facility_E,Hyperscale Cooling,"Nuevo Leon, Mexico",21117.39,831.34,26.07,24.73,100.0,75.7,7.3,NONE
2026-01-03 15:00:00,antwerp_hub_d,Healthcare & Pharma,"Flanders, Belgium",16968.81,557.94,33.78,24.16,93.83134124364605,64.27,7.34,NONE
2026-01-03 15:15:00,Facility_D,Pharmaceuticals & Healthcare,"Flanders, Belgium",21136.33,546.29,34.76,21.01,87.5544254668019,77.74,7.3,NONE
2026-01-03 15:30:00,Facility_A,Food & Beverage Processing,"Illinois, USA",21047.57,822.18,,22.35,93.96357652690418,71.23,7.15,NONE
2026-01-03 15:45:00,Facility_D,Pharmaceuticals & Healthcare,"Flanders, Belgium",19489.06,521.64,28.22,21.58,92.51798032420041,80.85,7.21,NONE
2026-01-03 16:00:00,Facility_C,Petrochem / Refining,"Maharashtra, India",19983.56,763.92,40.65,25.12,97.26376033676775,66.2,7.41,NONE
2026-01-03 16:15:00,Facility_E,Data Center Cooling,"Nuevo Leon, Mexico",23021.63,778.62,31.17,23.02,91.11669053847511,66.36,7.17,NONE
2026-01-03 16:30:00,FACILITY_C,Refinery & Petrochemicals,"Maharashtra, India",,739.26,27.27,24.12,96.23747202778446,79.79,7.48,NONE
2026-01-03 16:45:00,FAC-B,Heavy Manufacturing,"Indiana, USA",28406.97,994.58,25.37,21.01,89.99732307343062,72.8,7.75,NONE
2026-01-03 17:00:00,Facility_B,Heavy Manufacturing,"Indiana, USA",27424.27,881.05,-6.07,21.39,87.62589557484148,79.27,7.79,CHEMICAL_DOSING_BREACH
2026-01-03 17:15:00,FACILITY_E,Data Center Cooling,"Nuevo Leon, Mexico",23073.86,731.01,23.4,-34.78,92.12349876610612,74.22,7.3,SENSOR_TEMP_SPIKE
2026-01-03 17:30:00,Facility_C,Refinery & Petrochemicals,"Maharashtra, India",18486.75,721.54,40.16,20.4,88.28755141256156,79.73,7.88,NONE
2026-01-03 17:45:00,FACILITY_D,Pharmaceuticals & Healthcare,"Flanders, Belgium",17681.0,566.38,32.68,22.52,91.97774315606017,73.54,7.46,NONE
2026-01-03 18:00:00,Facility_B,Heavy Manufacturing,"Indiana, USA",22391.46,809.61,20.92,21.86,93.2010109730656,75.03,7.42,NONE
2026-01-03 18:15:00,facility_c,Petrochem / Refining,"Maharashtra, India",20869.18,657.37,29.26,23.46,86.97532391358267,74.82,7.02,NONE
2026-01-03 18:30:00,Facility_E,Data Center Cooling,"Nuevo Leon, Mexico",25082.37,768.78,27.58,24.74,90.09711357897295,70.07,7.0,NONE
2026-01-03 18:45:00,Facility_A,Food & Beverage Processing,"Illinois, USA",17263.41,717.36,33.57,24.31,87.66088304991763,73.23,7.04,NONE
2026-01-03 19:00:00,Facility_A,Food & Beverage Processing,"Illinois, USA",18788.47,879.43,32.73,24.26,99.77421207091535,79.07,7.22,NONE
2026-01-03 19:15:00,Facility_A,food & beverage,"Illinois, USA",16313.84,710.85,29.12,19.97,94.2709599913263,75.2,7.85,NONE
2026-01-03 19:30:00,Facility_B,Heavy Manufacturing,"Indiana, USA",24670.42,863.53,25.7,24.38,93.10122305219159,68.72,7.35,NONE
2026-01-03 19:45:00,Facility_D,Pharmaceuticals & Healthcare,"Flanders, Belgium",19596.22,583.53,41.89,20.31,90.80322371195219,76.88,7.15,NONE
2026-01-03 20:00:00,Facility_B,Heavy Manufacturing,"Indiana, USA",26534.21,636.74,39.91,22.55,97.32066003196249,72.48,7.47,NONE
2026-01-03 20:15:00,Facility_C,Refinery & Petrochemicals,"Maharashtra, India",22197.6,867.58,34.64,22.93,96.71141299258652,84.5,7.4,NONE
2026-01-03 20:30:00,Facility_B,Heavy Manufacturing,"Indiana, USA",31846.72,819.72,32.5,25.31,92.18812638767112,70.64,7.67,NONE
2026-01-03 20:45:00,Facility_A,food & beverage,"Illinois, USA",18034.27,649.23,28.63,22.53,96.24117473480217,76.32,7.55,NONE
2026-01-03 21:00:00,Facility_A,Food & Beverage Processing,"Illinois, USA",20237.04,670.66,34.43,25.8,95.37041029158179,76.02,7.14,NONE
2026-01-03 21:15:00,Facility_C,Refinery & Petrochemicals,"Maharashtra, India",19305.55,713.27,35.4,20.91,88.2758131104253,73.14,7.2,NONE
2026-01-03 21:30:00,Facility_B,HEAVY_MANUFACTURING,"Indiana, USA",26120.49,828.68,28.63,25.16,92.01753934188534,73.01,7.76,NONE
2026-01-03 21:45:00,Facility_B,Heavy Manufacturing,"Indiana, USA",25799.54,824.95,28.85,23.99,91.22936866254967,69.51,7.14,NONE
2026-01-03 22:00:00,Facility_E,Data Center Cooling,"Nuevo Leon, Mexico",23310.23,702.76,27.85,25.76,92.60914825340487,76.85,6.92,NONE
2026-01-03 22:15:00,Facility_B,Heavy Manufacturing,"Indiana, USA",25379.89,846.63,28.6,21.76,97.34996046857857,70.15,7.44,NONE
2026-01-03 22:30:00,Facility_E,Data Center Cooling,"Nuevo Leon, Mexico",21120.17,825.28,37.69,22.65,91.42347557992801,74.85,7.04,NONE
2026-01-03 22:45:00,Facility_C ,REFINERY_PETRO,"Maharashtra, India",20594.14,842.53,37.85,25.64,97.8830680895033,68.8,7.37,NONE
2026-01-03 23:00:00,Facility_E,Data Center Cooling,"Nuevo Leon, Mexico",19229.35,816.74,20.8,25.41,94.57276379862384,69.74,7.17,NONE
2026-01-03 23:15:00,Facility_A,Food & Beverage Processing,"Illinois, USA",19298.55,781.1,27.16,24.17,97.1018808673291,72.77,7.13,NONE
2026-01-03 23:30:00,Facility_E,Data Center Cooling,"Nuevo Leon, Mexico",22945.03,713.39,32.82,24.78,92.98929740216002,78.25,7.29,NONE
2026-01-03 23:45:00,Facility_C,Refinery & Petrochemicals,"Maharashtra, India",20535.11,771.91,43.82,29.06,89.250091960212,76.35,7.12,NONE
2026-01-04 00:00:00,Facility_C,Refinery & Petrochemicals,"Maharashtra, India",19259.66,782.31,31.07,28.41,94.15056941942105,72.72,7.23,NONE
2026-01-04 00:15:00,Facility_C,Refinery & Petrochemicals,"Maharashtra, India",19142.79,808.7,34.98,21.66,93.55405029197595,67.51,7.29,NONE
2026-01-04 00:30:00,Facility_E,Data Center Cooling,"Nuevo Leon, Mexico",17543.64,643.76,33.69,26.45,92.23068108856987,76.17,7.25,NONE
2026-01-04 00:45:00,Facility_D,Pharmaceuticals & Healthcare,"Flanders, Belgium",23444.74,553.47,39.03,29.03,98.62721032194212,70.66,7.23,NONE
2026-01-04 01:00:00,Facility_E,Data Center Cooling,"Nuevo Leon, Mexico",24327.27,810.75,33.02,25.07,98.45359921255687,70.57,7.4,NONE
2026-01-04 01:15:00,Facility_A,Food & Beverage Processing,"Illinois, USA",18920.37,650.36,25.57,24.65,ERROR_SENSOR,67.14,7.03,NONE
2026-01-04 01:30:00,Facility_D,Pharmaceuticals & Healthcare,"Flanders, Belgium",18229.23,418.85,40.77,23.69,93.25240834773513,74.07,7.5,NONE
2026-01-04 01:45:00,Facility_A,Food & Beverage Processing,"Illinois, USA",124054.39,856.88,32.41,30.17,32.44063928712911,118.77,7.78,PRESSURE_BURST_SURGE
2026-01-04 02:00:00,Facility_D,Pharmaceuticals & Healthcare,"Flanders, Belgium",20230.43,602.67,36.01,27.47,93.82594014483836,80.97,7.0,NONE
2026-01-04 02:15:00,Facility_E,Data Center Cooling,"Nuevo Leon, Mexico",17384.23,762.36,28.71,29.03,94.2806502333072,73.0,7.77,NONE
2026-01-04 02:30:00,Facility_B,Heavy Manufacturing,"Indiana, USA",20835.52,770.41,28.07,25.98,92.93726590581737,81.48,7.36,NONE
2026-01-04 02:45:00,Facility_A_Line1,Food & Beverage Processing,"Illinois, USA",19796.28,623.15,28.91,28.46,92.48331169038005,79.77,7.51,NONE
2026-01-04 03:00:00,Facility_D,Pharmaceuticals & Healthcare,"Flanders, Belgium",16222.35,583.03,39.59,31.38,98.5577301970188,69.43,7.12,NONE
2026-01-04 03:15:00,Facility_B,Heavy Manufacturing,"Indiana, USA",21898.05,820.34,30.46,31.28,93.25695672434392,72.56,7.39,NONE
2026-01-04 03:30:00,Facility_C,Refinery & Petrochemicals,"Maharashtra, India",210.88,3091.14,28.75,30.01,55.931542840645896,74.03,7.3,BROWNOUT_WATER_STALL
2026-01-04 03:45:00,Facility_D,Pharmaceuticals & Healthcare,"Flanders, Belgium",17916.08,536.93,37.15,29.46,89.55714454459253,76.02,7.45,NONE
2026-01-04 04:00:00,Facility_E,Data Center Cooling,"Nuevo Leon, Mexico",21221.44,774.89,26.72,27.05,91.20675241583282,74.71,7.4,NONE
2026-01-04 04:15:00,FACILITY_C,Refinery & Petrochemicals,"Maharashtra, India",18920.49,819.63,33.06,30.14,95.33069689089575,73.62,7.0,NONE
2026-01-04 04:30:00,pune_fac_c,Refinery & Petrochemicals,"Maharashtra, India",16654.77,841.56,41.35,32.31,94.24289903917452,68.59,7.35,NONE
2026-01-04 04:45:00,Facility_B,Heavy Manufacturing,"Indiana, USA",30624.87,891.95,27.63,31.42,89.43793533883006,70.87,7.05,NONE
2026-01-04 05:00:00,Facility_A,Food & Beverage Processing,"Illinois, USA",20348.44,763.92,30.85,28.79,93.43680290068919,71.81,7.13,NONE
2026-01-04 05:15:00, Facility_A ,Food & Beverage Processing,"Illinois, USA",20046.6,658.96,24.92,28.0,88.36956650618896,75.11,7.39,NONE
2026-01-04 05:30:00,Facility_E,Data Center Cooling,"Nuevo Leon, Mexico",21354.52,794.08,184.67,29.4,94.80072792716294,66.89,7.74,CHEMICAL_DOSING_BREACH
2026-01-04 05:45:00,Facility_A,Food & Beverage Processing,"Illinois, USA",16385.5,604.18,31.64,30.88,92.89387625285904,67.07,7.91,NONE
2026-01-04 06:00:00,Facility_E,Data Center Cooling,"Nuevo Leon, Mexico",22490.65,947.57,25.12,32.22,95.99367643966133,72.69,7.75,NONE
2026-01-04 06:15:00,Facility_B,Heavy Manufacturing,"Indiana, USA",24535.34,809.69,13.92,31.23,89.2583682826163,71.52,7.06,NONE
2026-01-04 06:30:00,Facility_D,Pharmaceuticals & Healthcare,"Flanders, Belgium",17896.34,594.26,37.55,31.74,97.55001451387402,72.34,7.22,NONE
2026-01-04 06:45:00,Facility_E,Data Center Cooling,"Nuevo Leon, Mexico",23524.97,827.78,31.61,28.71,94.85249620960514,74.49,7.64,NONE
2026-01-04 07:00:00,FACILITY_E,Data Center Cooling,"Nuevo Leon, Mexico",19649.49,625.0,31.4,25.76,91.15915710753174,69.4,7.06,NONE
2026-01-04 07:15:00,Facility_C,Refinery & Petrochemicals,"Maharashtra, India",17134.76,871.59,38.95,29.83,97.12759510994896,69.22,7.01,NONE
2026-01-04 07:30:00,Facility_D,Pharmaceuticals & Healthcare,"Flanders, Belgium",20658.88,601.98,35.57,28.15,98.1711420001214,66.26,7.18,NONE
2026-01-04 07:45:00,Facility_A,Food & Beverage Processing,"Illinois, USA",19791.37,841.49,33.11,30.95,91.67797215952599,76.56,7.38,NONE
2026-01-04 08:00:00,Facility_D,PHARMACEUTICALS,"Flanders, Belgium",15150.86,614.12,41.58,31.41,93.60664936213057,69.7,6.7,NONE
2026-01-04 08:15:00,Facility_A,Food & Beverage Processing,"Illinois, USA",19626.04,790.14,35.68,31.29,93.26252486864195,78.89,7.61,NONE
2026-01-04 08:30:00,Facility_D,Pharmaceuticals & Healthcare,"Flanders, Belgium",17769.65,607.5,35.25,30.65,89.34282673823658,68.5,7.65,NONE
2026-01-04 08:45:00,FACILITY_A,Food & Beverage Processing,"Illinois, USA",21430.23,758.18,31.87,25.2,93.26039699773924,76.04,7.2,NONE
2026-01-04 09:00:00,Facility_D,Pharmaceuticals & Healthcare,"Flanders, Belgium",17118.54,651.19,37.25,30.15,95.97722067718198,69.49,7.4,NONE
2026-01-04 09:15:00,Facility_E,Data Center Cooling,"Nuevo Leon, Mexico",24441.34,886.44,28.67,28.71,94.3608770180401,75.1,7.74,NONE
2026-01-04 09:30:00,facility_e,Data Center Cooling,"Nuevo Leon, Mexico",18577.14,729.01,23.81,27.11,94.7050368484452,77.64,7.17,NONE
2026-01-04 09:45:00,Facility_B,Heavy Manufacturing,"Indiana, USA",28179.48,933.37,36.63,28.85,91.45275351217877,69.49,7.04,NONE
2026-01-04 10:00:00,Facility_D,Pharmaceuticals & Healthcare,"Flanders, Belgium",21526.36,482.79,42.61,26.94,91.3073401668499,73.32,7.15,NONE
2026-01-04 10:15:00,Facility_B,Heavy Manufacturing,"Indiana, USA",28674.29,992.32,25.74,27.49,92.97737341669152,76.43,7.31,NONE
2026-01-04 10:30:00,Facility_D,Pharmaceuticals & Healthcare,"Flanders, Belgium",21835.17,634.24,32.52,28.97,ERROR_SENSOR,71.77,7.27,NONE
2026-01-04 10:45:00,Facility_B,Heavy Manufacturing,"Indiana, USA",24155.83,797.41,21.49,-32.32,93.74791589995914,80.81,7.18,SENSOR_TEMP_SPIKE
2026-01-04 11:00:00,Facility_A,Food & Beverage Processing,"Illinois, USA",16701.2,594.55,28.02,26.34,87.90815012897579,73.42,7.62,NONE
2026-01-04 11:15:00,Facility_D,Pharmaceuticals & Healthcare,"Flanders, Belgium",15830.39,573.98,39.16,27.13,94.09421628717139,74.89,7.12,NONE
2026-01-04 11:30:00,Facility_D,Pharmaceuticals & Healthcare,"Flanders, Belgium",22085.24,640.0,42.5,28.85,88.46006569781433,78.17,7.53,NONE
2026-01-04 11:45:00,Facility_B,Heavy Manufacturing,"Indiana, USA",21034.77,821.95,29.66,29.76,95.81911634526163,70.11,7.82,NONE
2026-01-04 12:00:00,Fac_E_Cooling,Data Center Cooling,"Nuevo Leon, Mexico",21210.85,730.81,27.13,23.58,93.14873758778835,76.24,7.24,NONE
2026-01-04 12:15:00,Facility_B,Heavy Manufacturing,"Indiana, USA",27091.22,767.39,27.91,26.81,94.10691480660294,66.78,7.23,NONE
2026-01-04 12:30:00,Facility_C,Refinery & Petrochemicals,"Maharashtra, India",22616.79,738.74,35.57,25.82,98.51836722854289,79.81,7.58,NONE
2026-01-04 12:45:00,Facility_D,Pharmaceuticals & Healthcare,"Flanders, Belgium",16532.83,589.44,39.89,24.46,null,81.67,7.27,NONE
2026-01-04 13:00:00,Facility_C ,Refinery & Petrochemicals,"Maharashtra, India",22475.62,854.47,37.21,26.28,89.01865740694154,74.93,7.75,NONE
2026-01-04 13:15:00,Facility_E,Data Center Cooling,"Nuevo Leon, Mexico",22825.15,761.58,35.69,24.88,91.5174218399306,74.69,7.56,NONE
2026-01-04 13:30:00,Facility_A,Food & Beverage Processing,"Illinois, USA",15292.22,733.31,34.9,24.48,97.04228725216845,76.89,7.95,NONE
2026-01-04 13:45:00,Facility_B,Heavy Manufacturing,"Indiana, USA",23467.03,909.78,24.23,21.82,86.98630130298281,76.42,7.4,NONE
2026-01-04 14:00:00,Facility_A,Food & Beverage Processing,"Illinois, USA",18155.64,586.55,28.6,24.51,96.03814197373791,73.93,7.42,NONE
2026-01-04 14:15:00,antwerp_hub_d,Pharmaceuticals & Healthcare,"Flanders, Belgium",17874.1,668.53,33.22,23.02,91.92445416322076,76.44,7.06,NONE
2026-01-04 14:30:00,Facility_E,Data Center Cooling,"Nuevo Leon, Mexico",21443.64,762.37,25.58,24.66,90.27499552404022,68.97,7.38,NONE
2026-01-04 14:45:00,Facility_A_Line1,Food & Beverage Processing,"Illinois, USA",15426.38,560.08,33.74,25.75,92.0062300201839,70.99,7.63,NONE
2026-01-04 15:00:00,Facility_B_Unit2,Heavy Manufacturing,"Indiana, USA",22244.79,725.48,31.47,23.69,96.90760556572876,64.37,6.96,NONE
2026-01-04 15:15:00,Facility_C,Refinery & Petrochemicals,"Maharashtra, India",18859.38,809.45,39.06,23.81,94.02689649714742,72.25,7.8,NONE
2026-01-04 15:30:00,Facility_C,Refinery & Petrochemicals,"Maharashtra, India",16335.01,804.9,31.35,24.29,90.18154377795915,77.35,7.38,NONE
2026-01-04 15:45:00,Facility_A,Food & Beverage Processing,"Illinois, USA",23295.84,692.96,33.28,21.77,92.57874237938786,74.48,6.92,NONE
2026-01-04 16:00:00,Facility_B,Heavy Manufacturing,"Indiana, USA",21402.74,890.39,27.89,21.97,91.14164422266639,70.86,7.38,NONE
2026-01-04 16:15:00,Facility_B,Heavy Manufacturing,"Indiana, USA",27167.3,664.26,34.43,25.33,86.04190475664993,78.89,7.65,NONE
2026-01-04 16:30:00,antwerp_hub_d,Pharmaceuticals & Healthcare,"Flanders, Belgium",168.02,1987.53,41.76,22.37,47.85683929628664,83.99,7.42,BROWNOUT_WATER_STALL
2026-01-04 16:45:00,pune_fac_c,REFINERY_PETRO,"Maharashtra, India",16755.54,699.63,38.23,24.26,92.74921417613628,74.17,6.94,NONE
2026-01-04 17:00:00,Facility_D,Pharmaceuticals & Healthcare,"Flanders, Belgium",18045.84,566.14,48.51,20.63,98.1853671640078,78.49,7.43,NONE
2026-01-04 17:15:00,Facility_B,HEAVY_MANUFACTURING,"Indiana, USA",31232.58,871.26,,22.48,97.4154204237396,78.93,7.17,NONE
2026-01-04 17:30:00,Facility_A,Food & Beverage Processing,"Illinois, USA",16213.48,698.53,28.14,22.42,97.45980203098925,71.94,7.34,NONE
2026-01-04 17:45:00, Facility_A ,Food & Beverage Processing,"Illinois, USA",19397.12,773.49,22.06,21.42,94.17610781529432,79.4,7.21,NONE
2026-01-04 18:00:00,facility_b,Heavy Manufacturing,"Indiana, USA",19982.44,892.06,25.83,20.36,91.50209475291769,73.17,7.18,NONE
2026-01-04 18:15:00,Facility_D,Pharmaceuticals & Healthcare,"Flanders, Belgium",13764.68,620.04,42.85,23.68,89.85940585464058,73.09,7.35,NONE
2026-01-04 18:30:00,Facility_D,Pharmaceuticals & Healthcare,"Flanders, Belgium",20064.06,607.03,34.42,22.68,94.96329729476876,80.55,7.55,NONE
2026-01-04 18:45:00,Facility_E,Data Center Cooling,"Nuevo Leon, Mexico",23097.89,756.29,34.42,23.31,90.74451868744457,80.32,7.55,NONE
2026-01-04 19:00:00,Facility_C,Refinery & Petrochemicals,"Maharashtra, India",17826.06,739.74,36.75,23.47,94.13133525001986,75.4,7.83,NONE
2026-01-04 19:15:00,Facility_B,Mfg Heavy,"Indiana, USA",29106.21,856.01,32.45,20.85,N/A,82.14,7.29,NONE
2026-01-04 19:30:00,FACILITY_C,Refinery & Petrochemicals,"Maharashtra, India",16911.99,726.33,30.92,21.39,92.31437408451191,67.67,7.35,NONE
2026-01-04 19:45:00,Facility_A,FOOD & BEV,"Illinois, USA",21348.67,648.28,37.88,-37.08,96.79785787399699,71.04,7.59,SENSOR_TEMP_SPIKE
2026-01-04 20:00:00,Facility_D,Pharmaceuticals & Healthcare,"Flanders, Belgium",19105.0,600.48,32.56,21.42,95.41113029841082,69.73,7.48,NONE
2026-01-04 20:15:00,Facility_A,Food & Beverage Processing,"Illinois, USA",16102.78,773.47,26.32,24.17,95.5020189876672,70.86,7.51,NONE
2026-01-04 20:30:00,Facility_A,Food & Beverage Processing,"Illinois, USA",19865.03,674.58,27.26,19.79,94.61888015135902,66.96,7.38,NONE
2026-01-04 20:45:00,Facility_A,Food & Beverage Processing,"Illinois, USA",18654.02,761.42,30.23,22.9,95.84198625372255,75.51,7.44,NONE
2026-01-04 21:00:00,Facility_B,Heavy Manufacturing,"Indiana, USA",27242.29,711.01,31.68,24.77,90.24661398855521,72.9,7.34,NONE
2026-01-04 21:15:00,Facility_B,Heavy Manufacturing,"Indiana, USA",25373.76,868.04,34.51,25.81,89.3008985810195,76.8,7.72,NONE
2026-01-04 21:30:00,Facility_C,Refinery & Petrochemicals,"Maharashtra, India",110925.4,861.77,43.95,25.91,50.39232200085612,128.27,7.39,PRESSURE_BURST_SURGE
2026-01-04 21:45:00,Facility_C ,Refinery & Petrochemicals,"Maharashtra, India",18881.0,671.79,33.18,25.54,94.00930862506274,73.07,7.51,NONE
2026-01-04 22:00:00,Facility_B,heavy mfg,"Indiana, USA",21238.15,851.86,33.2,25.49,95.71379142986792,81.19,7.33,NONE
2026-01-04 22:15:00,Facility_A,Food & Beverage Processing,"Illinois, USA",17753.34,797.81,36.42,25.74,92.98681279813617,74.01,6.99,NONE
2026-01-04 22:30:00,Facility_C,REFINERY_PETRO,"Maharashtra, India",21341.41,860.73,29.99,26.53,94.79312529602883,69.4,7.01,NONE
2026-01-04 22:45:00,Facility_E,Data Center Cooling,"Nuevo Leon, Mexico",22045.68,720.17,36.14,26.93,95.01581803754313,76.35,7.72,NONE
2026-01-04 23:00:00,FACILITY_C,refinery,"Maharashtra, India",20739.49,815.83,31.38,30.98,89.96981517661365,72.59,6.89,NONE
2026-01-04 23:15:00,Facility_C,Refinery & Petrochemicals,"Maharashtra, India",20044.27,788.74,38.71,22.59,97.06129813561898,70.37,7.31,NONE
2026-01-04 23:30:00,FAC-B,Heavy Mfg.,"Indiana, USA",28673.03,861.95,,27.42,94.87213004780392,72.47,7.3,NONE
2026-01-04 23:45:00,Facility_D,Pharmaceuticals & Healthcare,"Flanders, Belgium",19194.94,518.04,41.68,26.76,93.7392840573503,79.37,7.32,NONE
2026-01-05 00:00:00,Facility_A,F&B Processing,"Illinois, USA",18841.32,678.45,32.94,27.06,91.3678905583683,73.2,7.17,NONE
2026-01-05 00:15:00,Facility_C,Refinery & Petrochemicals,"Maharashtra, India",17234.53,642.59,34.53,23.7,92.01898980371357,71.24,7.64,NONE
2026-01-05 00:30:00,Facility_E,Data Center Cooling,"Nuevo Leon, Mexico",18530.19,692.91,26.9,25.98,97.88161535175,68.88,7.24,NONE
2026-01-05 00:45:00,Facility_D,Pharmaceuticals & Healthcare,"Flanders, Belgium",19464.91,619.14,35.9,23.83,93.01966649092638,80.08,7.43,NONE
2026-01-05 01:00:00,facility_e,Data Center Cooling,"Nuevo Leon, Mexico",21698.61,670.27,23.6,27.57,88.9355874486995,77.52,7.11,NONE
2026-01-05 01:15:00,Facility_B,Heavy Manufacturing,"Indiana, USA",25713.69,681.6,26.85,25.65,86.0697394645062,76.44,7.81,NONE
2026-01-05 01:30:00,FACILITY_E,Hyperscale Cooling,"Nuevo Leon, Mexico",23959.83,801.13,26.76,29.48,97.41633023543594,74.62,7.02,NONE
2026-01-05 01:45:00,Facility_C,Refinery & Petrochemicals,"Maharashtra, India",17698.77,909.3,35.19,22.28,88.79944491625538,72.09,7.64,NONE
2026-01-05 02:00:00,Facility_A,Food & Beverage Processing,"Illinois, USA",,788.18,29.29,24.96,91.92700429248613,75.55,7.42,NONE
2026-01-05 02:15:00,FAC-B,Heavy Manufacturing,"Indiana, USA",21905.69,810.5,39.78,26.5,95.61431486228399,64.56,7.59,NONE
2026-01-05 02:30:00,facility_a,Food & Beverage Processing,"Illinois, USA",17200.34,741.67,26.08,29.46,90.59231905362739,70.78,7.47,NONE
2026-01-05 02:45:00,FACILITY_C,Petrochem / Refining,"Maharashtra, India",17854.66,806.56,34.7,29.26,94.92427670833088,72.42,7.07,NONE
2026-01-05 03:00:00,antwerp_hub_d,Pharmaceuticals & Healthcare,"Flanders, Belgium",17523.28,637.0,37.99,27.81,94.7849939468407,76.11,7.5,NONE
2026-01-05 03:15:00,Facility_E,Data Center Cooling,"Nuevo Leon, Mexico",18624.12,698.82,25.66,28.86,95.22454139245995,75.33,7.46,NONE
2026-01-05 03:30:00,Facility_B,Heavy Manufacturing,"Indiana, USA",29980.42,897.87,27.9,27.54,91.21344957289321,72.82,7.58,NONE
2026-01-05 03:45:00,Facility_A,Food & Beverage Processing,"Illinois, USA",19199.82,666.21,28.42,29.7,96.34796019909471,81.16,7.29,NONE
2026-01-05 04:00:00,Facility_E,Data Center Cooling,"Nuevo Leon, Mexico",20986.71,658.95,229.25,27.44,97.24931939769776,72.36,7.18,CHEMICAL_DOSING_BREACH
2026-01-05 04:15:00,Facility_D,Pharmaceuticals & Healthcare,"Flanders, Belgium",16225.62,570.21,41.22,28.92,93.50590705673922,74.25,7.21,NONE
2026-01-05 04:30:00,Facility_C,Refinery & Petrochemicals,"Maharashtra, India",21537.27,760.01,28.98,29.65,94.29737174948447,69.98,7.12,NONE
2026-01-05 04:45:00,Facility_D,Pharmaceuticals & Healthcare,"Flanders, Belgium",17491.95,638.49,35.45,32.86,91.53215859792533,75.46,7.23,NONE
2026-01-05 05:00:00,Facility_C,Petrochem / Refining,"Maharashtra, India",20530.65,690.11,38.62,30.57,91.45202618631217,73.25,7.78,NONE
2026-01-05 05:15:00,Facility_D,Pharmaceuticals & Healthcare,"Flanders, Belgium",,529.01,32.44,130.34,94.12670479043419,77.13,6.94,SENSOR_TEMP_SPIKE
2026-01-05 05:30:00,Facility_E,Hyperscale Cooling,"Nuevo Leon, Mexico",21938.96,790.01,24.46,28.7,96.67202770621468,78.67,7.05,NONE
2026-01-05 05:45:00,Facility_B,Heavy Manufacturing,"Indiana, USA",21830.6,830.88,25.14,29.02,89.49558961143234,71.89,7.03,NONE
2026-01-05 06:00:00,Facility_C,Refinery & Petrochemicals,"Maharashtra, India",16352.23,800.19,35.27,31.37,88.22309300688222,74.04,7.93,NONE
2026-01-05 06:15:00,Facility_D,Pharmaceuticals & Healthcare,"Flanders, Belgium",17882.77,615.93,40.93,32.05,94.03331739858343,76.55,7.55,NONE
2026-01-05 06:30:00,Facility_E,Data Center Cooling,"Nuevo Leon, Mexico",22708.95,666.19,21.33,27.67,92.63548802437548,76.67,7.04,NONE
2026-01-05 06:45:00,facility_b,Heavy Manufacturing,"Indiana, USA",28649.5,797.81,26.43,28.92,87.46868365114793,75.03,7.83,NONE
2026-01-05 07:00:00, Facility_A ,Food & Beverage Processing,"Illinois, USA",19118.15,581.05,34.78,27.44,89.63108992963461,72.93,7.38,NONE
2026-01-05 07:15:00,Facility_B,Heavy Mfg.,"Indiana, USA",22668.39,816.71,31.5,31.82,97.50466054980565,82.59,7.58,NONE
2026-01-05 07:30:00,Facility_C,Refinery & Petrochemicals,"Maharashtra, India",18337.34,843.77,37.46,31.11,94.0671001122294,69.9,7.06,NONE
2026-01-05 07:45:00,Facility_A_Line1,Food & Beverage Processing,"Illinois, USA",19038.51,723.62,28.65,30.85,100.0,66.15,7.51,NONE
2026-01-05 08:00:00,Facility_E,Data Center Cooling,"Nuevo Leon, Mexico",20932.95,783.8,26.69,29.7,93.91440144322591,72.64,6.92,NONE
2026-01-05 08:15:00,facility_d,Pharmaceuticals & Healthcare,"Flanders, Belgium",18193.56,488.4,40.24,26.47,96.79169401425885,75.93,7.47,NONE
2026-01-05 08:30:00,facility_d,Pharmaceuticals & Healthcare,"Flanders, Belgium",13857.35,550.3,42.34,28.74,90.05020112011611,71.13,7.33,NONE
2026-01-05 08:45:00,Facility_D,Pharmaceuticals & Healthcare,"Flanders, Belgium",16806.58,639.2,37.23,28.51,89.33570071412615,76.18,7.48,NONE
2026-01-05 09:00:00,Facility_C,Refinery & Petrochemicals,"Maharashtra, India",17037.21,603.24,37.23,28.99,94.57542773736215,82.81,7.34,NONE
2026-01-05 09:15:00,Facility_C,REFINERY_PETRO,"Maharashtra, India",17666.12,687.85,34.19,29.43,93.67058374591603,81.76,7.49,NONE
2026-01-05 09:30:00,Fac_D,Pharmaceuticals & Healthcare,"Flanders, Belgium",18416.2,528.8,38.62,-32.9,94.0754594545213,76.19,7.29,SENSOR_TEMP_SPIKE
2026-01-05 09:45:00,Facility_D,Pharmaceuticals & Healthcare,"Flanders, Belgium",17303.2,591.95,39.3,25.91,97.91548383916819,71.91,7.27,NONE
2026-01-05 10:00:00,Facility_D,Pharmaceuticals & Healthcare,"Flanders, Belgium",16317.08,467.32,42.36,30.82,92.97030991566935,70.94,7.24,NONE
2026-01-05 10:15:00,facility_a,F&B Processing,"Illinois, USA",18454.84,627.45,30.27,28.54,96.758103192476,74.06,6.91,NONE
2026-01-05 10:30:00,Facility_A,Food & Beverage Processing,"Illinois, USA",20080.25,694.75,37.26,30.6,98.18625379925535,71.47,7.91,NONE
2026-01-05 10:45:00,Facility_B,heavy mfg,"Indiana, USA",26876.1,976.62,26.39,27.25,94.37688752855067,74.68,7.7,NONE
2026-01-05 11:00:00,Fac_E_Cooling,Data Center Cooling,"Nuevo Leon, Mexico",20512.25,837.35,31.58,27.15,95.5949651759434,71.87,8.01,NONE
2026-01-05 11:15:00,Fac_D,Pharmaceuticals & Healthcare,"Flanders, Belgium",12734.16,607.29,30.09,26.87,93.22605411369202,80.78,7.16,NONE
2026-01-05 11:30:00,FAC_A,Food & Beverage Processing,"Illinois, USA",22286.55,628.95,37.16,26.17,93.73499046157158,72.49,7.71,NONE
2026-01-05 11:45:00,Facility_E,Data Center Cooling,"Nuevo Leon, Mexico",23854.16,783.26,23.66,25.47,90.2085551183804,63.88,7.7,NONE
2026-01-05 12:00:00,Facility_A,Food & Beverage Processing,"Illinois, USA",18505.22,688.87,37.78,25.64,90.81049300580501,72.99,7.03,NONE
2026-01-05 12:15:00,Facility_D,Pharmaceuticals & Healthcare,"Flanders, Belgium",19492.52,547.74,35.37,25.17,93.16009121970556,74.38,7.2,NONE
2026-01-05 12:30:00,Facility_E,Data Center Cooling,"Nuevo Leon, Mexico",390.83,2436.3,27.73,26.03,55.88397325007404,78.52,7.38,BROWNOUT_WATER_STALL
2026-01-05 12:45:00,Facility_C,REFINERY_PETRO,"Maharashtra, India",17688.69,850.94,31.21,26.57,92.64354850912386,77.81,6.75,NONE
2026-01-05 13:00:00,FAC-B,Heavy Manufacturing,"Indiana, USA",25483.32,789.36,30.32,26.31,91.23559713656951,70.8,7.32,NONE
2026-01-05 13:15:00,Facility_D,Pharmaceuticals & Healthcare,"Flanders, Belgium",16704.89,616.91,35.95,19.98,92.30056941881023,69.33,6.89,NONE
2026-01-05 13:30:00,Facility_E,Hyperscale Cooling,"Nuevo Leon, Mexico",17966.84,758.21,34.08,25.53,91.55918915770964,76.05,7.22,NONE
2026-01-05 13:45:00,FACILITY_A,Food & Beverage Processing,"Illinois, USA",17657.39,630.69,24.14,24.03,94.00577116774443,73.57,7.23,NONE
2026-01-05 14:00:00,Facility_C,Refinery & Petrochemicals,"Maharashtra, India",16690.33,824.26,29.97,25.9,90.29290553943449,70.61,6.94,NONE
2026-01-05 14:15:00,Facility_D,Pharmaceuticals & Healthcare,"Flanders, Belgium",17592.71,624.5,39.67,26.04,95.1708561469886,69.03,7.26,NONE
2026-01-05 14:30:00,Facility_C,Refinery & Petrochemicals,"Maharashtra, India",17064.34,880.39,30.47,25.67,96.35745238434806,82.23,7.24,NONE
2026-01-05 14:45:00,Facility_B,Heavy Manufacturing,"Indiana, USA",27994.49,1031.66,25.91,21.1,,77.21,6.82,NONE
2026-01-05 15:00:00,Facility_D,Pharmaceuticals & Healthcare,"Flanders, Belgium",,593.88,38.28,24.44,94.21132753856273,79.75,7.08,NONE
2026-01-05 15:15:00,Facility_C,Refinery & Petrochemicals,"Maharashtra, India",17297.51,716.96,38.99,25.11,94.94392102181922,79.33,7.02,NONE
2026-01-05 15:30:00,Facility_B,Heavy Manufacturing,"Indiana, USA",30949.73,967.95,31.59,26.53,88.19880573543112,71.64,7.14,NONE
2026-01-05 15:45:00,Facility_C,Refinery & Petrochemicals,"Maharashtra, India",20456.99,695.4,38.68,25.64,95.72464928026879,75.28,7.07,NONE
2026-01-05 16:00:00,Facility_C,Refinery & Petrochemicals,"Maharashtra, India",16913.76,874.1,38.77,22.97,92.16268945354915,64.88,7.05,NONE
2026-01-05 16:15:00,Facility_B,Heavy Manufacturing,"Indiana, USA",225.1,2702.27,29.3,24.73,46.38788171808367,74.83,7.61,BROWNOUT_WATER_STALL
2026-01-05 16:30:00,Facility_B,Heavy Manufacturing,"Indiana, USA",26397.52,772.98,31.14,22.37,90.08356847807687,72.74,7.07,NONE
2026-01-05 16:45:00,Facility_A,Food & Beverage Processing,"Illinois, USA",21659.27,848.58,32.53,22.91,93.9877912539974,79.32,7.67,NONE
2026-01-05 17:00:00,Facility_D,Pharmaceuticals & Healthcare,"Flanders, Belgium",18459.21,583.37,40.24,20.59,97.38034635974546,81.81,7.68,NONE
2026-01-05 17:15:00,Facility_B,Heavy Manufacturing,"Indiana, USA",21935.14,674.52,31.48,21.21,94.41882673319355,80.91,7.17,NONE
2026-01-05 17:30:00,Facility_C,Refinery & Petrochemicals,"Maharashtra, India",17974.01,798.5,30.05,21.17,93.57954401200406,72.65,7.52,NONE
2026-01-05 17:45:00,Facility_C,Refinery & Petrochemicals,"Maharashtra, India",25076.01,784.7,31.96,25.06,88.4157808789753,67.75,7.18,NONE
2026-01-05 18:00:00,monterrey_e,Data Center Cooling,"Nuevo Leon, Mexico",20383.73,703.57,28.37,22.99,96.92067051288043,74.41,7.19,NONE
2026-01-05 18:15:00,FACILITY_B,Heavy Manufacturing,"Indiana, USA",28930.12,771.31,21.64,24.68,97.1539303833951,70.43,7.24,NONE
2026-01-05 18:30:00,Facility_B,Heavy Manufacturing,"Indiana, USA",22952.29,867.44,35.77,23.8,N/A,77.69,7.35,NONE
2026-01-05 18:45:00,Facility_B,Heavy Manufacturing,"Indiana, USA",29142.72,902.58,34.55,21.75,87.93804275345477,78.7,7.45,NONE
2026-01-05 19:00:00,Facility_E,Data Center Cooling,"Nuevo Leon, Mexico",20350.41,731.99,,21.48,90.76942941815574,74.38,7.68,NONE
2026-01-05 19:15:00,Facility_C,Refinery & Petrochemicals,"Maharashtra, India",23974.46,828.08,,26.26,null,70.23,7.05,NONE
2026-01-05 19:30:00,Facility_B,Heavy Manufacturing,"Indiana, USA",28378.27,860.06,29.95,25.12,90.93310530716914,80.15,7.2,NONE
2026-01-05 19:45:00,Facility_A,Food & Beverage Processing,"Illinois, USA",24265.23,755.69,27.63,19.27,96.08855911129284,72.32,7.31,NONE
2026-01-05 20:00:00,Facility_B,Heavy Manufacturing,"Indiana, USA",28161.22,924.87,33.64,20.92,98.06286319879868,71.39,6.72,NONE
2026-01-05 20:15:00,antwerp_hub_d,Pharmaceuticals & Healthcare,"Flanders, Belgium",16071.89,581.41,33.39,23.02,94.58240796009338,73.18,7.21,NONE
2026-01-05 20:30:00,Facility_C,Refinery & Petrochemicals,"Maharashtra, India",16001.38,778.71,26.83,22.09,90.53109085100556,72.92,7.29,NONE
2026-01-05 20:45:00,Facility_E,Data Center Cooling,"Nuevo Leon, Mexico",,868.76,23.81,27.08,91.00625408153142,74.78,7.49,NONE
2026-01-05 21:00:00,FACILITY_D,Pharmaceuticals & Healthcare,"Flanders, Belgium",24210.22,538.14,29.95,26.35,90.83320461185461,72.37,7.04,NONE
2026-01-05 21:15:00,Facility_A,Food & Beverage Processing,"Illinois, USA",18433.83,653.08,34.34,24.01,91.32062348603303,78.48,7.42,NONE
2026-01-05 21:30:00,facility_e,Data Center Cooling,"Nuevo Leon, Mexico",16425.81,818.98,29.28,26.57,93.89653576429646,70.44,7.29,NONE
2026-01-05 21:45:00,Facility_B,Heavy Manufacturing,"Indiana, USA",28277.97,775.26,26.65,23.88,89.8220108473092,70.6,7.4,NONE
2026-01-05 22:00:00,Facility_D,Healthcare & Pharma,"Flanders, Belgium",21420.1,587.05,37.31,23.0,97.00451331750475,75.95,7.15,NONE
2026-01-05 22:15:00,Facility_A,food & beverage,"Illinois, USA",21340.28,752.9,28.08,24.55,91.9231272696226,85.85,7.5,NONE
2026-01-05 22:30:00,Facility_C,refinery,"Maharashtra, India",19248.94,813.73,41.29,24.82,91.61229024682957,77.8,7.3,NONE
2026-01-05 22:45:00,Facility_D,pharma,"Flanders, Belgium",16315.72,497.04,43.92,104.22,91.61338437122431,72.95,7.58,SENSOR_TEMP_SPIKE
2026-01-05 23:00:00,Facility_C,REFINERY_PETRO,"Maharashtra, India",19563.15,870.89,40.29,24.46,97.56135250066681,74.96,7.7,NONE
2026-01-05 23:15:00,Facility_D,Pharmaceuticals & Healthcare,"Flanders, Belgium",20007.66,482.42,44.84,25.81,95.34574023652422,67.95,7.49,NONE
2026-01-05 23:30:00,Facility_A,Food & Beverage Processing,"Illinois, USA",21812.48,850.99,37.38,26.98,88.55799246928517,74.6,7.18,NONE
2026-01-05 23:45:00,Fac_D,Pharmaceuticals & Healthcare,"Flanders, Belgium",19246.83,499.79,36.62,25.31,91.74586766089841,71.58,7.31,NONE
2026-01-06 00:00:00,Facility_B,Heavy Manufacturing,"Indiana, USA",26675.72,630.13,18.52,25.89,92.86713905694204,74.85,7.15,NONE
2026-01-06 00:15:00,Facility_A,Food & Beverage Processing,"Illinois, USA",19284.88,722.02,28.41,28.59,94.06635619665619,76.46,7.37,NONE
2026-01-06 00:30:00,Facility_C,Refinery & Petrochemicals,"Maharashtra, India",23579.7,823.34,33.45,28.5,88.25966426413865,74.54,7.44,NONE
2026-01-06 00:45:00,facility_d,pharma,"Flanders, Belgium",19013.31,550.01,33.25,25.86,93.82663973199163,68.99,7.85,NONE
2026-01-06 01:00:00,Facility_D,Pharmaceuticals & Healthcare,"Flanders, Belgium",12786.8,550.6,37.96,28.45,90.56904087276024,79.1,6.96,NONE
2026-01-06 01:15:00,FAC-B,Heavy Manufacturing,"Indiana, USA",24037.95,892.14,32.87,25.26,100.0,69.96,6.98,NONE
2026-01-06 01:30:00,Facility_D,PHARMACEUTICALS,"Flanders, Belgium",19848.24,549.18,,29.1,88.61265379063101,66.34,7.18,NONE
2026-01-06 01:45:00,Facility_E,Data Center Cooling,"Nuevo Leon, Mexico",23829.25,708.45,35.22,30.43,94.40542779042396,75.53,7.43,NONE
2026-01-06 02:00:00,Facility_C,refinery,"Maharashtra, India",19187.84,748.54,34.45,26.57,86.42786307427143,78.97,7.39,NONE
2026-01-06 02:15:00,Facility_C,Petrochem / Refining,"Maharashtra, India",18841.03,807.96,32.02,26.92,92.59220898022991,80.16,7.02,NONE
2026-01-06 02:30:00,Facility_C,Refinery & Petrochemicals,"Maharashtra, India",12891.83,736.49,40.3,25.82,89.7230924677668,75.19,8.07,NONE
2026-01-06 02:45:00,antwerp_hub_d,Pharmaceuticals & Healthcare,"Flanders, Belgium",15668.08,489.51,38.92,31.31,91.50288412055772,66.7,7.47,NONE
2026-01-06 03:00:00,FACILITY_C,Petrochem / Refining,"Maharashtra, India",20216.07,915.2,38.26,30.82,92.6611355396227,84.99,7.24,NONE
2026-01-06 03:15:00,Facility_E,DATA_CENTER_COOLING,"Nuevo Leon, Mexico",99466.77,885.71,22.31,26.18,32.62260289703257,137.04,7.29,PRESSURE_BURST_SURGE
2026-01-06 03:30:00,Facility_E,Data Center Cooling,"Nuevo Leon, Mexico",22721.85,759.23,28.02,27.33,94.24491757740853,70.59,6.74,NONE
2026-01-06 03:45:00,Facility_E,Data Center Cooling,"Nuevo Leon, Mexico",24124.71,821.88,28.72,30.24,96.9378176406898,75.01,7.6,NONE
2026-01-06 04:00:00,Facility_B,Heavy Manufacturing,"Indiana, USA",24869.35,950.21,29.85,30.31,89.4358045161215,75.29,7.12,NONE
2026-01-06 04:15:00,Facility_E,Data Center Cooling,"Nuevo Leon, Mexico",19483.87,688.85,24.02,33.91,97.76028499836289,82.64,7.01,NONE
2026-01-06 04:30:00,Facility_B,Heavy Manufacturing,"Indiana, USA",26010.52,731.35,25.58,28.54,97.466668820613,72.22,7.65,NONE
2026-01-06 04:45:00,Facility_B,Heavy Manufacturing,"Indiana, USA",27659.63,1033.51,22.29,32.55,97.16861078528233,69.62,7.63,NONE
2026-01-06 05:00:00,Facility_E,Data Center Cooling,"Nuevo Leon, Mexico",21951.12,732.94,25.04,29.07,100.0,74.0,7.57,NONE
2026-01-06 05:15:00,Facility_D,Pharmaceuticals & Healthcare,"Flanders, Belgium",16942.42,524.63,42.04,144.8,92.17131594270313,74.15,7.38,SENSOR_TEMP_SPIKE
2026-01-06 05:30:00,Facility_C,refinery,"Maharashtra, India",20392.33,834.08,31.36,29.95,--,78.03,6.97,NONE
2026-01-06 05:45:00,Facility_A,Food & Beverage Processing,"Illinois, USA",20075.47,571.95,31.7,33.91,90.46674330473924,70.25,7.56,NONE
2026-01-06 06:00:00,Facility_E,Data Center Cooling,"Nuevo Leon, Mexico",17193.63,702.54,31.01,29.36,92.74489604092489,77.35,7.47,NONE
2026-01-06 06:15:00,Facility_C,Petrochem / Refining,"Maharashtra, India",19429.81,750.65,37.05,30.27,94.9649779517625,71.76,7.3,NONE
2026-01-06 06:30:00,Facility_B,Heavy Manufacturing,"Indiana, USA",22726.28,837.06,25.09,28.46,94.32771567313725,74.96,7.57,NONE
2026-01-06 06:45:00,Facility_B,Heavy Manufacturing,"Indiana, USA",24455.75,874.28,30.81,31.22,90.85790821503315,74.67,7.45,NONE
2026-01-06 07:00:00,FACILITY_D,Pharmaceuticals & Healthcare,"Flanders, Belgium",18735.12,450.28,38.17,34.35,92.34787433997765,70.72,7.45,NONE
2026-01-06 07:15:00,Facility_B_Unit2,Heavy Manufacturing,"Indiana, USA",26756.75,940.19,23.22,31.6,95.38935059600469,73.36,7.44,NONE
2026-01-06 07:30:00,Facility_E,Hyperscale Cooling,"Nuevo Leon, Mexico",23706.59,815.42,23.7,31.67,93.29299646389595,74.33,7.37,NONE
2026-01-06 07:45:00,Fac_E_Cooling,data center,"Nuevo Leon, Mexico",20719.58,839.38,28.15,28.07,92.24070446089686,74.8,7.69,NONE
2026-01-06 08:00:00,Facility_E,Data Center Cooling,"Nuevo Leon, Mexico",22627.04,686.21,,30.44,97.58125036159684,73.32,7.5,NONE
2026-01-06 08:15:00,Facility_D,Pharmaceuticals & Healthcare,"Flanders, Belgium",20604.68,638.32,,31.4,92.49172246017885,71.43,7.44,NONE
2026-01-06 08:30:00,Facility_D,Pharmaceuticals & Healthcare,"Flanders, Belgium",20815.07,556.33,41.97,32.29,90.56777305896506,70.23,7.31,NONE
2026-01-06 08:45:00,Facility_C,Refinery & Petrochemicals,"Maharashtra, India",19521.97,736.24,41.18,30.27,93.62623055437037,67.54,6.98,NONE
2026-01-06 09:00:00,Facility_A,Food & Beverage Processing,"Illinois, USA",19912.57,560.95,,29.04,100.0,84.39,7.3,NONE
2026-01-06 09:15:00,Facility_B,Heavy Manufacturing,"Indiana, USA",25460.91,923.63,35.65,26.19,87.783598510865,71.2,7.51,NONE
2026-01-06 09:30:00,Facility_D,Pharmaceuticals & Healthcare,"Flanders, Belgium",19835.12,629.87,32.46,24.77,96.24564542496687,70.27,6.78,NONE
2026-01-06 09:45:00,FACILITY_A,Food & Beverage Processing,"Illinois, USA",19598.32,769.55,30.99,27.9,92.9900408571331,72.33,6.97,NONE
2026-01-06 10:00:00,Facility_D,Pharmaceuticals & Healthcare,"Flanders, Belgium",17113.63,598.66,38.85,28.8,ERROR_SENSOR,73.18,6.74,NONE
2026-01-06 10:15:00,Facility_A,Food & Beverage Processing,"Illinois, USA",19675.56,814.88,25.31,27.21,94.55314169187241,79.64,7.22,NONE
2026-01-06 10:30:00,Facility_C,Refinery & Petrochemicals,"Maharashtra, India",17263.04,624.01,35.93,31.71,null,73.9,7.44,NONE
2026-01-06 10:45:00,Facility_E,Data Center Cooling,"Nuevo Leon, Mexico",21071.92,689.02,31.96,28.19,93.5563624061877,69.61,7.71,NONE
2026-01-06 11:00:00,Facility_C,Refinery & Petrochemicals,"Maharashtra, India",20328.72,734.04,39.71,26.64,90.99758882396468,70.58,6.85,NONE
2026-01-06 11:15:00,Facility_E,data center,"Nuevo Leon, Mexico",22293.95,612.66,194.18,23.54,93.22457698306914,73.32,7.26,CHEMICAL_DOSING_BREACH
2026-01-06 11:30:00,Facility_C,Refinery & Petrochemicals,"Maharashtra, India",19876.12,734.22,36.83,25.43,94.07940077686746,79.86,7.51,NONE
2026-01-06 11:45:00,Facility_C ,Refinery & Petrochemicals,"Maharashtra, India",17895.26,796.98,34.49,26.78,92.45804463312479,73.26,7.41,NONE
2026-01-06 12:00:00,Facility_E,Data Center Cooling,"Nuevo Leon, Mexico",18584.82,673.81,22.67,23.62,89.60469538489447,74.72,7.1,NONE
2026-01-06 12:15:00,Facility_D,Pharmaceuticals & Healthcare,"Flanders, Belgium",19872.72,570.98,29.23,27.42,96.09455566589347,69.53,7.47,NONE
2026-01-06 12:30:00,Facility_B,Heavy Manufacturing,"Indiana, USA",23139.31,848.2,23.19,22.75,92.2749849932385,73.44,7.24,NONE
2026-01-06 12:45:00,Facility_C,Refinery & Petrochemicals,"Maharashtra, India",16151.99,745.93,36.63,25.64,94.08400329791748,70.98,7.68,NONE
2026-01-06 13:00:00,Facility_D,Pharmaceuticals & Healthcare,"Flanders, Belgium",16076.99,596.74,42.46,26.33,92.85192247339255,71.62,7.64,NONE
2026-01-06 13:15:00,Facility_C,Petrochem / Refining,"Maharashtra, India",15612.16,701.62,33.83,27.44,94.71525643533087,69.64,7.26,NONE
2026-01-06 13:30:00,facility_e,Data Center Cooling,"Nuevo Leon, Mexico",19544.53,696.77,32.61,22.5,98.64809873835,77.73,7.66,NONE
2026-01-06 13:45:00,Facility_E,Data Center Cooling,"Nuevo Leon, Mexico",19927.84,738.75,22.48,23.79,95.07969551245809,79.83,7.04,NONE
2026-01-06 14:00:00,Facility_D,PHARMACEUTICALS,"Flanders, Belgium",17897.97,560.39,31.64,25.56,91.18323093842365,73.12,7.22,NONE
2026-01-06 14:15:00,Facility_D,PHARMACEUTICALS,"Flanders, Belgium",16945.92,568.6,36.59,23.61,91.1689228106229,75.44,7.81,NONE
2026-01-06 14:30:00,Facility_E,Data Center Cooling,"Nuevo Leon, Mexico",21454.19,824.71,22.66,24.35,89.98842137929259,67.35,7.14,NONE
2026-01-06 14:45:00,Facility_B,Heavy Manufacturing,"Indiana, USA",29478.69,919.8,29.52,21.1,92.8719019155586,75.36,7.4,NONE
2026-01-06 15:00:00,Facility_C,Refinery & Petrochemicals,"Maharashtra, India",14661.43,707.82,35.23,24.64,86.47239097248017,73.27,7.39,NONE
2026-01-06 15:15:00, Facility_A ,F&B Processing,"Illinois, USA",21226.93,762.4,33.95,22.05,87.39439316120541,72.23,7.63,NONE
2026-01-06 15:30:00,Facility_D,Pharmaceuticals & Healthcare,"Flanders, Belgium",21849.09,609.43,39.3,24.01,91.7204200103655,73.41,7.82,NONE
2026-01-06 15:45:00,Facility_E,Data Center Cooling,"Nuevo Leon, Mexico",18713.44,871.11,27.15,25.56,null,76.64,7.14,NONE
2026-01-06 16:00:00,facility_d,Pharmaceuticals & Healthcare,"Flanders, Belgium",15539.91,581.43,41.74,21.52,88.70314892653312,73.59,7.33,NONE
2026-01-06 16:15:00,Facility_A,Food & Beverage Processing,"Illinois, USA",20530.47,780.71,31.25,26.25,94.21755118251293,72.44,6.9,NONE
2026-01-06 16:30:00,Fac_E_Cooling,data center,"Nuevo Leon, Mexico",20434.95,724.77,32.53,23.64,89.72601881077563,74.78,7.54,NONE
2026-01-06 16:45:00,monterrey_e,Data Center Cooling,"Nuevo Leon, Mexico",24968.98,816.56,31.7,22.82,94.74259841735504,79.62,6.98,NONE
2026-01-06 17:00:00,Facility_A,Food & Beverage Processing,"Illinois, USA",18455.25,657.92,33.09,24.85,91.58968228249256,63.24,7.23,NONE
2026-01-06 17:15:00,Facility_D,Pharmaceuticals & Healthcare,"Flanders, Belgium",20770.92,599.59,39.3,22.07,89.40710164409668,76.32,7.12,NONE
2026-01-06 17:30:00,Facility_B,Heavy Manufacturing,"Indiana, USA",32549.34,887.92,26.06,21.43,93.20257853883652,72.92,7.66,NONE
2026-01-06 17:45:00,Facility_A,Food & Beverage Processing,"Illinois, USA",19693.91,660.83,39.44,22.6,95.96028696310047,71.26,7.45,NONE
2026-01-06 18:00:00,Facility_D,Pharmaceuticals & Healthcare,"Flanders, Belgium",19417.84,461.48,45.96,24.82,92.22897498833284,69.04,7.45,NONE
2026-01-06 18:15:00,Facility_E,DATA_CENTER_COOLING,"Nuevo Leon, Mexico",21319.52,776.68,29.3,23.42,--,76.56,7.06,NONE
2026-01-06 18:30:00,Facility_E,Data Center Cooling,"Nuevo Leon, Mexico",24550.01,873.05,41.74,20.51,94.27722244208088,64.63,7.5,NONE
2026-01-06 18:45:00,Facility_D,Pharmaceuticals & Healthcare,"Flanders, Belgium",17487.59,678.44,34.25,19.54,91.99195602975193,65.11,7.56,NONE
2026-01-06 19:00:00,Facility_C,Refinery & Petrochemicals,"Maharashtra, India",14161.48,779.21,26.77,22.06,98.75881009857451,75.62,7.11,NONE
2026-01-06 19:15:00,facility_b,Heavy Manufacturing,"Indiana, USA",,841.51,30.49,20.25,95.39621527631145,61.83,7.17,NONE
2026-01-06 19:30:00,Facility_C,REFINERY_PETRO,"Maharashtra, India",17723.87,826.21,35.6,20.27,90.34802199738556,74.89,7.33,NONE
2026-01-06 19:45:00,Facility_C,Refinery & Petrochemicals,"Maharashtra, India",17518.62,739.64,38.42,21.98,93.21810801910696,83.76,6.95,NONE
2026-01-06 20:00:00,Facility_B,Heavy Manufacturing,"Indiana, USA",20058.92,905.82,25.65,22.46,91.00029958998043,72.83,7.8,NONE
2026-01-06 20:15:00,Facility_B,Heavy Manufacturing,"Indiana, USA",28272.43,912.43,22.55,21.1,84.41494828964663,70.36,7.62,NONE
2026-01-06 20:30:00,Facility_B,Heavy Manufacturing,"Indiana, USA",27389.85,821.39,28.41,22.09,94.15522842368571,77.45,6.9,NONE
2026-01-06 20:45:00,Facility_D,pharma,"Flanders, Belgium",19392.09,622.06,35.76,24.75,100.0,73.53,7.46,NONE
2026-01-06 21:00:00,Facility_C,refinery,"Maharashtra, India",17159.55,791.08,37.43,24.02,90.23697497693166,74.93,7.76,NONE
2026-01-06 21:15:00,Facility_C,Refinery & Petrochemicals,"Maharashtra, India",19840.58,851.75,34.5,25.21,94.39365708229289,69.72,7.44,NONE
2026-01-06 21:30:00,Facility_B,Heavy Manufacturing,"Indiana, USA",22720.9,786.84,29.3,24.6,89.69445611175318,78.74,7.51,NONE
2026-01-06 21:45:00,Facility_B,Heavy Manufacturing,"Indiana, USA",23609.01,710.84,27.89,23.48,93.86204946256967,72.37,6.79,NONE
2026-01-06 22:00:00,Facility_C,Refinery & Petrochemicals,"Maharashtra, India",17949.63,753.25,38.16,23.24,98.87175895479221,65.4,7.72,NONE
2026-01-06 22:15:00,Facility_A,Food & Beverage Processing,"Illinois, USA",18744.47,774.29,31.84,26.78,92.260441713431,69.06,7.75,NONE
2026-01-06 22:30:00,Facility_C,Refinery & Petrochemicals,"Maharashtra, India",18570.62,794.22,,23.11,95.40557087244562,71.35,7.31,NONE
2026-01-06 22:45:00,facility_e,Data Center Cooling,"Nuevo Leon, Mexico",21283.01,637.48,25.23,27.65,96.33581180347134,73.72,7.42,NONE
2026-01-06 23:00:00,Facility_E,Data Center Cooling,"Nuevo Leon, Mexico",20354.98,851.74,27.66,25.88,97.16729646125461,70.5,7.79,NONE
2026-01-06 23:15:00,Facility_C,Refinery & Petrochemicals,"Maharashtra, India",15369.32,903.62,,25.28,87.45196745221457,71.95,7.06,NONE
2026-01-06 23:30:00,Facility_A,Food & Beverage Processing,"Illinois, USA",17858.39,703.21,35.52,26.35,94.48456529088357,69.07,7.1,NONE
2026-01-06 23:45:00,Facility_C,REFINERY_PETRO,"Maharashtra, India",22890.75,719.87,42.46,25.8,93.50732139565922,78.82,7.71,NONE
2026-01-07 00:00:00,Facility_A,Food & Beverage Processing,"Illinois, USA",19006.85,685.32,31.27,27.11,96.35217179798322,74.02,7.52,NONE
2026-01-07 00:15:00,Facility_B,Heavy Manufacturing,"Indiana, USA",30860.4,872.03,29.81,24.03,85.081663562147,75.75,7.32,NONE
2026-01-07 00:30:00,Facility_B,Heavy Manufacturing,"Indiana, USA",24196.85,860.46,28.25,29.05,93.77555477842873,70.64,7.63,NONE
2026-01-07 00:45:00,Facility_D,Pharmaceuticals & Healthcare,"Flanders, Belgium",18231.26,598.96,35.49,26.11,93.76933833659423,74.06,7.48,NONE
2026-01-07 01:00:00,Facility_D,Pharmaceuticals & Healthcare,"Flanders, Belgium",18115.55,464.51,35.68,28.96,92.54839654642205,72.89,7.63,NONE
2026-01-07 01:15:00,Facility_E,Data Center Cooling,"Nuevo Leon, Mexico",19297.28,634.29,27.83,26.91,90.40801177678959,73.21,7.49,NONE
2026-01-07 01:30:00,FACILITY_E,Data Center Cooling,"Nuevo Leon, Mexico",21076.48,773.02,36.12,27.41,94.39071563086294,71.71,7.11,NONE
2026-01-07 01:45:00,Facility_D,Healthcare & Pharma,"Flanders, Belgium",17405.13,541.76,39.01,32.5,91.20866100391731,72.13,7.33,NONE
2026-01-07 02:00:00,pune_fac_c,Refinery & Petrochemicals,"Maharashtra, India",19721.2,797.48,40.89,24.13,85.86182441537385,71.77,7.66,NONE
2026-01-07 02:15:00,Facility_B,Heavy Manufacturing,"Indiana, USA",20944.63,587.36,30.9,29.16,90.01133309824182,69.57,7.08,NONE
2026-01-07 02:30:00,Facility_E,Data Center Cooling,"Nuevo Leon, Mexico",21379.88,703.03,30.58,23.8,90.75807403159104,68.93,7.28,NONE
2026-01-07 02:45:00,FACILITY_B,Heavy Manufacturing,"Indiana, USA",24124.85,907.02,265.97,29.22,95.28667655427746,82.35,7.22,CHEMICAL_DOSING_BREACH
2026-01-07 03:00:00,Facility_C,Refinery & Petrochemicals,"Maharashtra, India",19560.03,636.84,25.45,30.85,93.48220706032617,79.3,6.97,NONE
2026-01-07 03:15:00,Facility_A,Food & Beverage Processing,"Illinois, USA",20464.78,846.25,33.26,30.01,93.52737945863792,66.93,7.73,NONE
2026-01-07 03:30:00,Facility_C,Refinery & Petrochemicals,"Maharashtra, India",,816.2,28.94,27.55,98.09227967751116,72.44,7.76,NONE
2026-01-07 03:45:00,monterrey_e,Data Center Cooling,"Nuevo Leon, Mexico",20901.92,611.86,32.25,28.76,95.73580420325455,74.11,6.92,NONE
2026-01-07 04:00:00,Facility_D,Pharmaceuticals & Healthcare,"Flanders, Belgium",19088.05,693.97,39.57,29.86,96.94109888626207,74.95,7.41,NONE
2026-01-07 04:15:00,Facility_C,Refinery & Petrochemicals,"Maharashtra, India",16360.76,795.17,39.85,28.58,98.05838662799023,73.59,7.1,NONE
2026-01-07 04:30:00,Facility_C,Refinery & Petrochemicals,"Maharashtra, India",21080.89,754.72,38.69,29.67,93.30855634070431,76.22,7.43,NONE
2026-01-07 04:45:00,Facility_C,Refinery & Petrochemicals,"Maharashtra, India",14318.61,689.88,39.4,30.05,91.82405983113145,67.89,7.05,NONE
2026-01-07 05:00:00,Facility_B,Heavy Manufacturing,"Indiana, USA",19532.94,831.49,25.99,28.62,93.28200503946255,75.64,7.94,NONE
2026-01-07 05:15:00,Facility_A,Food & Beverage Processing,"Illinois, USA",105760.74,795.66,35.59,29.02,37.48521715611871,137.19,7.4,PRESSURE_BURST_SURGE
2026-01-07 05:30:00,Fac_E_Cooling,Data Center Cooling,"Nuevo Leon, Mexico",20747.92,840.38,26.64,29.85,91.6871648152593,68.96,7.58,NONE
2026-01-07 05:45:00,Facility_B_Unit2,Heavy Manufacturing,"Indiana, USA",32554.34,807.89,25.64,29.15,91.32485367167878,81.42,7.15,NONE
2026-01-07 06:00:00,Facility_C,Petrochem / Refining,"Maharashtra, India",17504.74,680.62,36.73,30.38,89.86102791743181,69.98,7.78,NONE
2026-01-07 06:15:00,Facility_E,Data Center Cooling,"Nuevo Leon, Mexico",21182.82,757.63,28.94,33.0,90.15531404057373,72.22,7.3,NONE
2026-01-07 06:30:00,Facility_A,Food & Beverage Processing,"Illinois, USA",15284.4,647.68,,31.83,96.4986140003265,71.35,7.22,NONE
2026-01-07 06:45:00,Facility_B,Heavy Manufacturing,"Indiana, USA",216.05,2239.47,33.11,32.37,--,75.9,7.79,BROWNOUT_WATER_STALL
2026-01-07 07:00:00,Facility_C,Refinery & Petrochemicals,"Maharashtra, India",20953.36,791.91,43.68,32.21,91.40752515735815,74.12,7.34,NONE
2026-01-07 07:15:00,FAC-B,Heavy Manufacturing,"Indiana, USA",20893.48,761.01,26.14,26.62,93.65197909840526,72.88,6.88,NONE
2026-01-07 07:30:00,Facility_E,Data Center Cooling,"Nuevo Leon, Mexico",22123.47,803.69,29.45,29.61,95.39261488560594,77.06,7.44,NONE
2026-01-07 07:45:00, Facility_A ,Food and Beverage,"Illinois, USA",17356.86,732.72,36.52,29.01,100.0,71.63,7.36,NONE
2026-01-07 08:00:00,FAC_A,food & beverage,"Illinois, USA",17708.51,728.92,24.18,28.98,,74.61,7.63,NONE
2026-01-07 08:15:00,FACILITY_B,Heavy Manufacturing,"Indiana, USA",27789.26,640.78,37.08,30.36,91.0152027504224,74.71,7.4,NONE
2026-01-07 08:30:00,Facility_A,Food & Beverage Processing,"Illinois, USA",17721.54,727.11,28.95,28.95,91.30390676558373,67.55,7.39,NONE
2026-01-07 08:45:00,FACILITY_D,Pharmaceuticals & Healthcare,"Flanders, Belgium",20033.75,598.3,40.94,30.09,91.79527840570591,77.78,6.97,NONE
2026-01-07 09:00:00,Facility_D,Pharmaceuticals & Healthcare,"Flanders, Belgium",16695.84,514.14,42.04,31.03,95.05937675854398,78.82,7.1,NONE
2026-01-07 09:15:00,Facility_B,Heavy Manufacturing,"Indiana, USA",26868.83,829.49,32.06,28.93,92.26818275708774,76.43,7.6,NONE
2026-01-07 09:30:00,Facility_E,Data Center Cooling,"Nuevo Leon, Mexico",19407.75,745.42,24.05,24.44,94.14147082052394,76.74,7.42,NONE
2026-01-07 09:45:00,Facility_B,Heavy Manufacturing,"Indiana, USA",,810.53,19.18,31.19,90.02462533722212,79.65,7.61,NONE
2026-01-07 10:00:00,Facility_D,pharma,"Flanders, Belgium",16696.02,504.54,38.97,26.98,93.82795085490626,71.83,6.85,NONE
2026-01-07 10:15:00,Facility_A,Food & Beverage Processing,"Illinois, USA",14107.14,729.16,29.14,27.27,95.72676428510012,79.28,7.27,NONE
2026-01-07 10:30:00,FACILITY_A,Food & Beverage Processing,"Illinois, USA",18475.69,748.66,25.8,28.43,95.2660351098309,77.06,6.81,NONE
2026-01-07 10:45:00,Facility_C,Refinery & Petrochemicals,"Maharashtra, India",17106.92,708.76,35.92,28.65,98.28947330382714,71.77,7.21,NONE
2026-01-07 11:00:00,Facility_A,Food & Beverage Processing,"Illinois, USA",21920.54,734.15,36.82,28.05,89.79722682011753,68.0,6.92,NONE
2026-01-07 11:15:00,Facility_C,Refinery & Petrochemicals,"Maharashtra, India",20322.73,869.35,43.27,28.8,97.22108344811195,71.39,7.03,NONE
2026-01-07 11:30:00,FACILITY_E,Data Center Cooling,"Nuevo Leon, Mexico",23252.4,781.33,28.95,27.72,94.53419354386625,79.78,7.71,NONE
2026-01-07 11:45:00,Facility_B,Heavy Manufacturing,"Indiana, USA",27474.25,911.05,30.66,25.93,95.92100695972205,67.72,7.65,NONE
2026-01-07 12:00:00,Facility_E,Data Center Cooling,"Nuevo Leon, Mexico",18075.47,771.44,24.95,27.5,93.39143927703068,66.82,7.47,NONE
2026-01-07 12:15:00,Facility_D,Healthcare & Pharma,"Flanders, Belgium",17420.83,619.14,37.51,26.95,90.43577934395132,71.35,7.22,NONE
2026-01-07 12:30:00,Facility_A,Food & Beverage Processing,"Illinois, USA",21243.32,832.6,28.12,27.92,86.55703226327775,68.63,7.08,NONE
2026-01-07 12:45:00,Facility_E,Data Center Cooling,"Nuevo Leon, Mexico",,631.23,30.23,101.53,94.71409727233635,77.11,7.42,SENSOR_TEMP_SPIKE
2026-01-07 13:00:00,Facility_A,Food & Beverage Processing,"Illinois, USA",20783.46,708.04,26.51,27.37,91.6148411751004,69.79,7.3,NONE
2026-01-07 13:15:00,Facility_A,Food & Beverage Processing,"Illinois, USA",17152.98,683.24,32.95,-28.88,90.62694378743798,71.81,7.65,SENSOR_TEMP_SPIKE
2026-01-07 13:30:00,Facility_A,Food & Beverage Processing,"Illinois, USA",21990.94,794.59,25.67,26.34,93.33005823456989,71.52,7.4,NONE
2026-01-07 13:45:00,Facility_B,Heavy Manufacturing,"Indiana, USA",28715.24,882.07,24.81,26.07,91.45971986535692,74.98,7.27,NONE
2026-01-07 14:00:00,Facility_D,Pharmaceuticals & Healthcare,"Flanders, Belgium",18227.37,612.6,33.13,28.0,87.67252457825761,71.31,7.45,NONE
2026-01-07 14:15:00,Facility_E,Data Center Cooling,"Nuevo Leon, Mexico",22579.48,742.46,28.26,25.02,92.76057767213543,80.27,7.59,NONE
2026-01-07 14:30:00,Facility_D,Pharmaceuticals & Healthcare,"Flanders, Belgium",20679.61,514.03,37.17,23.52,90.2820755977937,75.62,7.2,NONE
2026-01-07 14:45:00,Facility_C,Refinery & Petrochemicals,"Maharashtra, India",,693.85,,22.25,94.2017674790414,77.56,7.19,NONE
2026-01-07 15:00:00,Facility_A,Food & Beverage Processing,"Illinois, USA",21233.53,625.36,37.6,23.7,91.59148349449958,72.65,7.58,NONE
2026-01-07 15:15:00,Facility_A,Food & Beverage Processing,"Illinois, USA",17912.0,659.57,30.57,21.37,99.3257405054138,71.45,7.58,NONE
2026-01-07 15:30:00,facility_e,Data Center Cooling,"Nuevo Leon, Mexico",21630.38,676.16,28.47,24.74,92.89756372772382,79.37,7.64,NONE
2026-01-07 15:45:00,Facility_C,REFINERY_PETRO,"Maharashtra, India",20903.05,741.28,30.96,22.07,94.1279710101335,76.46,6.74,NONE
2026-01-07 16:00:00,facility_d,Pharmaceuticals & Healthcare,"Flanders, Belgium",18700.78,578.0,36.33,25.36,94.84969623760279,79.9,7.29,NONE
2026-01-07 16:15:00,Facility_A,Food & Beverage Processing,"Illinois, USA",21430.04,829.58,37.01,20.95,92.68823655186438,72.45,7.49,NONE
2026-01-07 16:30:00,Facility_B,Heavy Manufacturing,"Indiana, USA",27914.13,769.53,28.78,19.17,98.11422401856605,71.69,7.37,NONE
2026-01-07 16:45:00,monterrey_e,Data Center Cooling,"Nuevo Leon, Mexico",20315.97,835.95,16.58,22.68,93.16137997600737,71.96,7.83,NONE
2026-01-07 17:00:00,Facility_D,Pharmaceuticals & Healthcare,"Flanders, Belgium",16725.81,612.92,39.0,24.91,91.36499492871198,70.7,7.66,NONE
2026-01-07 17:15:00,facility_c,Refinery & Petrochemicals,"Maharashtra, India",19787.9,656.96,33.23,23.27,96.18084550894909,70.94,6.53,NONE
2026-01-07 17:30:00,Facility_B,Heavy Manufacturing,"Indiana, USA",27409.27,737.49,20.03,17.44,96.10473875263277,74.58,7.29,NONE
2026-01-07 17:45:00,Facility_E,DATA_CENTER_COOLING,"Nuevo Leon, Mexico",24617.01,797.8,35.29,20.0,93.38943800334732,66.72,7.29,NONE
2026-01-07 18:00:00,Facility_D,Pharmaceuticals & Healthcare,"Flanders, Belgium",18160.54,604.65,37.69,23.62,95.75100842604446,83.7,7.26,NONE
2026-01-07 18:15:00,Facility_C,Refinery & Petrochemicals,"Maharashtra, India",16701.0,796.12,32.13,25.18,92.59370227537525,71.45,7.22,NONE
2026-01-07 18:30:00,Facility_B,Heavy Manufacturing,"Indiana, USA",28013.36,826.75,25.8,25.53,90.7602565098824,74.16,7.53,NONE
2026-01-07 18:45:00,Facility_E,Data Center Cooling,"Nuevo Leon, Mexico",,786.02,24.07,24.06,90.41951676185927,77.12,7.66,NONE
2026-01-07 19:00:00,Facility_D,Pharmaceuticals & Healthcare,"Flanders, Belgium",20654.03,583.3,36.53,21.6,98.20731101061473,70.85,7.06,NONE
2026-01-07 19:15:00,Facility_E,Data Center Cooling,"Nuevo Leon, Mexico",22784.71,690.29,,20.11,91.95468851372634,73.63,7.42,NONE
2026-01-07 19:30:00,monterrey_e,data center,"Nuevo Leon, Mexico",23508.71,789.52,27.7,22.45,95.13250390052859,79.73,7.39,NONE
2026-01-07 19:45:00, Facility_A ,Food & Beverage Processing,"Illinois, USA",18178.58,642.21,25.43,24.11,95.34953127564658,76.6,7.31,NONE
2026-01-07 20:00:00,Facility_D,Pharmaceuticals & Healthcare,"Flanders, Belgium",21879.37,541.45,41.51,22.97,91.55327755302612,76.67,7.46,NONE
2026-01-07 20:15:00,monterrey_e,Data Center Cooling,"Nuevo Leon, Mexico",22003.86,756.1,,27.47,97.28962126462775,77.25,7.38,NONE
2026-01-07 20:30:00,Facility_E,Data Center Cooling,"Nuevo Leon, Mexico",,788.85,28.61,22.78,93.2410645194794,59.73,7.41,NONE
2026-01-07 20:45:00,Facility_C,Refinery & Petrochemicals,"Maharashtra, India",17723.42,900.75,35.58,21.35,93.34038350679002,69.29,7.48,NONE
2026-01-07 21:00:00,Facility_A,Food & Beverage Processing,"Illinois, USA",19935.54,781.29,28.18,23.73,89.13193025463477,77.16,7.5,NONE
2026-01-07 21:15:00,Facility_D,Pharmaceuticals & Healthcare,"Flanders, Belgium",19832.72,569.09,39.24,26.75,92.58769837746556,74.62,7.05,NONE
2026-01-07 21:30:00,Facility_D,Pharmaceuticals & Healthcare,"Flanders, Belgium",16768.64,574.57,42.14,23.6,92.7450671062012,72.17,7.2,NONE
2026-01-07 21:45:00,Facility_E,Data Center Cooling,"Nuevo Leon, Mexico",21846.87,637.71,33.88,23.08,95.81009115340206,68.29,7.54,NONE
2026-01-07 22:00:00,Facility_D,Pharmaceuticals & Healthcare,"Flanders, Belgium",20228.38,590.86,33.32,24.95,89.71422020884995,72.86,7.64,NONE
2026-01-07 22:15:00,Facility_E,Data Center Cooling,"Nuevo Leon, Mexico",23117.25,751.14,24.41,25.89,N/A,63.56,7.57,NONE
2026-01-07 22:30:00,Facility_D,Pharmaceuticals & Healthcare,"Flanders, Belgium",18664.57,637.42,32.9,19.25,94.3930683467046,75.31,6.88,NONE
2026-01-07 22:45:00,Facility_B,HEAVY_MANUFACTURING,"Indiana, USA",133.6,1970.91,27.22,26.53,63.98562343511968,64.59,7.3,BROWNOUT_WATER_STALL
2026-01-07 23:00:00,Facility_E,Data Center Cooling,"Nuevo Leon, Mexico",18860.44,710.96,20.55,24.77,93.33401963593631,73.39,7.95,NONE
2026-01-07 23:15:00,Facility_E,Data Center Cooling,"Nuevo Leon, Mexico",25742.38,693.68,19.92,25.54,94.70483244214599,70.13,7.12,NONE
2026-01-07 23:30:00,facility_b,Heavy Manufacturing,"Indiana, USA",30687.69,818.37,31.28,24.3,93.31779053208066,72.49,7.16,NONE
2026-01-07 23:45:00,FAC-B,Heavy Manufacturing,"Indiana, USA",29365.42,723.33,29.76,25.6,94.8274383425148,72.46,7.59,NONE
2026-01-08 00:00:00,Facility_D,Pharmaceuticals & Healthcare,"Flanders, Belgium",16608.16,634.86,37.38,24.11,95.67668945888903,73.11,6.87,NONE
2026-01-08 00:15:00,Facility_E,Data Center Cooling,"Nuevo Leon, Mexico",21941.81,825.49,33.88,26.08,93.96501777704236,74.23,7.77,NONE
2026-01-08 00:30:00,Facility_A,Food & Beverage Processing,"Illinois, USA",17389.51,679.87,,24.41,94.29291897936666,81.21,7.29,NONE
2026-01-08 00:45:00,Facility_A_Line1,Food & Beverage Processing,"Illinois, USA",17224.44,726.32,33.97,27.0,97.99131306225337,70.34,7.27,NONE
2026-01-08 01:00:00,Facility_E,Data Center Cooling,"Nuevo Leon, Mexico",21849.44,779.47,28.7,25.23,100.0,72.94,7.38,NONE
2026-01-08 01:15:00,monterrey_e,Data Center Cooling,"Nuevo Leon, Mexico",,702.26,28.74,26.57,94.82976237271754,72.76,7.43,NONE
2026-01-08 01:30:00,Facility_B,Heavy Mfg.,"Indiana, USA",22551.18,770.37,22.77,26.75,85.26472242016595,72.62,7.2,NONE
2026-01-08 01:45:00,Facility_A_Line1,Food & Beverage Processing,"Illinois, USA",19611.84,716.18,36.78,32.94,97.14012484208203,71.96,7.21,NONE
2026-01-08 02:00:00,Facility_E,Data Center Cooling,"Nuevo Leon, Mexico",23299.45,623.75,27.18,28.07,95.3692207514202,76.76,7.14,NONE
2026-01-08 02:15:00,FACILITY_B,Heavy Manufacturing,"Indiana, USA",24507.6,877.39,25.14,30.89,95.44936074700877,74.77,7.46,NONE
2026-01-08 02:30:00,Facility_D,Pharmaceuticals & Healthcare,"Flanders, Belgium",17670.23,533.36,,29.83,94.14324793826769,72.1,7.56,NONE
2026-01-08 02:45:00,Facility_A,Food & Beverage Processing,"Illinois, USA",,663.57,32.57,27.31,88.10088400020575,73.98,7.17,NONE
2026-01-08 03:00:00,Facility_E,Data Center Cooling,"Nuevo Leon, Mexico",20456.48,677.5,,28.14,92.11760198985341,75.7,6.96,NONE
2026-01-08 03:15:00,Facility_C,Refinery & Petrochemicals,"Maharashtra, India",15549.86,806.6,33.63,27.88,95.43079415343142,70.35,7.27,NONE
2026-01-08 03:30:00,facility_a,Food & Beverage Processing,"Illinois, USA",17191.54,734.64,37.09,26.32,93.86050460400206,77.85,7.23,NONE
2026-01-08 03:45:00,Facility_D,Pharmaceuticals & Healthcare,"Flanders, Belgium",16178.36,592.95,41.71,31.43,94.67090988132745,74.44,7.1,NONE
2026-01-08 04:00:00,Fac_E_Cooling,Data Center Cooling,"Nuevo Leon, Mexico",,810.75,23.72,30.62,95.58903640166331,77.97,7.33,NONE
2026-01-08 04:15:00,Facility_D,Pharmaceuticals & Healthcare,"Flanders, Belgium",16792.66,540.43,33.27,30.0,92.70996673098018,83.65,7.6,NONE
2026-01-08 04:30:00,Facility_C,Refinery & Petrochemicals,"Maharashtra, India",21017.44,813.62,33.96,29.7,92.91161824058682,74.85,7.46,NONE
2026-01-08 04:45:00,Facility_E,Data Center Cooling,"Nuevo Leon, Mexico",21101.79,728.21,26.0,27.78,97.60681332814929,83.92,7.69,NONE
2026-01-08 05:00:00,Facility_E,Data Center Cooling,"Nuevo Leon, Mexico",17912.05,809.03,32.8,29.64,95.0645671668449,71.95,7.78,NONE
2026-01-08 05:15:00,Facility_D,Pharmaceuticals & Healthcare,"Flanders, Belgium",19539.73,516.81,40.31,32.33,94.13402128363481,76.16,7.33,NONE
2026-01-08 05:30:00,facility_b,Heavy Manufacturing,"Indiana, USA",22279.63,827.25,30.7,30.24,96.06244936556669,72.24,7.26,NONE
2026-01-08 05:45:00,Facility_D,Pharmaceuticals & Healthcare,"Flanders, Belgium",20585.93,581.62,,32.35,91.29604570255832,70.73,6.56,NONE
2026-01-08 06:00:00,Facility_C,REFINERY_PETRO,"Maharashtra, India",17575.45,878.69,,28.79,94.90501937884855,63.9,7.21,NONE
2026-01-08 06:15:00,Facility_C,Refinery & Petrochemicals,"Maharashtra, India",21404.48,935.74,36.72,28.82,90.42758803632549,74.65,7.43,NONE
2026-01-08 06:30:00,Facility_D,Pharmaceuticals & Healthcare,"Flanders, Belgium",22892.43,624.24,37.85,29.86,100.0,76.82,7.16,NONE
2026-01-08 06:45:00,Facility_E,Data Center Cooling,"Nuevo Leon, Mexico",20531.25,684.19,18.4,30.99,99.20385349298341,66.66,7.37,NONE
2026-01-08 07:00:00,Facility_E,Data Center Cooling,"Nuevo Leon, Mexico",19310.12,789.11,27.78,27.92,90.36046811536085,70.26,7.73,NONE
2026-01-08 07:15:00,Facility_C ,Refinery & Petrochemicals,"Maharashtra, India",52.58,2935.58,40.66,29.98,55.36411464365042,74.26,7.43,BROWNOUT_WATER_STALL
2026-01-08 07:30:00,facility_d,Pharmaceuticals & Healthcare,"Flanders, Belgium",18891.09,539.88,28.66,33.87,--,75.79,7.33,NONE
2026-01-08 07:45:00,Facility_A,Food & Beverage Processing,"Illinois, USA",17563.73,699.74,24.78,34.19,89.54956160504834,69.36,7.23,NONE
2026-01-08 08:00:00,Facility_A,FOOD & BEV,"Illinois, USA",22240.46,714.03,,32.22,95.83920200571355,76.42,7.55,NONE
2026-01-08 08:15:00,FACILITY_E,Data Center Cooling,"Nuevo Leon, Mexico",27162.52,913.88,25.62,32.75,94.72613820722849,76.25,6.88,NONE
2026-01-08 08:30:00,Facility_A,Food & Beverage Processing,"Illinois, USA",18869.14,655.05,34.98,31.6,86.8616436767478,73.9,7.66,NONE
2026-01-08 08:45:00,FACILITY_E,Data Center Cooling,"Nuevo Leon, Mexico",20627.33,804.68,29.97,30.12,92.63179207018145,68.53,7.04,NONE
2026-01-08 09:00:00, Facility_A ,F&B Processing,"Illinois, USA",20902.71,714.39,30.92,28.57,92.5233956944616,78.71,7.26,NONE
2026-01-08 09:15:00,Facility_E,Data Center Cooling,"Nuevo Leon, Mexico",17704.42,805.77,27.64,29.19,ERROR_SENSOR,73.91,7.43,NONE
2026-01-08 09:30:00,Facility_E,Data Center Cooling,"Nuevo Leon, Mexico",18114.97,733.52,31.06,26.14,94.14270429797027,74.45,7.36,NONE
2026-01-08 09:45:00,Facility_C,Refinery & Petrochemicals,"Maharashtra, India",21170.19,802.99,41.71,26.93,93.93495861509871,74.38,7.05,NONE
2026-01-08 10:00:00,Facility_A,Food & Beverage Processing,"Illinois, USA",21473.53,878.75,31.43,29.41,93.77045912260905,70.79,6.84,NONE
2026-01-08 10:15:00,Facility_E,Data Center Cooling,"Nuevo Leon, Mexico",19312.98,645.6,35.66,28.06,92.39305814704906,78.0,7.04,NONE
2026-01-08 10:30:00,Facility_B,Heavy Manufacturing,"Indiana, USA",23416.71,845.72,32.82,28.93,94.29464045605083,74.35,7.46,NONE
2026-01-08 10:45:00,FAC-B,Heavy Mfg.,"Indiana, USA",26414.08,753.48,28.69,25.85,93.75946413728263,71.84,8.06,NONE
2026-01-08 11:00:00,Facility_B_Unit2,Heavy Manufacturing,"Indiana, USA",25666.53,722.04,27.94,28.47,98.85476462768807,71.35,6.91,NONE
2026-01-08 11:15:00,Facility_C,REFINERY_PETRO,"Maharashtra, India",20672.43,669.73,33.67,26.82,93.27717294943966,77.1,7.16,NONE
2026-01-08 11:30:00,Facility_C,refinery,"Maharashtra, India",18208.58,775.89,36.13,27.2,94.89521848071226,77.8,7.46,NONE
2026-01-08 11:45:00,Facility_A,Food & Beverage Processing,"Illinois, USA",20311.49,600.19,31.71,27.62,95.83261182262544,70.88,7.17,NONE
2026-01-08 12:00:00,Facility_D,Pharmaceuticals & Healthcare,"Flanders, Belgium",17429.41,599.52,41.84,25.77,96.40547940360656,74.56,7.32,NONE
2026-01-08 12:15:00,Facility_C,Refinery & Petrochemicals,"Maharashtra, India",18349.43,835.01,36.87,30.33,90.77288114240856,76.33,7.2,NONE
2026-01-08 12:30:00,Fac_D,Pharmaceuticals & Healthcare,"Flanders, Belgium",16766.34,568.38,38.08,31.23,92.91073338981376,68.91,7.43,NONE
2026-01-08 12:45:00,Fac_E_Cooling,Data Center Cooling,"Nuevo Leon, Mexico",15847.01,743.1,28.57,27.15,96.61559119816911,71.73,7.31,NONE
2026-01-08 13:00:00,Facility_E,Data Center Cooling,"Nuevo Leon, Mexico",19160.18,665.4,29.8,113.84,92.17319391817004,69.52,7.5,SENSOR_TEMP_SPIKE
2026-01-08 13:15:00,FACILITY_D,Pharmaceuticals & Healthcare,"Flanders, Belgium",22765.52,561.89,37.57,25.61,92.0717743512501,73.1,7.45,NONE
2026-01-08 13:30:00,Facility_C,Refinery & Petrochemicals,"Maharashtra, India",21177.58,625.09,33.95,25.35,90.56247646524565,81.79,7.17,NONE
2026-01-08 13:45:00,Facility_A,Food & Beverage Processing,"Illinois, USA",113121.92,752.64,29.02,21.41,35.055047845521706,123.17,7.26,PRESSURE_BURST_SURGE
2026-01-08 14:00:00,Facility_A,Food & Beverage Processing,"Illinois, USA",19873.03,701.91,35.7,28.89,88.03067662339055,79.53,7.38,NONE
2026-01-08 14:15:00,Facility_E,Data Center Cooling,"Nuevo Leon, Mexico",24614.92,804.33,28.76,25.65,92.23870153220865,70.52,7.58,NONE
2026-01-08 14:30:00,antwerp_hub_d,pharma,"Flanders, Belgium",16822.4,605.55,37.63,19.87,91.6619761585186,75.51,7.24,NONE
2026-01-08 14:45:00,FAC-B,Heavy Manufacturing,"Indiana, USA",17908.37,950.94,29.21,24.66,91.98551631302962,76.39,7.86,NONE
2026-01-08 15:00:00,Facility_D,Pharmaceuticals & Healthcare,"Flanders, Belgium",17067.82,663.85,39.17,22.11,100.0,75.76,7.54,NONE
2026-01-08 15:15:00,Facility_E,Data Center Cooling,"Nuevo Leon, Mexico",20418.0,690.28,29.2,26.34,92.5090886010058,73.88,7.76,NONE
2026-01-08 15:30:00,Facility_A,Food & Beverage Processing,"Illinois, USA",18568.78,749.38,35.18,22.97,94.49148029823975,76.97,7.24,NONE
2026-01-08 15:45:00,Facility_B,Heavy Manufacturing,"Indiana, USA",28314.63,794.05,25.66,20.43,91.88892049951662,70.33,7.24,NONE
2026-01-08 16:00:00,Facility_E,DATA_CENTER_COOLING,"Nuevo Leon, Mexico",22649.57,620.57,20.21,21.69,94.9759375794773,75.3,7.14,NONE
2026-01-08 16:15:00,Facility_E,Data Center Cooling,"Nuevo Leon, Mexico",24060.94,700.62,30.44,95.57,90.7199156768203,71.28,7.56,SENSOR_TEMP_SPIKE
2026-01-08 16:30:00,Facility_C,Refinery & Petrochemicals,"Maharashtra, India",19642.64,852.22,,19.9,100.0,75.69,7.49,NONE
2026-01-08 16:45:00,Facility_C,Refinery & Petrochemicals,"Maharashtra, India",17975.63,863.49,277.53,23.81,86.84517349680948,77.05,7.05,CHEMICAL_DOSING_BREACH
2026-01-08 17:00:00,Fac_E_Cooling,Hyperscale Cooling,"Nuevo Leon, Mexico",23183.12,841.83,33.21,21.69,95.41465655618514,66.24,7.16,NONE
2026-01-08 17:15:00,Facility_C,refinery,"Maharashtra, India",21973.34,747.08,27.65,26.2,95.2992009061431,77.44,7.08,NONE
2026-01-08 17:30:00,Facility_C,Refinery & Petrochemicals,"Maharashtra, India",19468.75,797.01,32.05,22.23,88.69850331909434,72.44,7.62,NONE
2026-01-08 17:45:00,Facility_C,Refinery & Petrochemicals,"Maharashtra, India",17139.69,925.2,29.47,22.04,91.3994241164348,73.19,7.73,NONE
2026-01-08 18:00:00,Facility_D,Pharmaceuticals & Healthcare,"Flanders, Belgium",16507.64,543.32,40.25,22.67,94.06055983778882,69.66,7.33,NONE
2026-01-08 18:15:00,pune_fac_c,Refinery & Petrochemicals,"Maharashtra, India",21383.51,651.94,32.57,19.24,95.21832223021997,79.51,7.3,NONE
2026-01-08 18:30:00,Facility_E,Data Center Cooling,"Nuevo Leon, Mexico",18554.02,676.78,27.25,21.99,96.41786169124279,70.99,7.47,NONE
2026-01-08 18:45:00,Facility_C,Refinery & Petrochemicals,"Maharashtra, India",18136.87,719.13,34.11,23.18,96.42778684762145,72.87,7.01,NONE
2026-01-08 19:00:00,Facility_E,Data Center Cooling,"Nuevo Leon, Mexico",23631.28,682.64,29.6,22.59,92.9925757044921,71.81,7.52,NONE
2026-01-08 19:15:00,Facility_C,Refinery & Petrochemicals,"Maharashtra, India",10734.26,865.3,31.67,23.45,94.63608197739177,79.74,7.41,NONE
2026-01-08 19:30:00,Facility_E,Data Center Cooling,"Nuevo Leon, Mexico",19000.7,629.64,27.04,19.28,,72.68,7.16,NONE
2026-01-08 19:45:00,facility_a,Food & Beverage Processing,"Illinois, USA",19359.56,696.17,30.12,18.55,89.35694342180625,76.89,7.58,NONE
2026-01-08 20:00:00,facility_a,FOOD & BEV,"Illinois, USA",15012.56,654.91,36.0,21.74,93.14322948119964,80.49,7.25,NONE
2026-01-08 20:15:00,monterrey_e,Data Center Cooling,"Nuevo Leon, Mexico",19822.05,738.22,36.28,23.98,93.56106120889525,71.64,7.5,NONE
2026-01-08 20:30:00,Facility_D,Pharmaceuticals & Healthcare,"Flanders, Belgium",20200.87,507.94,40.38,23.05,93.57935563081155,70.02,7.24,NONE
2026-01-08 20:45:00,Facility_B,Heavy Manufacturing,"Indiana, USA",22601.92,749.43,156.84,22.85,89.34115945644027,83.8,7.04,CHEMICAL_DOSING_BREACH
2026-01-08 21:00:00,Facility_A,Food & Beverage Processing,"Illinois, USA",21787.46,607.73,33.42,23.22,91.4870184596531,74.89,7.37,NONE
2026-01-08 21:15:00,Facility_D,Pharmaceuticals & Healthcare,"Flanders, Belgium",16893.98,520.19,30.89,24.41,89.48782455327998,74.02,7.52,NONE
2026-01-08 21:30:00,Facility_E,Data Center Cooling,"Nuevo Leon, Mexico",21626.8,695.77,188.82,23.33,89.23068557118403,72.72,7.51,CHEMICAL_DOSING_BREACH
2026-01-08 21:45:00,Facility_C,Refinery & Petrochemicals,"Maharashtra, India",17303.34,727.72,31.11,25.51,93.32962377571455,69.59,7.24,NONE
2026-01-08 22:00:00,Facility_A,Food and Beverage,"Illinois, USA",12163.85,768.47,30.78,20.17,88.83861938776293,72.1,6.98,NONE
2026-01-08 22:15:00,Facility_C,Refinery & Petrochemicals,"Maharashtra, India",20619.37,809.52,37.01,20.04,91.81853307453794,70.86,7.08,NONE
2026-01-08 22:30:00,Facility_A,Food & Beverage Processing,"Illinois, USA",18303.3,632.7,32.4,26.35,95.67722796295575,73.38,7.91,NONE
2026-01-08 22:45:00,Facility_B,Heavy Manufacturing,"Indiana, USA",29317.99,831.47,26.47,27.62,96.72425818484075,67.65,7.65,NONE
2026-01-08 23:00:00,Facility_D,pharma,"Flanders, Belgium",285.55,3187.44,29.19,24.98,45.93928844815335,81.14,7.62,BROWNOUT_WATER_STALL
2026-01-08 23:15:00,Facility_C,Refinery & Petrochemicals,"Maharashtra, India",17510.12,894.75,,25.05,91.89936698529282,73.24,7.81,NONE
2026-01-08 23:30:00,Facility_C,refinery,"Maharashtra, India",18412.88,775.46,33.47,27.96,99.77147921518296,76.03,7.37,NONE
2026-01-08 23:45:00,monterrey_e,Data Center Cooling,"Nuevo Leon, Mexico",21193.13,571.18,31.63,139.6,94.87069456211432,70.8,7.24,SENSOR_TEMP_SPIKE
2026-01-09 00:00:00,facility_b,Heavy Manufacturing,"Indiana, USA",24617.81,1014.94,30.31,24.2,93.08865186159373,71.07,6.74,NONE
2026-01-09 00:15:00,Facility_A,Food and Beverage,"Illinois, USA",22960.27,763.13,33.74,27.06,89.0775437801842,71.82,7.59,NONE
2026-01-09 00:30:00,Facility_C,Refinery & Petrochemicals,"Maharashtra, India",16452.04,580.28,34.55,26.77,93.93380293252707,77.28,7.53,NONE
2026-01-09 00:45:00,Facility_B,Heavy Manufacturing,"Indiana, USA",26590.84,940.42,22.12,28.19,95.50492276267822,68.42,6.93,NONE
2026-01-09 01:00:00,FACILITY_C,Refinery & Petrochemicals,"Maharashtra, India",17141.74,725.6,38.66,26.43,90.75968474150015,71.25,7.66,NONE
2026-01-09 01:15:00,FAC-B,Heavy Manufacturing,"Indiana, USA",,824.94,303.33,30.11,91.10265047486962,79.92,7.41,CHEMICAL_DOSING_BREACH
2026-01-09 01:30:00,Facility_E,Data Center Cooling,"Nuevo Leon, Mexico",20693.82,937.57,24.07,27.39,89.55622003467519,78.29,7.82,NONE
2026-01-09 01:45:00,Facility_C,Refinery & Petrochemicals,"Maharashtra, India",22599.76,872.1,,27.61,88.152256728019,83.16,7.48,NONE
2026-01-09 02:00:00,Facility_D,PHARMACEUTICALS,"Flanders, Belgium",,644.57,33.41,29.23,92.94758677026933,76.87,7.33,NONE
2026-01-09 02:15:00,Facility_E,Data Center Cooling,"Nuevo Leon, Mexico",17426.25,755.67,32.91,28.67,95.98036838908507,69.3,7.34,NONE
2026-01-09 02:30:00,Facility_B,Heavy Manufacturing,"Indiana, USA",23857.27,902.75,28.63,30.18,96.98067336370517,77.11,7.43,NONE
2026-01-09 02:45:00,facility_b,Heavy Mfg.,"Indiana, USA",22700.73,839.77,26.26,28.52,92.3014907175992,69.59,6.8,NONE
2026-01-09 03:00:00,facility_d,Pharmaceuticals & Healthcare,"Flanders, Belgium",17218.16,580.0,31.84,29.36,99.58085895779509,78.6,7.81,NONE
2026-01-09 03:15:00,Facility_B,Heavy Manufacturing,"Indiana, USA",27000.46,938.07,25.46,28.35,84.73475134036009,79.34,7.78,NONE
2026-01-09 03:30:00,Facility_A,Food and Beverage,"Illinois, USA",17984.3,694.89,28.33,30.36,97.09978414497037,66.16,7.46,NONE
2026-01-09 03:45:00,Fac_D,Healthcare & Pharma,"Flanders, Belgium",18097.52,575.45,39.43,29.49,93.1685220691015,73.04,7.62,NONE
2026-01-09 04:00:00,Facility_C,Refinery & Petrochemicals,"Maharashtra, India",19773.08,794.14,30.16,29.28,96.37574131308536,74.17,7.53,NONE
2026-01-09 04:15:00,Facility_D,Pharmaceuticals & Healthcare,"Flanders, Belgium",22687.08,628.1,37.89,29.17,85.32864129262113,73.24,7.26,NONE
2026-01-09 04:30:00,Facility_E,Data Center Cooling,"Nuevo Leon, Mexico",22088.41,738.46,27.15,26.99,90.49210294671978,76.14,7.83,NONE
2026-01-09 04:45:00,Facility_B,Heavy Manufacturing,"Indiana, USA",25488.18,867.54,32.5,28.83,94.67380493851341,70.67,7.59,NONE
2026-01-09 05:00:00,Facility_C,Refinery & Petrochemicals,"Maharashtra, India",19169.06,800.19,32.21,31.64,100.0,69.46,7.25,NONE
2026-01-09 05:15:00,Facility_D,PHARMACEUTICALS,"Flanders, Belgium",19239.26,613.75,35.15,25.32,97.84940638132488,77.42,6.86,NONE
2026-01-09 05:30:00,Facility_A,Food & Beverage Processing,"Illinois, USA",,824.81,37.58,32.16,92.93644021132845,74.37,7.31,NONE
2026-01-09 05:45:00,Facility_B,Heavy Manufacturing,"Indiana, USA",,766.43,25.12,32.31,93.358043342363,80.2,7.16,NONE
2026-01-09 06:00:00,Facility_D,Pharmaceuticals & Healthcare,"Flanders, Belgium",18595.95,516.51,182.64,27.84,91.93957305294411,67.54,7.54,CHEMICAL_DOSING_BREACH
2026-01-09 06:15:00,Facility_C,Refinery & Petrochemicals,"Maharashtra, India",20445.95,642.56,-8.15,34.99,--,71.11,8.14,CHEMICAL_DOSING_BREACH
2026-01-09 06:30:00,Facility_C,Refinery & Petrochemicals,"Maharashtra, India",19232.81,881.52,37.01,29.57,90.45621001475854,72.46,7.07,NONE
2026-01-09 06:45:00,Facility_C,Petrochem / Refining,"Maharashtra, India",18935.05,733.16,29.23,32.68,91.90744792502707,68.29,7.3,NONE
2026-01-09 07:00:00,Facility_A,Food & Beverage Processing,"Illinois, USA",19421.04,588.48,32.89,28.48,98.97529218941052,76.36,7.24,NONE
2026-01-09 07:15:00,Facility_C,REFINERY_PETRO,"Maharashtra, India",17143.49,768.84,38.07,30.24,92.80509181716207,74.26,7.18,NONE
2026-01-09 07:30:00,Facility_B,Heavy Manufacturing,"Indiana, USA",24727.85,664.79,32.59,30.73,91.02494129909303,82.54,7.37,NONE
2026-01-09 07:45:00,Facility_D,Pharmaceuticals & Healthcare,"Flanders, Belgium",16391.53,617.75,39.17,30.8,92.13758206511491,76.03,7.28,NONE
2026-01-09 08:00:00,Facility_C,Refinery & Petrochemicals,"Maharashtra, India",20083.01,628.99,33.68,33.06,91.04538414271904,71.28,7.22,NONE
2026-01-09 08:15:00,Facility_B,Heavy Manufacturing,"Indiana, USA",22030.42,654.5,27.53,30.07,93.33198378067631,73.35,7.36,NONE
2026-01-09 08:30:00,facility_a,Food & Beverage Processing,"Illinois, USA",21627.36,699.42,29.09,29.17,95.35390963122168,80.35,7.17,NONE
2026-01-09 08:45:00,Facility_C,Refinery & Petrochemicals,"Maharashtra, India",19050.52,803.29,31.33,29.54,88.8098436565053,66.04,7.45,NONE
2026-01-09 09:00:00,Facility_A,FOOD & BEV,"Illinois, USA",18375.65,727.42,31.42,27.57,93.35518623371412,68.45,7.74,NONE
2026-01-09 09:15:00,Facility_C,Refinery & Petrochemicals,"Maharashtra, India",15763.54,761.79,31.12,30.16,92.4394196118992,71.67,7.59,NONE
2026-01-09 09:30:00,pune_fac_c,Refinery & Petrochemicals,"Maharashtra, India",18893.49,817.14,31.38,26.41,93.84306547852843,72.57,7.53,NONE
2026-01-09 09:45:00,Facility_C,Refinery & Petrochemicals,"Maharashtra, India",18646.47,792.93,28.68,32.12,92.9744256478975,77.14,7.12,NONE
2026-01-09 10:00:00,facility_b,Heavy Mfg.,"Indiana, USA",26743.23,730.56,30.4,27.86,93.59340961259382,77.14,7.0,NONE
2026-01-09 10:15:00,Facility_A,Food & Beverage Processing,"Illinois, USA",17680.76,745.61,40.31,28.02,95.39163557735658,73.52,7.89,NONE
2026-01-09 10:30:00,Facility_A,Food & Beverage Processing,"Illinois, USA",15224.19,719.75,24.67,23.52,94.45187856997701,74.63,7.27,NONE
2026-01-09 10:45:00,Facility_A,Food & Beverage Processing,"Illinois, USA",19017.53,933.91,30.42,28.7,91.42203257723558,75.33,7.28,NONE
2026-01-09 11:00:00,Facility_E,Data Center Cooling,"Nuevo Leon, Mexico",20060.57,886.42,33.44,27.78,86.1265218049793,72.38,8.11,NONE
2026-01-09 11:15:00,Facility_D,Healthcare & Pharma,"Flanders, Belgium",,631.77,43.56,27.67,90.80617077802191,63.04,7.54,NONE
2026-01-09 11:30:00,facility_c,Refinery & Petrochemicals,"Maharashtra, India",16986.27,790.69,30.25,26.54,93.60790097568336,75.21,7.04,NONE
2026-01-09 11:45:00,FAC-B,Heavy Manufacturing,"Indiana, USA",29494.2,789.86,21.47,26.57,93.61000098888468,74.72,7.73,NONE
2026-01-09 12:00:00,Facility_E,Data Center Cooling,"Nuevo Leon, Mexico",20501.31,741.03,23.87,27.98,94.08978900504994,72.11,6.82,NONE
2026-01-09 12:15:00,Facility_C,REFINERY_PETRO,"Maharashtra, India",22090.27,681.61,33.02,26.88,89.6710146284266,67.28,6.76,NONE
2026-01-09 12:30:00,Facility_D,Pharmaceuticals & Healthcare,"Flanders, Belgium",20338.56,537.98,49.79,24.19,90.55135672502745,71.46,7.42,NONE
2026-01-09 12:45:00,facility_d,PHARMACEUTICALS,"Flanders, Belgium",17662.79,603.84,33.39,23.23,87.74571283389085,63.99,7.2,NONE
2026-01-09 13:00:00,Facility_E,DATA_CENTER_COOLING,"Nuevo Leon, Mexico",20337.92,702.64,33.72,27.68,92.4286304401776,65.93,7.19,NONE
2026-01-09 13:15:00,Facility_E,data center,"Nuevo Leon, Mexico",19581.25,700.71,25.57,24.04,92.26306682912717,71.14,7.41,NONE
2026-01-09 13:30:00,Facility_C,Refinery & Petrochemicals,"Maharashtra, India",19641.16,706.24,,23.21,N/A,75.71,7.12,NONE
2026-01-09 13:45:00,Facility_C,Refinery & Petrochemicals,"Maharashtra, India",19552.87,590.23,41.35,25.94,88.6984750426784,67.35,7.82,NONE
2026-01-09 14:00:00,Facility_D,Pharmaceuticals & Healthcare,"Flanders, Belgium",114027.73,521.53,27.98,23.87,47.96839010829121,134.52,6.96,PRESSURE_BURST_SURGE
2026-01-09 14:15:00,Facility_C,Refinery & Petrochemicals,"Maharashtra, India",15392.31,856.44,33.26,19.78,94.50158817451145,83.41,7.34,NONE
2026-01-09 14:30:00,Facility_A,Food & Beverage Processing,"Illinois, USA",14663.42,664.88,30.73,146.32,85.29534730246435,73.56,7.13,SENSOR_TEMP_SPIKE
2026-01-09 14:45:00,pune_fac_c,Refinery & Petrochemicals,"Maharashtra, India",22831.94,767.75,35.89,20.89,90.17146782329188,78.9,7.41,NONE
2026-01-09 15:00:00,Facility_A,Food & Beverage Processing,"Illinois, USA",18341.83,747.66,33.62,27.26,94.02181230043385,69.22,7.32,NONE
2026-01-09 15:15:00,Facility_C,Refinery & Petrochemicals,"Maharashtra, India",20199.64,854.36,28.72,23.95,90.62878423200603,71.45,7.59,NONE
2026-01-09 15:30:00,Facility_E,data center,"Nuevo Leon, Mexico",22989.5,699.14,27.84,22.36,100.0,75.25,7.11,NONE
2026-01-09 15:45:00,FACILITY_B,Heavy Manufacturing,"Indiana, USA",29881.84,954.03,36.03,26.93,95.76468762517162,72.43,7.29,NONE
2026-01-09 16:00:00,Facility_E,Data Center Cooling,"Nuevo Leon, Mexico",20360.47,719.72,33.71,23.04,96.60854996741186,77.04,7.04,NONE
2026-01-09 16:15:00,Facility_A,Food & Beverage Processing,"Illinois, USA",15293.64,624.83,29.71,23.15,91.42543895249797,77.16,7.2,NONE
2026-01-09 16:30:00,Facility_E,Data Center Cooling,"Nuevo Leon, Mexico",21750.62,758.82,35.78,21.05,100.0,71.33,6.97,NONE
2026-01-09 16:45:00,Facility_B,HEAVY_MANUFACTURING,"Indiana, USA",25118.69,1112.17,32.26,23.8,96.04459795725286,70.54,7.44,NONE
2026-01-09 17:00:00,Facility_A_Line1,Food & Beverage Processing,"Illinois, USA",19268.78,841.99,31.04,132.36,89.7726419284188,74.63,7.43,SENSOR_TEMP_SPIKE
2026-01-09 17:15:00,Facility_C,Refinery & Petrochemicals,"Maharashtra, India",16112.32,855.74,40.59,22.75,90.18363237077729,70.26,7.84,NONE
2026-01-09 17:30:00,Facility_B,HEAVY_MANUFACTURING,"Indiana, USA",26302.16,986.68,30.59,23.89,96.50391557196211,68.5,7.44,NONE
2026-01-09 17:45:00,Facility_B,Heavy Manufacturing,"Indiana, USA",21961.74,816.07,31.19,20.66,95.28987943848855,67.26,7.67,NONE
2026-01-09 18:00:00,Facility_A,Food & Beverage Processing,"Illinois, USA",17727.11,639.77,25.47,21.46,,71.53,7.66,NONE
2026-01-09 18:15:00,Facility_B,Heavy Manufacturing,"Indiana, USA",25205.98,741.09,29.45,22.76,99.7611518802743,77.56,7.44,NONE
2026-01-09 18:30:00, Facility_A ,Food & Beverage Processing,"Illinois, USA",21355.12,703.42,31.18,25.52,88.266147114188,78.36,7.32,NONE
2026-01-09 18:45:00,facility_c,Refinery & Petrochemicals,"Maharashtra, India",18168.46,734.04,36.15,22.5,92.17295236247371,70.84,6.82,NONE
2026-01-09 19:00:00,Facility_A,F&B Processing,"Illinois, USA",17589.88,676.47,32.14,26.17,91.52894018075706,69.39,7.15,NONE
2026-01-09 19:15:00,Facility_B,Heavy Manufacturing,"Indiana, USA",26264.57,889.45,31.56,24.2,96.60153788035832,72.75,7.92,NONE
2026-01-09 19:30:00,Facility_D,Pharmaceuticals & Healthcare,"Flanders, Belgium",107297.36,575.22,42.94,23.82,40.90068614398576,141.13,7.59,PRESSURE_BURST_SURGE
2026-01-09 19:45:00,Facility_A_Line1,Food & Beverage Processing,"Illinois, USA",16157.49,737.33,37.8,23.05,96.78202276439227,85.89,7.52,NONE
2026-01-09 20:00:00,Facility_A,Food & Beverage Processing,"Illinois, USA",19377.03,764.51,29.97,27.33,94.07622732062714,72.77,7.12,NONE
2026-01-09 20:15:00,Facility_D,Pharmaceuticals & Healthcare,"Flanders, Belgium",21183.66,618.34,35.41,24.21,88.67262090171886,74.83,7.48,NONE
2026-01-09 20:30:00,Facility_D,Pharmaceuticals & Healthcare,"Flanders, Belgium",22554.14,525.14,32.13,21.71,89.22298079899225,80.01,7.78,NONE
2026-01-09 20:45:00,FACILITY_D,Pharmaceuticals & Healthcare,"Flanders, Belgium",19438.3,638.49,,23.32,92.43427961902796,72.6,6.92,NONE
2026-01-09 21:00:00,Facility_A,FOOD & BEV,"Illinois, USA",19873.84,710.12,34.63,23.84,92.97934815497891,70.08,7.37,NONE
2026-01-09 21:15:00,Facility_A,Food & Beverage Processing,"Illinois, USA",20969.48,631.48,31.87,24.28,91.20219269242155,71.35,7.41,NONE
2026-01-09 21:30:00,Facility_D,Pharmaceuticals & Healthcare,"Flanders, Belgium",16173.02,588.91,33.74,25.98,100.0,70.13,7.5,NONE
2026-01-09 21:45:00,Facility_A,Food & Beverage Processing,"Illinois, USA",17583.09,787.22,26.19,25.14,90.70643530595407,73.07,7.06,NONE
2026-01-09 22:00:00,FAC_A,Food & Beverage Processing,"Illinois, USA",21163.91,653.32,33.82,23.88,93.13368841024364,74.66,7.14,NONE
2026-01-09 22:15:00,Facility_C,Refinery & Petrochemicals,"Maharashtra, India",19302.27,895.91,32.23,26.84,98.2939124271609,70.33,6.94,NONE
2026-01-09 22:30:00,Facility_E,Data Center Cooling,"Nuevo Leon, Mexico",21864.56,708.94,36.35,25.03,90.93296189428743,68.84,7.66,NONE
2026-01-09 22:45:00,Facility_D,Pharmaceuticals & Healthcare,"Flanders, Belgium",17435.96,571.49,,24.34,93.35302774803148,73.93,7.54,NONE
2026-01-09 23:00:00,Facility_C,Refinery & Petrochemicals,"Maharashtra, India",50.25,2963.41,35.77,24.8,63.737068601820305,75.16,7.88,BROWNOUT_WATER_STALL
2026-01-09 23:15:00,Facility_C,refinery,"Maharashtra, India",16830.47,739.01,32.91,24.43,92.39732308564918,75.42,7.19,NONE
2026-01-09 23:30:00,Facility_A,FOOD & BEV,"Illinois, USA",18246.88,758.72,25.27,-32.64,88.13698873888288,74.49,6.81,SENSOR_TEMP_SPIKE
2026-01-09 23:45:00,Facility_D,Pharmaceuticals & Healthcare,"Flanders, Belgium",20718.21,548.31,44.69,27.52,87.34859486254732,67.96,7.24,NONE
2026-01-10 00:00:00,Fac_E_Cooling,Hyperscale Cooling,"Nuevo Leon, Mexico",26767.51,679.58,24.59,29.25,94.1237030568396,78.74,7.15,NONE
2026-01-10 00:15:00,Facility_B,Heavy Manufacturing,"Indiana, USA",25475.46,950.51,27.89,28.78,94.73925536139049,69.32,7.35,NONE
2026-01-10 00:30:00,Facility_E,Data Center Cooling,"Nuevo Leon, Mexico",23584.86,800.21,28.33,23.62,87.75282725948891,66.88,7.21,NONE
2026-01-10 00:45:00,Facility_A,Food & Beverage Processing,"Illinois, USA",18391.27,607.8,35.79,25.01,89.11421106538558,74.4,7.62,NONE
2026-01-10 01:00:00,Facility_D,Pharmaceuticals & Healthcare,"Flanders, Belgium",23334.78,602.15,44.14,25.35,100.0,65.62,7.21,NONE
2026-01-10 01:15:00,Facility_E,Data Center Cooling,"Nuevo Leon, Mexico",22519.57,629.61,24.61,25.83,92.50729277680085,80.4,7.35,NONE
2026-01-10 01:30:00,Facility_A,Food & Beverage Processing,"Illinois, USA",18192.6,507.35,33.46,29.45,88.05993674300733,73.7,7.4,NONE
2026-01-10 01:45:00,Facility_D,Pharmaceuticals & Healthcare,"Flanders, Belgium",20885.77,527.76,33.82,27.45,97.61019856888763,78.7,7.34,NONE
2026-01-10 02:00:00,Facility_A,Food & Beverage Processing,"Illinois, USA",21620.27,544.11,34.82,26.49,99.15447838206676,69.21,7.11,NONE
2026-01-10 02:15:00,Facility_D,Pharmaceuticals & Healthcare,"Flanders, Belgium",19982.36,606.49,35.63,29.39,95.08521540905116,75.77,7.24,NONE
2026-01-10 02:30:00,Facility_C,Refinery & Petrochemicals,"Maharashtra, India",19968.39,886.27,30.35,27.42,93.58721802355386,69.25,6.85,NONE
2026-01-10 02:45:00,Facility_B,Heavy Manufacturing,"Indiana, USA",29173.0,652.78,26.81,30.5,94.35343932640663,72.26,7.04,NONE
2026-01-10 03:00:00,FACILITY_B,Heavy Mfg.,"Indiana, USA",26854.2,756.97,29.62,29.58,93.98330530897644,71.12,7.92,NONE
2026-01-10 03:15:00,Facility_D,pharma,"Flanders, Belgium",19523.63,553.14,38.61,28.11,92.2638256048707,84.76,7.14,NONE
2026-01-10 03:30:00,Facility_C,Refinery & Petrochemicals,"Maharashtra, India",18651.29,741.56,31.13,30.43,93.61671096529346,78.1,7.58,NONE
2026-01-10 03:45:00,Facility_E,Data Center Cooling,"Nuevo Leon, Mexico",23380.59,681.13,31.19,31.02,90.23259840573806,72.57,6.94,NONE
2026-01-10 04:00:00,Facility_C,Petrochem / Refining,"Maharashtra, India",20339.84,828.67,41.51,29.55,94.94470267700414,78.44,7.14,NONE
2026-01-10 04:15:00,Facility_D,Pharmaceuticals & Healthcare,"Flanders, Belgium",16683.95,527.87,36.03,28.52,91.32455132812409,77.96,7.32,NONE
2026-01-10 04:30:00,Facility_C,Refinery & Petrochemicals,"Maharashtra, India",19519.91,734.21,32.91,30.71,93.9033994496109,77.5,7.71,NONE
2026-01-10 04:45:00,Facility_C,Refinery & Petrochemicals,"Maharashtra, India",17264.93,843.91,30.96,34.02,90.98382702995735,77.11,7.05,NONE
2026-01-10 05:00:00,Facility_D,Pharmaceuticals & Healthcare,"Flanders, Belgium",130.53,2456.81,34.07,34.33,53.121642651195415,78.39,7.46,BROWNOUT_WATER_STALL
2026-01-10 05:15:00,Facility_A,Food & Beverage Processing,"Illinois, USA",20319.48,676.15,34.1,32.93,93.85561400094883,79.93,6.97,NONE
2026-01-10 05:30:00,Facility_C,Refinery & Petrochemicals,"Maharashtra, India",17825.56,754.58,35.02,30.62,--,72.0,7.39,NONE
2026-01-10 05:45:00,Facility_C,Refinery & Petrochemicals,"Maharashtra, India",18725.06,705.06,35.02,30.23,92.97174219199026,74.14,7.37,NONE
2026-01-10 06:00:00,Facility_D,Pharmaceuticals & Healthcare,"Flanders, Belgium",17747.94,641.42,,29.2,100.0,69.33,6.97,NONE
2026-01-10 06:15:00,Facility_D,Pharmaceuticals & Healthcare,"Flanders, Belgium",20368.84,450.81,36.51,34.35,88.55620504910912,65.08,6.93,NONE
2026-01-10 06:30:00,Facility_B,Heavy Manufacturing,"Indiana, USA",28570.24,934.48,26.35,31.7,97.94881704803836,82.04,7.28,NONE
2026-01-10 06:45:00,Facility_D,Pharmaceuticals & Healthcare,"Flanders, Belgium",13549.25,522.29,35.71,29.96,92.8988499167721,79.04,7.71,NONE
2026-01-10 07:00:00,Facility_A,Food & Beverage Processing,"Illinois, USA",18866.17,791.32,33.0,30.48,96.40094130275189,74.33,7.93,NONE
2026-01-10 07:15:00,Facility_B,Heavy Manufacturing,"Indiana, USA",21338.41,796.73,27.97,31.08,97.55747355872988,73.89,6.95,NONE
2026-01-10 07:30:00,pune_fac_c,Refinery & Petrochemicals,"Maharashtra, India",20730.44,835.66,27.34,30.19,88.41154614182305,71.01,7.1,NONE
2026-01-10 07:45:00,Facility_E,Data Center Cooling,"Nuevo Leon, Mexico",23149.06,758.76,23.1,31.67,88.91182136342907,75.49,7.12,NONE
2026-01-10 08:00:00,antwerp_hub_d,Healthcare & Pharma,"Flanders, Belgium",17897.59,597.69,39.69,32.37,93.23678816105135,75.38,7.23,NONE
2026-01-10 08:15:00,Fac_E_Cooling,Data Center Cooling,"Nuevo Leon, Mexico",21560.8,782.96,28.09,26.58,94.56070686825886,75.64,7.16,NONE
2026-01-10 08:30:00,Facility_B_Unit2,Heavy Manufacturing,"Indiana, USA",21815.08,963.97,30.56,29.26,89.86149477392804,70.3,7.71,NONE
2026-01-10 08:45:00,Facility_C,Refinery & Petrochemicals,"Maharashtra, India",19138.01,734.22,,28.04,98.30269769689721,80.09,7.22,NONE
2026-01-10 09:00:00,Facility_B,Heavy Manufacturing,"Indiana, USA",23844.39,620.08,22.28,26.92,null,72.53,6.97,NONE
2026-01-10 09:15:00,Facility_C,Refinery & Petrochemicals,"Maharashtra, India",18191.78,816.26,37.72,25.72,93.08955686245174,67.77,7.6,NONE
2026-01-10 09:30:00,facility_a,FOOD & BEV,"Illinois, USA",21075.6,648.97,28.28,28.1,86.29106113685971,75.51,7.27,NONE
2026-01-10 09:45:00,Facility_E,Data Center Cooling,"Nuevo Leon, Mexico",23556.48,667.62,-9.31,26.01,90.28627019681839,68.68,7.63,CHEMICAL_DOSING_BREACH
2026-01-10 10:00:00,monterrey_e,Data Center Cooling,"Nuevo Leon, Mexico",20135.91,654.79,27.79,29.58,89.63516994386127,77.64,7.11,NONE
2026-01-10 10:15:00,Facility_C,Refinery & Petrochemicals,"Maharashtra, India",17735.82,818.23,32.71,28.34,92.49298934787811,74.58,6.68,NONE
2026-01-10 10:30:00,Facility_C,Refinery & Petrochemicals,"Maharashtra, India",14693.31,824.86,39.86,26.39,92.71910927305237,75.33,7.54,NONE
2026-01-10 10:45:00,Facility_C,Refinery & Petrochemicals,"Maharashtra, India",14245.99,708.15,34.1,29.05,100.0,72.97,6.96,NONE
2026-01-10 11:00:00,Facility_E,Data Center Cooling,"Nuevo Leon, Mexico",22118.54,849.07,28.95,25.9,96.56558061273606,76.99,7.06,NONE
2026-01-10 11:15:00,Facility_A,Food & Beverage Processing,"Illinois, USA",20144.69,784.11,36.46,27.16,92.35414577222618,79.52,7.01,NONE
2026-01-10 11:30:00,Facility_D,Pharmaceuticals & Healthcare,"Flanders, Belgium",19704.17,491.05,41.97,26.56,97.5594663540719,76.21,7.01,NONE
2026-01-10 11:45:00,Facility_A,Food & Beverage Processing,"Illinois, USA",22556.11,823.6,35.21,25.39,92.52075534605629,74.65,7.15,NONE
2026-01-10 12:00:00,Facility_E,Data Center Cooling,"Nuevo Leon, Mexico",25385.02,760.82,17.15,27.11,92.3858963301846,73.66,7.25,NONE
2026-01-10 12:15:00,Facility_D,Pharmaceuticals & Healthcare,"Flanders, Belgium",20531.85,632.71,38.69,25.63,93.36772094461065,74.09,7.13,NONE
2026-01-10 12:30:00,Facility_A,Food & Beverage Processing,"Illinois, USA",20601.23,745.8,37.97,28.24,91.30584026371159,77.69,7.08,NONE
2026-01-10 12:45:00,Facility_D,Pharmaceuticals & Healthcare,"Flanders, Belgium",,539.6,33.2,26.22,84.94138518990675,66.12,7.3,NONE
2026-01-10 13:00:00,Facility_D,Pharmaceuticals & Healthcare,"Flanders, Belgium",18904.19,547.99,30.87,23.99,94.75186984715965,76.62,7.35,NONE
2026-01-10 13:15:00,Facility_A,Food & Beverage Processing,"Illinois, USA",21937.09,741.33,28.36,24.71,89.01082829693486,73.51,7.66,NONE
2026-01-10 13:30:00,Facility_A,Food & Beverage Processing,"Illinois, USA",20847.09,812.96,30.23,27.39,92.8814264753665,80.62,7.34,NONE
2026-01-10 13:45:00,Facility_B,Heavy Manufacturing,"Indiana, USA",27978.74,963.91,27.69,25.12,97.62436296066016,73.4,6.98,NONE
2026-01-10 14:00:00,Facility_D,Pharmaceuticals & Healthcare,"Flanders, Belgium",23532.79,542.27,38.17,26.58,91.55281950806015,69.46,7.42,NONE
2026-01-10 14:15:00,Facility_C,Refinery & Petrochemicals,"Maharashtra, India",14776.01,754.63,36.53,23.79,88.5609569818056,81.17,7.38,NONE
2026-01-10 14:30:00,Facility_D,Pharmaceuticals & Healthcare,"Flanders, Belgium",21933.77,554.2,33.8,24.55,92.8094811957497,68.7,7.76,NONE
2026-01-10 14:45:00,Facility_D,Pharmaceuticals & Healthcare,"Flanders, Belgium",17321.21,464.29,43.08,22.95,91.55496354363001,66.06,7.84,NONE
2026-01-10 15:00:00,Facility_A,Food & Beverage Processing,"Illinois, USA",16282.29,717.17,35.33,24.43,93.30910620162499,66.34,7.12,NONE
2026-01-10 15:15:00,Facility_C,Refinery & Petrochemicals,"Maharashtra, India",19251.29,715.84,36.35,24.72,96.58000923456032,68.48,7.97,NONE
2026-01-10 15:30:00,Facility_A,Food & Beverage Processing,"Illinois, USA",21037.07,712.88,36.08,27.58,88.89609567661802,72.99,6.68,NONE
2026-01-10 15:45:00,facility_e,Hyperscale Cooling,"Nuevo Leon, Mexico",21587.79,777.4,28.34,22.0,86.94155354819736,75.68,7.76,NONE
2026-01-10 16:00:00,Facility_D,Pharmaceuticals & Healthcare,"Flanders, Belgium",17391.41,594.04,30.91,23.86,92.2411766472171,70.57,7.14,NONE
2026-01-10 16:15:00,Facility_C,Refinery & Petrochemicals,"Maharashtra, India",17937.74,806.72,29.99,22.2,93.36729031040272,69.05,7.85,NONE
2026-01-10 16:30:00,Facility_C,Petrochem / Refining,"Maharashtra, India",16898.75,724.98,164.38,26.04,95.26929673151834,69.79,7.66,CHEMICAL_DOSING_BREACH
2026-01-10 16:45:00,Facility_E,Data Center Cooling,"Nuevo Leon, Mexico",21608.17,693.79,29.92,21.73,99.31361801464034,68.29,7.78,NONE
2026-01-10 17:00:00,Facility_D,pharma,"Flanders, Belgium",18468.95,586.02,41.0,117.06,--,61.82,7.15,SENSOR_TEMP_SPIKE
2026-01-10 17:15:00,Facility_B,Heavy Manufacturing,"Indiana, USA",22930.21,872.4,31.45,23.01,91.36978091234064,75.66,7.38,NONE
2026-01-10 17:30:00,Fac_D,pharma,"Flanders, Belgium",20821.64,613.21,37.63,20.92,91.41055950133735,71.53,7.26,NONE
2026-01-10 17:45:00,Facility_A,Food & Beverage Processing,"Illinois, USA",19882.61,763.99,31.29,22.54,93.95858017600001,71.68,7.09,NONE
2026-01-10 18:00:00,Facility_A_Line1,Food & Beverage Processing,"Illinois, USA",15205.2,663.44,33.49,21.23,92.739017480237,76.1,7.5,NONE
2026-01-10 18:15:00,FACILITY_C,Refinery & Petrochemicals,"Maharashtra, India",16388.08,854.47,40.23,20.47,90.8637220171483,79.36,7.31,NONE
2026-01-10 18:30:00,Facility_D,pharma,"Flanders, Belgium",13732.76,489.36,36.45,20.44,92.17704393396339,74.15,7.76,NONE
2026-01-10 18:45:00,Facility_D,Healthcare & Pharma,"Flanders, Belgium",18066.56,630.03,43.5,25.16,N/A,65.17,7.48,NONE
2026-01-10 19:00:00,Facility_B,Heavy Manufacturing,"Indiana, USA",29034.59,833.19,35.83,24.18,95.31847480688891,78.89,7.44,NONE
2026-01-10 19:15:00,FACILITY_D,Pharmaceuticals & Healthcare,"Flanders, Belgium",13119.45,540.6,42.53,21.26,92.78488798324179,69.3,7.85,NONE
2026-01-10 19:30:00,Facility_C,Refinery & Petrochemicals,"Maharashtra, India",22625.9,708.32,36.12,21.58,95.46782284490041,76.29,7.58,NONE
2026-01-10 19:45:00,antwerp_hub_d,Pharmaceuticals & Healthcare,"Flanders, Belgium",19464.58,736.02,33.18,19.83,92.24211135775532,66.94,6.93,NONE
2026-01-10 20:00:00,Facility_B,heavy mfg,"Indiana, USA",22691.13,762.54,24.49,23.97,91.88019500452693,73.19,7.6,NONE
2026-01-10 20:15:00,facility_e,Data Center Cooling,"Nuevo Leon, Mexico",19159.67,730.16,30.04,19.68,85.86830237135814,75.56,7.49,NONE
2026-01-10 20:30:00,Facility_C,Refinery & Petrochemicals,"Maharashtra, India",23490.57,789.28,38.94,22.97,94.45112710907227,81.5,6.76,NONE
2026-01-10 20:45:00,Facility_E,data center,"Nuevo Leon, Mexico",22147.28,910.17,29.68,26.46,91.48652112150579,73.86,7.36,NONE
2026-01-10 21:00:00,Facility_A,Food & Beverage Processing,"Illinois, USA",14136.91,629.71,26.89,25.15,96.29088993818898,75.46,7.58,NONE
2026-01-10 21:15:00,facility_e,Data Center Cooling,"Nuevo Leon, Mexico",20684.37,840.14,28.54,23.97,92.65010357356029,77.08,7.23,NONE
2026-01-10 21:30:00,Facility_E,Data Center Cooling,"Nuevo Leon, Mexico",23572.32,665.09,23.88,25.3,93.21665851333437,71.96,7.6,NONE
2026-01-10 21:45:00,Facility_B,Heavy Manufacturing,"Indiana, USA",23910.65,823.18,34.38,27.05,98.53167427286505,72.73,7.69,NONE
2026-01-10 22:00:00,FACILITY_E,Data Center Cooling,"Nuevo Leon, Mexico",18697.25,681.98,18.63,27.51,90.73526448295655,73.43,7.1,NONE
2026-01-10 22:15:00,Facility_E,Data Center Cooling,"Nuevo Leon, Mexico",22860.16,721.83,23.02,25.53,88.91206392060727,70.23,6.76,NONE
2026-01-10 22:30:00,Facility_E,Data Center Cooling,"Nuevo Leon, Mexico",17494.54,763.39,20.25,131.95,93.49241946837502,71.55,7.91,SENSOR_TEMP_SPIKE
2026-01-10 22:45:00,Facility_C,Refinery & Petrochemicals,"Maharashtra, India",22970.21,835.22,32.99,22.52,93.46064496221422,73.22,7.23,NONE
2026-01-10 23:00:00,Facility_B,Heavy Mfg.,"Indiana, USA",27158.88,776.94,23.66,25.66,94.7351042962204,68.71,7.61,NONE
2026-01-10 23:15:00,Facility_C,REFINERY_PETRO,"Maharashtra, India",14827.06,732.08,34.42,24.57,91.69180648463619,82.42,7.11,NONE
2026-01-10 23:30:00,Facility_B,Heavy Manufacturing,"Indiana, USA",33345.09,876.72,28.89,26.84,100.0,69.53,7.04,NONE
2026-01-10 23:45:00,Facility_D,Pharmaceuticals & Healthcare,"Flanders, Belgium",17023.36,570.83,30.25,26.28,98.91935082692375,74.68,7.27,NONE
2026-01-11 00:00:00,Facility_B,Heavy Manufacturing,"Indiana, USA",23876.92,915.47,25.03,29.82,99.68675119268595,75.16,7.35,NONE
2026-01-11 00:15:00,Facility_B_Unit2,Heavy Manufacturing,"Indiana, USA",28979.69,931.96,25.11,25.81,89.26848820901346,75.84,7.54,NONE
2026-01-11 00:30:00,Facility_A,Food & Beverage Processing,"Illinois, USA",16142.57,680.54,25.84,25.4,95.26325459272415,70.7,7.27,NONE
2026-01-11 00:45:00,Facility_D,Pharmaceuticals & Healthcare,"Flanders, Belgium",15063.6,579.64,37.31,25.97,92.89515424741609,74.81,7.12,NONE
2026-01-11 01:00:00,Facility_E,Data Center Cooling,"Nuevo Leon, Mexico",17362.1,885.42,25.84,27.36,96.734687152065,89.88,7.0,NONE
2026-01-11 01:15:00,Facility_E,Data Center Cooling,"Nuevo Leon, Mexico",22238.96,696.93,26.24,26.49,89.89790410303813,73.81,6.94,NONE
2026-01-11 01:30:00,Facility_C,REFINERY_PETRO,"Maharashtra, India",20966.07,781.27,37.27,27.19,92.32494741052241,75.29,7.02,NONE
2026-01-11 01:45:00,Facility_D,Healthcare & Pharma,"Flanders, Belgium",17914.85,520.09,33.76,24.47,97.785845086336,70.91,7.68,NONE
2026-01-11 02:00:00,Facility_C,Refinery & Petrochemicals,"Maharashtra, India",21241.66,677.08,30.93,33.11,99.10296301416686,73.86,7.42,NONE
2026-01-11 02:15:00,Facility_D,pharma,"Flanders, Belgium",17301.94,593.6,34.49,25.06,89.27102148316463,74.09,7.03,NONE
2026-01-11 02:30:00,monterrey_e,Data Center Cooling,"Nuevo Leon, Mexico",20929.65,669.4,25.21,-21.96,94.29193775244833,73.96,7.6,SENSOR_TEMP_SPIKE
2026-01-11 02:45:00,FAC_A,Food & Beverage Processing,"Illinois, USA",20373.96,682.37,26.04,28.37,96.58726366176782,79.85,7.62,NONE
2026-01-11 03:00:00,Facility_C,Refinery & Petrochemicals,"Maharashtra, India",14773.49,861.16,27.78,30.95,92.32308951497262,77.16,6.98,NONE
2026-01-11 03:15:00,Facility_C,Refinery & Petrochemicals,"Maharashtra, India",21472.95,663.17,32.69,27.71,87.886288470968,74.43,7.86,NONE
2026-01-11 03:30:00,Facility_D,Pharmaceuticals & Healthcare,"Flanders, Belgium",24709.62,574.53,42.19,30.09,95.09642622325828,72.46,7.4,NONE
2026-01-11 03:45:00,monterrey_e,Data Center Cooling,"Nuevo Leon, Mexico",22460.9,706.62,28.17,29.72,96.14449061545768,69.2,7.34,NONE
2026-01-11 04:00:00,FACILITY_C,Refinery & Petrochemicals,"Maharashtra, India",23146.68,867.45,41.17,30.01,94.52719220379528,78.51,7.79,NONE
2026-01-11 04:15:00,Facility_D,Pharmaceuticals & Healthcare,"Flanders, Belgium",14335.15,494.15,43.0,29.59,91.35049347437415,68.36,7.19,NONE
2026-01-11 04:30:00,Facility_C,Petrochem / Refining,"Maharashtra, India",15658.71,939.48,35.41,30.09,95.38184536053706,78.33,7.61,NONE
2026-01-11 04:45:00,Facility_E,Data Center Cooling,"Nuevo Leon, Mexico",,702.69,27.25,31.67,91.81235500275322,73.98,7.46,NONE
2026-01-11 05:00:00,Facility_A,Food & Beverage Processing,"Illinois, USA",21078.0,586.25,34.5,29.94,95.76386467476603,77.5,7.8,NONE
2026-01-11 05:15:00,Facility_E,Data Center Cooling,"Nuevo Leon, Mexico",,3195.94,34.56,30.95,46.67608318190121,77.93,7.55,BROWNOUT_WATER_STALL
2026-01-11 05:30:00,Facility_E,Data Center Cooling,"Nuevo Leon, Mexico",26781.61,545.55,27.6,32.72,96.63684144870939,85.55,7.38,NONE
2026-01-11 05:45:00,Facility_C,Refinery & Petrochemicals,"Maharashtra, India",17853.68,751.2,36.84,33.41,98.72925122843357,73.75,7.42,NONE
2026-01-11 06:00:00,facility_b,Heavy Manufacturing,"Indiana, USA",23897.22,797.39,32.89,33.38,91.2686922224966,75.09,7.28,NONE
2026-01-11 06:15:00,FACILITY_A,Food & Beverage Processing,"Illinois, USA",21259.89,685.3,23.41,32.3,92.52885238445843,73.1,7.47,NONE
2026-01-11 06:30:00,Facility_A,Food & Beverage Processing,"Illinois, USA",20078.6,745.52,,31.47,87.39101967887638,77.46,7.66,NONE
2026-01-11 06:45:00,Facility_A,Food & Beverage Processing,"Illinois, USA",16099.58,736.42,35.94,29.61,95.6556363702676,61.47,7.66,NONE
2026-01-11 07:00:00,Facility_C,Refinery & Petrochemicals,"Maharashtra, India",18894.76,756.97,39.63,33.48,95.05429069233278,81.24,6.92,NONE
2026-01-11 07:15:00,Facility_E,Data Center Cooling,"Nuevo Leon, Mexico",22786.18,740.1,25.19,26.82,95.45771855680852,77.94,7.73,NONE
2026-01-11 07:30:00,Facility_A,Food & Beverage Processing,"Illinois, USA",21982.53,657.98,36.92,32.71,92.66805143919134,74.13,7.09,NONE
2026-01-11 07:45:00,Facility_D,Pharmaceuticals & Healthcare,"Flanders, Belgium",22045.49,482.98,39.75,29.01,89.95487097741916,65.56,7.29,NONE
2026-01-11 08:00:00,Facility_E,Data Center Cooling,"Nuevo Leon, Mexico",17898.07,754.23,35.93,30.32,99.89129760731088,69.58,6.99,NONE
2026-01-11 08:15:00,Facility_B,Heavy Manufacturing,"Indiana, USA",22611.59,834.53,39.94,26.83,95.48292197811976,70.85,7.29,NONE
2026-01-11 08:30:00,Facility_C,Refinery & Petrochemicals,"Maharashtra, India",15984.83,845.31,35.32,31.63,94.0607846209042,65.31,7.66,NONE
2026-01-11 08:45:00,Facility_B,Heavy Manufacturing,"Indiana, USA",149553.53,682.93,,27.88,53.999098824432906,118.22,7.7,PRESSURE_BURST_SURGE
2026-01-11 09:00:00,Facility_A,Food & Beverage Processing,"Illinois, USA",17320.15,762.0,29.67,27.81,91.97091247774787,73.8,7.73,NONE
2026-01-11 09:15:00,Facility_A,Food & Beverage Processing,"Illinois, USA",14792.24,714.65,34.12,29.49,97.69156854218731,73.67,7.3,NONE
2026-01-11 09:30:00,Facility_D,Pharmaceuticals & Healthcare,"Flanders, Belgium",20049.54,574.65,35.86,29.86,--,71.25,7.2,NONE
2026-01-11 09:45:00,Facility_C,Refinery & Petrochemicals,"Maharashtra, India",,526.73,37.16,28.78,88.12121453043801,75.39,7.48,NONE
2026-01-11 10:00:00,pune_fac_c,Refinery & Petrochemicals,"Maharashtra, India",20159.14,570.95,41.24,27.17,--,77.33,7.1,NONE
2026-01-11 10:15:00,Facility_E,Data Center Cooling,"Nuevo Leon, Mexico",22772.28,721.09,19.8,30.37,91.01985611834803,70.15,7.24,NONE
2026-01-11 10:30:00,antwerp_hub_d,Pharmaceuticals & Healthcare,"Flanders, Belgium",19330.52,565.74,39.8,25.62,91.12436361462164,73.48,7.88,NONE
2026-01-11 10:45:00,Facility_B,HEAVY_MANUFACTURING,"Indiana, USA",25437.77,931.16,28.66,26.92,92.71048184283379,73.24,7.52,NONE
2026-01-11 11:00:00,Facility_A,Food & Beverage Processing,"Illinois, USA",22440.5,738.65,36.49,25.8,92.17318237179511,70.74,7.44,NONE
2026-01-11 11:15:00,Facility_D,Pharmaceuticals & Healthcare,"Flanders, Belgium",216.48,2321.42,33.59,27.36,57.05615064533519,64.71,7.94,BROWNOUT_WATER_STALL
2026-01-11 11:30:00,Facility_E,Data Center Cooling,"Nuevo Leon, Mexico",26386.17,718.03,27.52,28.58,93.21133703997492,76.23,7.79,NONE
2026-01-11 11:45:00,Facility_D,Pharmaceuticals & Healthcare,"Flanders, Belgium",20423.48,577.05,44.53,28.34,91.15266187808848,82.91,7.53,NONE
2026-01-11 12:00:00,Facility_B,Heavy Manufacturing,"Indiana, USA",25128.71,670.25,22.71,29.56,99.06692880630544,74.38,6.85,NONE
2026-01-11 12:15:00,Facility_A_Line1,Food & Beverage Processing,"Illinois, USA",16750.39,597.23,24.53,29.89,100.0,68.96,7.35,NONE
2026-01-11 12:30:00,Facility_A,Food & Beverage Processing,"Illinois, USA",16293.12,711.91,38.39,27.92,96.08772084959132,73.13,7.7,NONE
2026-01-11 12:45:00,Facility_A,Food & Beverage Processing,"Illinois, USA",20757.81,741.8,31.02,26.29,94.42240504918185,71.56,7.13,NONE
2026-01-11 13:00:00,Facility_A,Food & Beverage Processing,"Illinois, USA",16958.59,646.49,30.71,24.83,91.51365201087182,70.87,7.43,NONE
2026-01-11 13:15:00,Fac_D,Healthcare & Pharma,"Flanders, Belgium",21813.49,568.38,37.18,-23.15,92.78617660226973,79.36,7.64,SENSOR_TEMP_SPIKE
2026-01-11 13:30:00,Facility_E,Data Center Cooling,"Nuevo Leon, Mexico",22205.81,780.09,29.53,24.22,93.76783807556963,74.97,7.53,NONE
2026-01-11 13:45:00,Facility_A,Food & Beverage Processing,"Illinois, USA",19494.75,863.1,26.42,26.09,93.36802013875503,74.01,7.12,NONE
2026-01-11 14:00:00,facility_a,Food & Beverage Processing,"Illinois, USA",21619.27,759.55,35.0,24.8,92.46033659315128,73.7,7.47,NONE
2026-01-11 14:15:00,Facility_C,Refinery & Petrochemicals,"Maharashtra, India",14295.92,844.83,45.69,25.14,92.60103480253512,73.27,7.55,NONE
2026-01-11 14:30:00,Facility_C,Refinery & Petrochemicals,"Maharashtra, India",18243.46,844.5,34.77,27.15,98.897107635271,72.51,7.33,NONE
2026-01-11 14:45:00,Facility_B_Unit2,Heavy Manufacturing,"Indiana, USA",25720.77,839.25,24.52,21.91,97.49922422895347,78.9,7.65,NONE
2026-01-11 15:00:00,facility_b,Heavy Manufacturing,"Indiana, USA",25575.29,998.93,28.41,25.22,89.05640955348805,72.97,7.31,NONE
2026-01-11 15:15:00,FACILITY_C,Refinery & Petrochemicals,"Maharashtra, India",18679.05,674.01,38.46,25.34,91.11964995480668,68.84,7.13,NONE
2026-01-11 15:30:00,Facility_C,Refinery & Petrochemicals,"Maharashtra, India",19946.45,730.64,34.94,21.39,99.83371649760468,74.33,7.67,NONE
2026-01-11 15:45:00,Facility_B,Heavy Manufacturing,"Indiana, USA",27316.26,836.48,28.11,21.87,92.05851791717208,69.46,7.04,NONE
2026-01-11 16:00:00,Facility_C,Refinery & Petrochemicals,"Maharashtra, India",23540.62,798.67,,21.61,N/A,69.6,7.23,NONE
2026-01-11 16:15:00,Facility_A,Food and Beverage,"Illinois, USA",19347.37,702.24,28.25,23.07,94.06123559852783,77.16,7.76,NONE
2026-01-11 16:30:00, Facility_A ,Food & Beverage Processing,"Illinois, USA",18421.84,799.66,31.78,20.06,99.20646659326668,84.23,7.52,NONE
2026-01-11 16:45:00,FACILITY_B,Heavy Manufacturing,"Indiana, USA",,817.2,26.55,24.89,93.44472563824584,81.53,7.36,NONE
2026-01-11 17:00:00,Facility_A,Food & Beverage Processing,"Illinois, USA",18309.84,670.13,28.38,23.56,89.35762126445437,70.32,7.72,NONE
2026-01-11 17:15:00,Facility_E,Data Center Cooling,"Nuevo Leon, Mexico",18683.08,814.7,19.84,25.19,89.43525811511185,70.06,7.54,NONE
2026-01-11 17:30:00,Facility_B,Heavy Manufacturing,"Indiana, USA",26626.86,915.18,23.13,22.02,91.5253497305266,69.0,7.52,NONE
2026-01-11 17:45:00,Facility_B,Heavy Manufacturing,"Indiana, USA",28708.56,811.7,34.9,21.09,98.29509543723853,76.53,7.01,NONE
2026-01-11 18:00:00,Facility_B_Unit2,Heavy Manufacturing,"Indiana, USA",31922.42,802.66,33.56,22.76,94.69821191824586,78.06,7.59,NONE
2026-01-11 18:15:00,Facility_A,Food & Beverage Processing,"Illinois, USA",18472.11,750.91,33.42,22.89,92.84938709174487,74.95,7.9,NONE
2026-01-11 18:30:00,Facility_E,Data Center Cooling,"Nuevo Leon, Mexico",20352.99,840.49,25.9,20.95,100.0,76.43,7.51,NONE
2026-01-11 18:45:00,Facility_D,Pharmaceuticals & Healthcare,"Flanders, Belgium",20056.05,649.08,39.21,24.05,90.11258150957913,78.43,7.28,NONE
2026-01-11 19:00:00,Facility_B,Heavy Manufacturing,"Indiana, USA",27868.91,695.93,31.15,18.6,92.61707049460423,66.33,7.53,NONE
2026-01-11 19:15:00,Facility_C,refinery,"Maharashtra, India",18983.5,717.11,41.52,21.1,83.80017973603171,76.31,6.86,NONE
2026-01-11 19:30:00,Facility_E,Data Center Cooling,"Nuevo Leon, Mexico",18909.8,711.2,22.52,21.92,89.00309796078436,74.73,7.01,NONE
2026-01-11 19:45:00,Fac_D,Pharmaceuticals & Healthcare,"Flanders, Belgium",18786.72,635.12,40.79,22.77,90.33604058105658,74.72,7.16,NONE
2026-01-11 20:00:00,Facility_E,DATA_CENTER_COOLING,"Nuevo Leon, Mexico",21609.24,621.35,31.89,23.1,null,79.88,7.51,NONE
2026-01-11 20:15:00,pune_fac_c,Refinery & Petrochemicals,"Maharashtra, India",18546.87,720.31,39.46,22.76,97.23876682543457,75.8,7.46,NONE
2026-01-11 20:30:00,Facility_E,Data Center Cooling,"Nuevo Leon, Mexico",22605.34,681.03,24.21,21.42,N/A,69.74,7.12,NONE
2026-01-11 20:45:00,Facility_C,Refinery & Petrochemicals,"Maharashtra, India",20041.38,757.42,33.9,22.65,86.05797863090768,69.65,7.68,NONE
2026-01-11 21:00:00,Facility_D,Pharmaceuticals & Healthcare,"Flanders, Belgium",17507.36,460.86,33.27,24.32,94.58811074945837,72.68,7.16,NONE
2026-01-11 21:15:00,Facility_B,Heavy Manufacturing,"Indiana, USA",21450.48,870.93,32.02,26.18,89.94612045219186,80.14,7.33,NONE
2026-01-11 21:30:00,Facility_A,Food & Beverage Processing,"Illinois, USA",19324.42,776.71,29.23,20.17,95.75555695422644,75.57,7.25,NONE
2026-01-11 21:45:00,monterrey_e,Data Center Cooling,"Nuevo Leon, Mexico",22676.25,812.02,,24.32,86.21179965808292,73.44,7.25,NONE
2026-01-11 22:00:00,Facility_C,Refinery & Petrochemicals,"Maharashtra, India",19938.34,693.62,33.73,18.71,95.28401222730828,73.6,7.37,NONE
2026-01-11 22:15:00,Facility_C,Refinery & Petrochemicals,"Maharashtra, India",15452.98,807.93,42.44,-36.35,95.58028450586126,70.08,7.33,SENSOR_TEMP_SPIKE
2026-01-11 22:30:00,Facility_E,Data Center Cooling,"Nuevo Leon, Mexico",21504.72,658.55,25.13,25.08,96.45636805108536,80.66,7.31,NONE
2026-01-11 22:45:00,Facility_A,Food & Beverage Processing,"Illinois, USA",16108.53,730.0,39.0,22.29,90.44529392227543,76.75,7.39,NONE
2026-01-11 23:00:00,FAC-B,HEAVY_MANUFACTURING,"Indiana, USA",24103.27,858.49,32.61,25.29,92.90477537826528,76.65,7.27,NONE
2026-01-11 23:15:00,facility_e,Data Center Cooling,"Nuevo Leon, Mexico",23992.87,902.01,24.75,-34.98,94.68950156380814,68.22,6.99,SENSOR_TEMP_SPIKE
2026-01-11 23:30:00,Facility_D,pharma,"Flanders, Belgium",18644.89,539.56,43.34,28.35,99.67230068486963,74.21,7.68,NONE
2026-01-11 23:45:00,FACILITY_D,Pharmaceuticals & Healthcare,"Flanders, Belgium",19412.77,580.86,35.54,22.16,null,79.19,6.92,NONE
2026-01-12 00:00:00,Fac_D,Pharmaceuticals & Healthcare,"Flanders, Belgium",18697.21,625.42,35.99,28.65,93.05109429325643,71.64,7.7,NONE
2026-01-12 00:15:00,Facility_D,Pharmaceuticals & Healthcare,"Flanders, Belgium",16621.53,527.75,33.74,24.7,93.98970853559804,71.69,7.49,NONE
2026-01-12 00:30:00,Facility_C,Refinery & Petrochemicals,"Maharashtra, India",14908.03,689.78,35.72,29.67,94.71120687653607,71.35,6.93,NONE
2026-01-12 00:45:00,Facility_D,Pharmaceuticals & Healthcare,"Flanders, Belgium",17263.76,566.58,27.6,25.1,91.13982091312968,72.84,7.33,NONE
2026-01-12 01:00:00,Facility_B,Heavy Manufacturing,"Indiana, USA",23899.49,882.49,29.02,26.87,95.56008121900139,76.53,6.94,NONE
2026-01-12 01:15:00,Facility_B,Heavy Manufacturing,"Indiana, USA",25690.88,914.78,32.94,28.45,92.75347660241154,75.9,7.58,NONE
2026-01-12 01:30:00,Facility_E,Data Center Cooling,"Nuevo Leon, Mexico",21393.29,767.15,27.45,25.62,92.9420348151931,70.95,7.16,NONE
2026-01-12 01:45:00,Facility_A,Food & Beverage Processing,"Illinois, USA",22577.39,780.85,24.39,26.32,92.33660145743178,71.12,7.44,NONE
2026-01-12 02:00:00,facility_a,Food & Beverage Processing,"Illinois, USA",16388.38,781.34,31.32,27.89,93.45417778330953,72.12,6.78,NONE
2026-01-12 02:15:00,Facility_A,Food & Beverage Processing,"Illinois, USA",19290.57,690.13,27.49,30.7,95.64220164285832,84.97,7.58,NONE
2026-01-12 02:30:00,Facility_B,Heavy Manufacturing,"Indiana, USA",23798.7,763.91,26.42,27.74,93.84810676433268,67.08,7.53,NONE
2026-01-12 02:45:00,Facility_A,Food & Beverage Processing,"Illinois, USA",19473.81,750.96,,29.58,97.65736505878283,70.13,7.1,NONE
2026-01-12 03:00:00,Facility_B,heavy mfg,"Indiana, USA",27993.37,758.6,27.52,31.98,--,80.95,7.26,NONE
2026-01-12 03:15:00,Facility_B,Heavy Manufacturing,"Indiana, USA",22320.11,890.71,28.95,29.53,91.04010156634124,74.45,6.77,NONE
2026-01-12 03:30:00,Facility_C,Refinery & Petrochemicals,"Maharashtra, India",199.42,3154.48,28.09,28.94,56.04036344591302,67.2,6.78,BROWNOUT_WATER_STALL
2026-01-12 03:45:00,facility_b,Heavy Manufacturing,"Indiana, USA",22135.55,903.82,24.97,32.3,93.95454233225774,70.97,7.54,NONE
2026-01-12 04:00:00,Facility_D,pharma,"Flanders, Belgium",20725.35,605.52,,29.09,93.4869669212114,73.81,7.56,NONE
2026-01-12 04:15:00,Facility_A,Food & Beverage Processing,"Illinois, USA",14605.43,736.84,30.28,28.58,91.12404231113729,73.03,6.34,NONE
2026-01-12 04:30:00,Facility_A,Food & Beverage Processing,"Illinois, USA",17641.93,650.55,33.74,28.75,92.81163583945444,80.94,7.63,NONE
2026-01-12 04:45:00,facility_e,Data Center Cooling,"Nuevo Leon, Mexico",23384.55,712.51,30.78,29.87,92.8725017258338,75.84,7.18,NONE
2026-01-12 05:00:00,Facility_B,Heavy Manufacturing,"Indiana, USA",30410.55,826.55,31.1,32.98,96.80129207864056,67.66,7.47,NONE
2026-01-12 05:15:00,FACILITY_C,Refinery & Petrochemicals,"Maharashtra, India",20748.98,846.3,30.82,29.24,96.68258635437319,70.57,7.27,NONE
2026-01-12 05:30:00,facility_b,Heavy Manufacturing,"Indiana, USA",30667.02,835.98,25.45,28.89,94.5647018546726,68.0,7.28,NONE
2026-01-12 05:45:00,Facility_C,Refinery & Petrochemicals,"Maharashtra, India",19579.85,877.94,38.3,29.21,97.2709418162039,72.65,7.0,NONE
2026-01-12 06:00:00,Facility_D,Pharmaceuticals & Healthcare,"Flanders, Belgium",18332.55,650.83,38.19,30.52,98.73907726304913,67.56,6.99,NONE
2026-01-12 06:15:00,Facility_D,Pharmaceuticals & Healthcare,"Flanders, Belgium",86708.98,590.2,38.2,33.27,32.38899115466382,130.52,7.35,PRESSURE_BURST_SURGE
2026-01-12 06:30:00,Facility_B,Heavy Manufacturing,"Indiana, USA",26109.14,694.64,31.67,30.7,90.12276409170646,82.1,7.25,NONE
2026-01-12 06:45:00,Facility_A_Line1,FOOD & BEV,"Illinois, USA",138.15,3125.24,39.41,31.65,60.54604296287837,69.49,7.37,BROWNOUT_WATER_STALL
2026-01-12 07:00:00,Facility_E,Data Center Cooling,"Nuevo Leon, Mexico",21236.86,759.42,24.48,34.54,88.99666098082432,68.16,7.72,NONE
2026-01-12 07:15:00,Facility_B,Heavy Manufacturing,"Indiana, USA",27997.42,753.82,31.05,32.93,93.40315821568964,85.69,6.87,NONE
2026-01-12 07:30:00,Facility_C,Refinery & Petrochemicals,"Maharashtra, India",20394.51,867.64,39.24,29.83,92.57058725756433,76.0,7.58,NONE
2026-01-12 07:45:00,Facility_D,Pharmaceuticals & Healthcare,"Flanders, Belgium",20072.32,628.18,33.22,29.68,--,72.26,7.63,NONE
2026-01-12 08:00:00,Facility_D,Pharmaceuticals & Healthcare,"Flanders, Belgium",18961.56,717.33,38.31,30.07,93.83978534220869,71.13,7.33,NONE
2026-01-12 08:15:00,Facility_C,Refinery & Petrochemicals,"Maharashtra, India",21374.94,785.86,32.17,28.16,92.0593539466693,74.33,7.68,NONE
2026-01-12 08:30:00,antwerp_hub_d,Healthcare & Pharma,"Flanders, Belgium",15707.89,550.8,38.11,26.37,90.8324854945075,70.94,7.13,NONE
2026-01-12 08:45:00,Facility_D,Pharmaceuticals & Healthcare,"Flanders, Belgium",19150.04,559.86,35.17,30.28,99.013839096468,81.38,6.81,NONE
2026-01-12 09:00:00,Facility_A,FOOD & BEV,"Illinois, USA",20596.94,700.31,32.15,28.61,93.87628361563905,74.68,7.19,NONE
2026-01-12 09:15:00,Facility_C,Refinery & Petrochemicals,"Maharashtra, India",16801.89,742.14,36.48,30.22,96.23071672748847,71.78,7.43,NONE
2026-01-12 09:30:00,Facility_B,Heavy Mfg.,"Indiana, USA",28768.75,937.91,28.25,28.54,94.11159754827645,68.83,7.3,NONE
2026-01-12 09:45:00,Facility_C,Refinery & Petrochemicals,"Maharashtra, India",20509.2,826.88,34.36,29.11,90.8611189110698,77.17,7.33,NONE
2026-01-12 10:00:00,facility_b,Heavy Manufacturing,"Indiana, USA",24935.99,809.62,28.24,27.69,95.60605771520821,72.22,7.8,NONE
2026-01-12 10:15:00,Facility_E,Data Center Cooling,"Nuevo Leon, Mexico",24809.91,683.13,28.79,27.1,92.45472779779644,83.01,7.26,NONE
2026-01-12 10:30:00,Facility_E,Data Center Cooling,"Nuevo Leon, Mexico",22012.09,790.6,24.3,26.49,89.64072841149402,70.01,6.55,NONE
2026-01-12 10:45:00,FAC_A,Food & Beverage Processing,"Illinois, USA",20521.83,859.46,32.12,25.24,91.44311557472017,71.94,7.07,NONE
2026-01-12 11:00:00,Facility_D,pharma,"Flanders, Belgium",,615.1,32.65,28.84,98.38580052344724,82.56,8.15,NONE
2026-01-12 11:15:00,Facility_E,Data Center Cooling,"Nuevo Leon, Mexico",18816.15,961.82,27.01,26.21,94.5466315996091,71.38,7.46,NONE
2026-01-12 11:30:00,facility_d,Pharmaceuticals & Healthcare,"Flanders, Belgium",15753.74,555.41,42.9,26.92,93.95310651756762,76.14,7.68,NONE
2026-01-12 11:45:00,Facility_B,Heavy Manufacturing,"Indiana, USA",20667.41,889.1,27.37,27.06,96.89184054323961,68.63,7.07,NONE
2026-01-12 12:00:00,facility_b,Heavy Manufacturing,"Indiana, USA",19800.23,793.87,34.09,26.28,89.21160033390468,71.81,6.93,NONE
2026-01-12 12:15:00, Facility_A ,Food & Beverage Processing,"Illinois, USA",16662.06,740.72,270.89,28.24,ERROR_SENSOR,74.39,7.27,CHEMICAL_DOSING_BREACH
2026-01-12 12:30:00,Facility_E,Data Center Cooling,"Nuevo Leon, Mexico",21948.36,792.36,27.61,26.95,92.41879111848382,74.01,7.27,NONE
2026-01-12 12:45:00,Facility_C,Refinery & Petrochemicals,"Maharashtra, India",17794.03,723.46,37.46,28.08,97.24752630934259,68.35,7.71,NONE
2026-01-12 13:00:00,FACILITY_E,Data Center Cooling,"Nuevo Leon, Mexico",,795.05,24.69,25.72,94.5039141852701,67.32,7.52,NONE
2026-01-12 13:15:00,facility_b,Heavy Manufacturing,"Indiana, USA",29955.4,825.33,34.21,24.87,96.21867049934917,64.02,8.03,NONE
2026-01-12 13:30:00,Facility_E,Data Center Cooling,"Nuevo Leon, Mexico",24886.5,728.65,,25.49,88.87943824936397,76.0,7.47,NONE
2026-01-12 13:45:00,pune_fac_c,Refinery & Petrochemicals,"Maharashtra, India",16700.14,864.1,38.88,26.49,93.52834465174047,67.63,7.62,NONE
2026-01-12 14:00:00,Facility_D,Pharmaceuticals & Healthcare,"Flanders, Belgium",18111.67,489.92,43.18,28.28,93.36800598726656,83.72,7.38,NONE
2026-01-12 14:15:00,Facility_A,Food & Beverage Processing,"Illinois, USA",18383.55,668.05,38.38,22.87,95.85286179191996,71.48,7.22,NONE
2026-01-12 14:30:00,Fac_E_Cooling,Data Center Cooling,"Nuevo Leon, Mexico",23708.59,721.5,26.8,26.1,98.6116713383092,76.9,7.17,NONE
2026-01-12 14:45:00,Facility_B,Heavy Manufacturing,"Indiana, USA",24209.77,846.71,29.85,22.08,95.81372140665556,74.38,6.87,NONE
2026-01-12 15:00:00,facility_a,Food & Beverage Processing,"Illinois, USA",17115.73,677.06,31.19,27.07,94.26214817964681,70.22,7.41,NONE
2026-01-12 15:15:00,Facility_C,Refinery & Petrochemicals,"Maharashtra, India",18031.55,802.23,37.94,25.67,93.42228321385592,81.38,7.6,NONE
2026-01-12 15:30:00,FACILITY_D,Pharmaceuticals & Healthcare,"Flanders, Belgium",17129.89,694.74,38.87,21.82,98.78932176393735,83.35,7.34,NONE
2026-01-12 15:45:00,Facility_D,Pharmaceuticals & Healthcare,"Flanders, Belgium",17587.66,559.19,40.5,25.47,95.32555945876344,74.46,7.77,NONE
2026-01-12 16:00:00,Facility_D,Pharmaceuticals & Healthcare,"Flanders, Belgium",18016.28,627.66,36.29,23.81,93.13659979267055,73.75,7.24,NONE
2026-01-12 16:15:00,Facility_B,Heavy Mfg.,"Indiana, USA",29952.05,778.43,25.39,26.73,96.62911220689386,63.27,7.19,NONE
2026-01-12 16:30:00,Facility_C ,Refinery & Petrochemicals,"Maharashtra, India",14733.28,703.13,22.32,22.56,89.84578617868381,74.27,6.89,NONE
2026-01-12 16:45:00,Facility_B,Heavy Manufacturing,"Indiana, USA",26046.6,805.15,34.81,25.25,96.0131059296329,72.53,7.91,NONE
2026-01-12 17:00:00,Facility_B,Heavy Manufacturing,"Indiana, USA",20983.67,722.1,28.15,26.69,92.85251549801572,73.18,6.95,NONE
2026-01-12 17:15:00,Facility_A,Food & Beverage Processing,"Illinois, USA",21449.57,780.96,34.81,21.44,91.23853834120638,68.18,7.37,NONE
2026-01-12 17:30:00,Facility_D,Pharmaceuticals & Healthcare,"Flanders, Belgium",16292.1,502.01,35.72,21.65,91.77846870776975,76.1,7.37,NONE
2026-01-12 17:45:00,Facility_B,Heavy Manufacturing,"Indiana, USA",24898.21,855.37,24.34,22.7,93.98192797710283,67.24,7.63,NONE
2026-01-12 18:00:00,Facility_B,Heavy Manufacturing,"Indiana, USA",23062.14,847.59,33.39,24.17,93.60986684342028,72.37,7.62,NONE
2026-01-12 18:15:00,Facility_A,Food & Beverage Processing,"Illinois, USA",20822.6,668.91,28.16,18.78,93.99290189338748,73.63,7.67,NONE
2026-01-12 18:30:00,Facility_E,Data Center Cooling,"Nuevo Leon, Mexico",22009.13,850.07,25.57,24.58,91.8074675868651,77.5,6.94,NONE
2026-01-12 18:45:00,Facility_C,Refinery & Petrochemicals,"Maharashtra, India",19358.23,622.79,34.38,23.37,91.83290063606049,69.27,7.59,NONE
2026-01-12 19:00:00,Facility_B,Heavy Manufacturing,"Indiana, USA",25469.8,798.88,28.68,27.38,97.19120911930094,79.23,7.47,NONE
2026-01-12 19:15:00,Facility_B,heavy mfg,"Indiana, USA",26305.24,638.73,25.65,21.85,87.5003453950479,68.79,6.8,NONE
2026-01-12 19:30:00,Facility_D,Pharmaceuticals & Healthcare,"Flanders, Belgium",18632.91,615.59,-1.3,23.55,90.41713170816458,65.31,6.86,CHEMICAL_DOSING_BREACH
2026-01-12 19:45:00,Facility_C,Refinery & Petrochemicals,"Maharashtra, India",15960.06,707.94,,21.09,94.58472285973843,72.95,7.35,NONE
2026-01-12 20:00:00,Facility_D,Pharmaceuticals & Healthcare,"Flanders, Belgium",21280.32,501.84,39.26,23.01,92.43284390089697,77.98,7.6,NONE
2026-01-12 20:15:00,Facility_A,Food & Beverage Processing,"Illinois, USA",17075.13,700.01,32.68,22.68,95.37206826332095,75.27,7.86,NONE
2026-01-12 20:30:00,facility_a,Food & Beverage Processing,"Illinois, USA",15725.67,704.27,,24.41,88.32504995185425,75.56,7.17,NONE
2026-01-12 20:45:00,Facility_E,Data Center Cooling,"Nuevo Leon, Mexico",19241.1,641.51,26.55,25.44,93.41939621270566,76.82,7.82,NONE
2026-01-12 21:00:00,Facility_D,PHARMACEUTICALS,"Flanders, Belgium",247.98,2002.47,39.46,22.69,47.84123218886124,67.16,7.61,BROWNOUT_WATER_STALL
2026-01-12 21:15:00,Facility_A,Food & Beverage Processing,"Illinois, USA",18370.73,752.58,32.68,22.95,84.55572138898586,74.17,7.57,NONE
2026-01-12 21:30:00,Facility_E,Data Center Cooling,"Nuevo Leon, Mexico",27887.05,718.17,25.71,24.64,92.68029298169137,79.74,7.12,NONE
2026-01-12 21:45:00,Facility_B,Heavy Manufacturing,"Indiana, USA",25019.87,913.6,-6.17,26.37,92.10298863542506,79.68,6.88,CHEMICAL_DOSING_BREACH
2026-01-12 22:00:00,Facility_B_Unit2,Heavy Manufacturing,"Indiana, USA",326.0,3042.98,28.92,24.49,59.16047567995824,73.88,7.73,BROWNOUT_WATER_STALL
2026-01-12 22:15:00,Facility_D,Pharmaceuticals & Healthcare,"Flanders, Belgium",18846.3,603.37,35.78,24.6,93.79159957521081,74.48,7.63,NONE
2026-01-12 22:30:00,Facility_C,Refinery & Petrochemicals,"Maharashtra, India",20281.2,938.41,44.77,25.11,81.22270224493002,79.57,7.2,NONE
2026-01-12 22:45:00,Facility_C,Refinery & Petrochemicals,"Maharashtra, India",17016.26,746.04,33.62,26.32,null,69.15,7.45,NONE
2026-01-12 23:00:00,Facility_C,Refinery & Petrochemicals,"Maharashtra, India",20234.38,826.85,32.19,23.7,91.87876853187866,75.08,7.77,NONE
2026-01-12 23:15:00,Facility_E,Data Center Cooling,"Nuevo Leon, Mexico",15915.89,733.45,22.9,22.75,96.59426126510341,76.45,7.48,NONE
2026-01-12 23:30:00,Facility_C,Refinery & Petrochemicals,"Maharashtra, India",20907.82,739.73,33.68,29.91,92.71097262636937,77.31,7.35,NONE
2026-01-12 23:45:00,Facility_B,Heavy Manufacturing,"Indiana, USA",20070.01,668.25,26.07,28.14,96.02253330123521,78.11,7.07,NONE
2026-01-13 00:00:00,Facility_C,Refinery & Petrochemicals,"Maharashtra, India",22477.64,702.03,148.34,26.48,92.94360377499332,80.02,7.15,CHEMICAL_DOSING_BREACH
2026-01-13 00:15:00,facility_d,Pharmaceuticals & Healthcare,"Flanders, Belgium",15687.41,761.17,40.34,26.02,90.12044297860132,65.54,7.06,NONE
2026-01-13 00:30:00,FACILITY_A,Food & Beverage Processing,"Illinois, USA",19528.69,814.77,36.21,27.43,92.46586346975205,75.21,7.2,NONE
2026-01-13 00:45:00,Facility_C,Refinery & Petrochemicals,"Maharashtra, India",22709.2,762.3,35.14,23.29,92.87460849112716,77.76,7.05,NONE
2026-01-13 01:00:00,Facility_C,Refinery & Petrochemicals,"Maharashtra, India",17130.94,838.59,29.3,29.44,91.79713955144608,72.25,7.04,NONE
2026-01-13 01:15:00,Facility_E,Data Center Cooling,"Nuevo Leon, Mexico",22057.21,934.49,31.78,26.23,97.13398587357273,72.57,7.73,NONE
2026-01-13 01:30:00,Facility_B,Heavy Mfg.,"Indiana, USA",144871.89,592.78,24.28,29.73,48.127249244621915,129.82,7.17,PRESSURE_BURST_SURGE
2026-01-13 01:45:00,Facility_E,Data Center Cooling,"Nuevo Leon, Mexico",16273.41,875.01,29.79,28.82,99.40056237604891,77.52,7.45,NONE
2026-01-13 02:00:00,Facility_D,Pharmaceuticals & Healthcare,"Flanders, Belgium",14358.21,483.24,39.43,31.14,93.91104341518813,71.34,6.84,NONE
2026-01-13 02:15:00,Facility_C,Refinery & Petrochemicals,"Maharashtra, India",17056.69,787.18,31.9,26.99,93.33642475687476,80.52,7.54,NONE
2026-01-13 02:30:00,Facility_B,Heavy Mfg.,"Indiana, USA",26674.72,855.83,30.81,28.74,92.18453882342885,77.32,7.29,NONE
2026-01-13 02:45:00,Facility_D,Pharmaceuticals & Healthcare,"Flanders, Belgium",16049.08,651.12,29.65,31.87,95.12065678882485,69.64,7.36,NONE
2026-01-13 03:00:00,Facility_E,Data Center Cooling,"Nuevo Leon, Mexico",20014.12,810.58,31.81,30.16,95.8884258591474,73.48,7.84,NONE
2026-01-13 03:15:00,Facility_E,Data Center Cooling,"Nuevo Leon, Mexico",24198.17,714.22,31.91,30.81,92.66876270307944,72.48,7.69,NONE
2026-01-13 03:30:00,Facility_E,DATA_CENTER_COOLING,"Nuevo Leon, Mexico",21062.8,769.51,34.38,34.23,91.81480016966219,73.01,7.37,NONE
2026-01-13 03:45:00,Facility_B_Unit2,Heavy Manufacturing,"Indiana, USA",26089.38,871.61,26.44,27.55,99.1122407835192,76.75,7.23,NONE
2026-01-13 04:00:00,Facility_C,Refinery & Petrochemicals,"Maharashtra, India",19814.54,919.42,32.19,30.34,89.0524328291151,73.47,7.52,NONE
2026-01-13 04:15:00,Facility_C,Refinery & Petrochemicals,"Maharashtra, India",16308.57,762.45,38.86,31.15,89.79557862102764,75.68,7.51,NONE
2026-01-13 04:30:00,Facility_C,Refinery & Petrochemicals,"Maharashtra, India",19070.97,861.64,33.02,30.94,89.77135908142965,66.8,7.57,NONE
2026-01-13 04:45:00,facility_d,Pharmaceuticals & Healthcare,"Flanders, Belgium",18765.19,542.63,,31.78,88.67435400757495,78.47,7.48,NONE
2026-01-13 05:00:00,Facility_B,Mfg Heavy,"Indiana, USA",21278.43,850.58,39.65,32.5,90.8503130265995,77.23,6.95,NONE
2026-01-13 05:15:00,Facility_A,F&B Processing,"Illinois, USA",16093.13,708.2,33.82,31.88,96.14058791857077,76.23,6.9,NONE
2026-01-13 05:30:00,Facility_B,Heavy Manufacturing,"Indiana, USA",25601.43,921.37,30.36,30.79,94.553522774113,75.41,6.8,NONE
2026-01-13 05:45:00,antwerp_hub_d,PHARMACEUTICALS,"Flanders, Belgium",21313.21,562.71,-0.74,26.34,98.81517409325,68.8,8.06,CHEMICAL_DOSING_BREACH
2026-01-13 06:00:00,Facility_D,Pharmaceuticals & Healthcare,"Flanders, Belgium",23479.41,493.61,40.93,28.67,91.45390068520153,71.22,7.48,NONE
2026-01-13 06:15:00,Facility_B,Heavy Manufacturing,"Indiana, USA",26794.69,739.07,30.35,30.12,87.67423077868403,72.05,7.81,NONE
2026-01-13 06:30:00,facility_d,Pharmaceuticals & Healthcare,"Flanders, Belgium",17819.86,464.56,,28.8,94.18617257731984,73.23,7.84,NONE
2026-01-13 06:45:00,Facility_A,Food & Beverage Processing,"Illinois, USA",18867.07,631.39,29.53,28.21,92.8303529226739,81.96,7.7,NONE
2026-01-13 07:00:00,Fac_D,Pharmaceuticals & Healthcare,"Flanders, Belgium",23304.09,596.27,38.1,28.57,94.3629369247593,73.41,7.57,NONE
2026-01-13 07:15:00,Facility_C,Refinery & Petrochemicals,"Maharashtra, India",16291.56,781.09,28.89,30.9,95.66240602082945,66.7,6.97,NONE
2026-01-13 07:30:00,Facility_E,Data Center Cooling,"Nuevo Leon, Mexico",17818.58,736.68,22.63,32.68,94.89568954082571,76.7,6.91,NONE
2026-01-13 07:45:00,antwerp_hub_d,Pharmaceuticals & Healthcare,"Flanders, Belgium",21623.84,605.96,34.63,27.31,93.2563928861795,71.9,7.23,NONE
2026-01-13 08:00:00,Facility_D,Pharmaceuticals & Healthcare,"Flanders, Belgium",17134.4,610.05,26.58,32.54,96.69397276389158,74.95,7.31,NONE
2026-01-13 08:15:00,Facility_D,Pharmaceuticals & Healthcare,"Flanders, Belgium",21151.84,566.6,36.33,31.88,100.0,69.63,7.47,NONE
2026-01-13 08:30:00,Facility_C,Refinery & Petrochemicals,"Maharashtra, India",85986.23,815.98,32.23,31.85,48.40027306072823,138.86,7.81,PRESSURE_BURST_SURGE
2026-01-13 08:45:00,monterrey_e,Data Center Cooling,"Nuevo Leon, Mexico",19244.04,616.51,32.97,34.02,92.05474851463377,82.53,7.28,NONE
2026-01-13 09:00:00,Facility_E,DATA_CENTER_COOLING,"Nuevo Leon, Mexico",17625.06,727.08,32.9,27.82,91.57891629117924,76.67,7.35,NONE
2026-01-13 09:15:00,Facility_C,Refinery & Petrochemicals,"Maharashtra, India",20147.8,795.48,37.51,28.36,94.24153901449725,69.83,7.71,NONE
2026-01-13 09:30:00,monterrey_e,Data Center Cooling,"Nuevo Leon, Mexico",19494.02,834.66,27.52,29.3,91.91611343714976,69.43,6.86,NONE
2026-01-13 09:45:00,Facility_C,Refinery & Petrochemicals,"Maharashtra, India",16442.77,751.83,36.39,30.54,92.07357612865009,70.03,6.95,NONE
2026-01-13 10:00:00,Facility_E,Data Center Cooling,"Nuevo Leon, Mexico",22315.52,853.74,33.82,29.78,95.54333861525632,81.64,7.44,NONE
2026-01-13 10:15:00,Facility_C,Refinery & Petrochemicals,"Maharashtra, India",20286.76,752.08,29.78,27.04,93.4706910766891,74.27,7.89,NONE
2026-01-13 10:30:00,Facility_E,Data Center Cooling,"Nuevo Leon, Mexico",21305.79,838.41,26.67,27.47,89.24717556088497,70.66,7.5,NONE
2026-01-13 10:45:00,Facility_A,Food & Beverage Processing,"Illinois, USA",19280.48,780.23,32.26,27.15,100.0,73.58,7.68,NONE
2026-01-13 11:00:00,FAC_A,Food & Beverage Processing,"Illinois, USA",18335.58,763.59,35.4,27.91,85.96565464737087,74.08,7.69,NONE
2026-01-13 11:15:00,Facility_B,Heavy Manufacturing,"Indiana, USA",168.84,3319.26,21.27,25.98,47.16291884674397,75.85,7.69,BROWNOUT_WATER_STALL
2026-01-13 11:30:00,Facility_C,Refinery & Petrochemicals,"Maharashtra, India",16867.23,778.06,36.18,29.96,91.58832919779002,73.19,7.7,NONE
2026-01-13 11:45:00,Facility_B,Heavy Manufacturing,"Indiana, USA",31376.39,879.88,27.44,25.91,87.60218619244708,69.83,7.38,NONE
2026-01-13 12:00:00,Facility_A,Food & Beverage Processing,"Illinois, USA",18844.64,757.45,,25.19,94.59230162990504,85.27,7.26,NONE
2026-01-13 12:15:00,Facility_E,Data Center Cooling,"Nuevo Leon, Mexico",21451.66,813.52,26.1,28.53,88.44707164442262,72.17,7.26,NONE
2026-01-13 12:30:00,Facility_E,Data Center Cooling,"Nuevo Leon, Mexico",,602.14,34.18,26.72,97.0930606255972,81.26,7.14,NONE
2026-01-13 12:45:00,facility_c,Refinery & Petrochemicals,"Maharashtra, India",13191.66,866.07,34.3,23.68,95.34415888972963,85.09,7.32,NONE
2026-01-13 13:00:00,Facility_D,Pharmaceuticals & Healthcare,"Flanders, Belgium",20855.47,512.81,30.42,27.11,95.24743414978646,71.9,7.83,NONE
2026-01-13 13:15:00,Facility_C,Refinery & Petrochemicals,"Maharashtra, India",14840.6,681.43,33.22,24.57,98.18913506409157,74.22,7.3,NONE
2026-01-13 13:30:00,Facility_D,Pharmaceuticals & Healthcare,"Flanders, Belgium",15866.21,630.83,32.73,22.67,92.21917394896904,74.73,7.15,NONE
2026-01-13 13:45:00,Facility_B,Heavy Manufacturing,"Indiana, USA",27978.08,816.23,32.92,25.64,99.23273388916523,72.01,7.59,NONE
2026-01-13 14:00:00,Facility_D,Pharmaceuticals & Healthcare,"Flanders, Belgium",14705.32,733.54,40.83,23.97,92.67079932597488,72.89,7.87,NONE
2026-01-13 14:15:00,antwerp_hub_d,Pharmaceuticals & Healthcare,"Flanders, Belgium",20737.39,543.78,32.3,26.43,,77.18,7.33,NONE
2026-01-13 14:30:00,facility_a,Food & Beverage Processing,"Illinois, USA",18570.42,833.16,38.97,25.22,,75.06,6.97,NONE
2026-01-13 14:45:00,Facility_E,Data Center Cooling,"Nuevo Leon, Mexico",18619.29,835.96,33.85,25.76,94.6073673922785,78.91,7.33,NONE
2026-01-13 15:00:00,Facility_D,Pharmaceuticals & Healthcare,"Flanders, Belgium",20114.82,557.35,33.06,25.23,97.58039809491567,85.13,7.42,NONE
2026-01-13 15:15:00,facility_e,DATA_CENTER_COOLING,"Nuevo Leon, Mexico",18446.95,725.37,27.93,23.76,null,75.63,7.57,NONE
2026-01-13 15:30:00,Facility_A,Food & Beverage Processing,"Illinois, USA",19719.36,554.34,32.45,23.48,95.26085396422698,72.37,7.41,NONE
2026-01-13 15:45:00,Facility_A,Food & Beverage Processing,"Illinois, USA",20548.79,701.59,34.34,23.3,94.00130826340832,60.85,7.03,NONE
2026-01-13 16:00:00,facility_c,Refinery & Petrochemicals,"Maharashtra, India",16248.83,793.81,40.84,22.82,96.21455417377558,76.92,7.39,NONE
2026-01-13 16:15:00,FACILITY_D,Pharmaceuticals & Healthcare,"Flanders, Belgium",20008.31,582.99,36.9,23.62,98.12922051136553,76.13,7.41,NONE
2026-01-13 16:30:00,Facility_C,Refinery & Petrochemicals,"Maharashtra, India",16844.63,887.01,,19.73,94.68867420261603,70.04,7.65,NONE
2026-01-13 16:45:00,Facility_B,HEAVY_MANUFACTURING,"Indiana, USA",20579.27,920.79,31.95,22.92,86.78137074374301,66.25,7.42,NONE
2026-01-13 17:00:00,Facility_A_Line1,Food & Beverage Processing,"Illinois, USA",18724.89,764.86,31.21,22.36,85.73578376493205,77.7,7.17,NONE
2026-01-13 17:15:00,Facility_D,Pharmaceuticals & Healthcare,"Flanders, Belgium",17824.52,508.13,31.03,25.23,96.04556062385564,77.65,7.29,NONE
2026-01-13 17:30:00,Facility_B,Heavy Manufacturing,"Indiana, USA",20411.48,1016.57,30.27,22.78,92.35077432864935,64.8,7.67,NONE
2026-01-13 17:45:00,Facility_E,Data Center Cooling,"Nuevo Leon, Mexico",18421.89,790.99,31.74,23.11,95.00391532906202,80.06,7.13,NONE
2026-01-13 18:00:00,Facility_B,Heavy Manufacturing,"Indiana, USA",,3202.57,20.77,23.02,55.57610436313533,80.19,7.87,BROWNOUT_WATER_STALL
2026-01-13 18:15:00, Facility_A ,Food & Beverage Processing,"Illinois, USA",15162.94,686.25,38.09,21.09,95.60217301229468,80.45,6.96,NONE
2026-01-13 18:30:00,Facility_E,Data Center Cooling,"Nuevo Leon, Mexico",20230.68,835.67,33.36,22.23,91.14905250023405,78.3,7.68,NONE
2026-01-13 18:45:00,Facility_B,Mfg Heavy,"Indiana, USA",22185.6,738.87,29.45,23.71,92.54297892726382,77.06,7.15,NONE
2026-01-13 19:00:00,Facility_E,DATA_CENTER_COOLING,"Nuevo Leon, Mexico",15745.6,718.21,,22.14,89.79246955628965,65.83,7.21,NONE
2026-01-13 19:15:00,antwerp_hub_d,Pharmaceuticals & Healthcare,"Flanders, Belgium",20735.39,640.48,42.49,21.24,89.80813976438283,76.23,7.53,NONE
2026-01-13 19:30:00,Facility_C,Refinery & Petrochemicals,"Maharashtra, India",19731.08,620.51,,145.13,95.05909822281737,77.45,7.39,SENSOR_TEMP_SPIKE
2026-01-13 19:45:00,Fac_E_Cooling,Data Center Cooling,"Nuevo Leon, Mexico",21937.54,773.46,28.78,22.43,93.76013256013594,76.18,7.42,NONE
2026-01-13 20:00:00,Facility_E,Data Center Cooling,"Nuevo Leon, Mexico",22064.25,850.7,29.61,21.87,96.32754171518134,67.85,7.05,NONE
2026-01-13 20:15:00,Facility_B,Heavy Manufacturing,"Indiana, USA",26829.38,883.38,225.53,22.49,91.56053173689709,71.81,7.61,CHEMICAL_DOSING_BREACH
2026-01-13 20:30:00,Facility_D,Pharmaceuticals & Healthcare,"Flanders, Belgium",17492.62,492.2,43.46,24.39,91.23865886696595,77.24,7.33,NONE
2026-01-13 20:45:00,Facility_A,Food & Beverage Processing,"Illinois, USA",18599.33,744.03,28.39,22.87,93.88867540543855,71.75,7.54,NONE
2026-01-13 21:00:00,Facility_B,Heavy Manufacturing,"Indiana, USA",31574.39,776.64,21.51,20.07,N/A,71.02,7.41,NONE
2026-01-13 21:15:00,Facility_A,Food & Beverage Processing,"Illinois, USA",19569.51,598.69,23.88,24.4,93.93337227110386,72.08,6.89,NONE
2026-01-13 21:30:00,pune_fac_c,Refinery & Petrochemicals,"Maharashtra, India",19891.99,875.83,36.67,22.54,93.64256692982768,67.85,7.65,NONE
2026-01-13 21:45:00,Facility_C,Refinery & Petrochemicals,"Maharashtra, India",19011.91,639.61,34.24,25.11,92.43424761287832,72.76,7.01,NONE
2026-01-13 22:00:00,FAC-B,Heavy Manufacturing,"Indiana, USA",,785.53,19.44,23.83,96.63967908982514,72.26,7.84,NONE
2026-01-13 22:15:00,Facility_A,FOOD & BEV,"Illinois, USA",20254.59,737.15,30.96,24.61,92.65704436761759,72.64,7.5,NONE
2026-01-13 22:30:00,Facility_B,Heavy Manufacturing,"Indiana, USA",22893.79,749.62,23.78,28.65,95.19709728534586,75.37,7.05,NONE
2026-01-13 22:45:00,Facility_D,Pharmaceuticals & Healthcare,"Flanders, Belgium",20119.2,562.37,38.4,23.46,94.01286034373625,72.09,7.14,NONE
2026-01-13 23:00:00,Facility_D,Pharmaceuticals & Healthcare,"Flanders, Belgium",20368.01,481.5,39.87,26.7,90.68514023823603,70.31,7.29,NONE
2026-01-13 23:15:00,Facility_A,F&B Processing,"Illinois, USA",19914.94,702.1,33.32,28.89,91.87530633872092,66.28,7.58,NONE
2026-01-13 23:30:00,Facility_A,Food & Beverage Processing,"Illinois, USA",23154.08,741.0,26.93,25.75,89.92072485052277,76.89,6.97,NONE
2026-01-13 23:45:00,Facility_A_Line1,Food & Beverage Processing,"Illinois, USA",18569.23,641.39,32.03,25.58,94.06563873040085,74.1,7.07,NONE
2026-01-14 00:00:00,Facility_B,Heavy Manufacturing,"Indiana, USA",27730.06,835.9,24.35,30.53,95.0245765334948,73.31,7.75,NONE
2026-01-14 00:15:00,Facility_E,DATA_CENTER_COOLING,"Nuevo Leon, Mexico",25763.48,739.1,29.96,24.98,93.02898319754236,73.1,7.4,NONE
2026-01-14 00:30:00,Facility_D,Pharmaceuticals & Healthcare,"Flanders, Belgium",19466.47,600.85,38.5,24.84,90.49690526162853,71.54,7.27,NONE
2026-01-14 00:45:00,Facility_B,Heavy Manufacturing,"Indiana, USA",29041.94,742.31,27.0,29.0,92.54039208161085,76.07,7.31,NONE
2026-01-14 01:00:00,Facility_A,Food & Beverage Processing,"Illinois, USA",19856.57,696.71,34.3,24.75,92.33740157315665,75.33,7.5,NONE
2026-01-14 01:15:00,antwerp_hub_d,Pharmaceuticals & Healthcare,"Flanders, Belgium",22072.59,546.75,43.71,26.6,97.75166851694286,77.68,7.09,NONE
2026-01-14 01:30:00,pune_fac_c,Refinery & Petrochemicals,"Maharashtra, India",19520.68,773.02,38.13,27.63,92.51681207788246,80.16,7.32,NONE
2026-01-14 01:45:00,Facility_A,Food & Beverage Processing,"Illinois, USA",21173.32,696.93,38.5,27.05,91.53474070000901,80.86,7.23,NONE
2026-01-14 02:00:00,FACILITY_D,Pharmaceuticals & Healthcare,"Flanders, Belgium",22315.46,619.75,36.85,25.24,--,74.46,7.68,NONE
2026-01-14 02:15:00,Facility_C,Refinery & Petrochemicals,"Maharashtra, India",22415.68,723.78,38.86,30.1,96.93492064771343,76.24,6.81,NONE
2026-01-14 02:30:00,Facility_D,Pharmaceuticals & Healthcare,"Flanders, Belgium",18369.88,503.24,36.65,30.7,94.47648267479991,79.17,7.45,NONE
2026-01-14 02:45:00,Facility_D,Pharmaceuticals & Healthcare,"Flanders, Belgium",15802.6,425.56,38.12,28.75,90.37377363397798,66.35,7.14,NONE
2026-01-14 03:00:00,Facility_B,Heavy Manufacturing,"Indiana, USA",25188.09,895.93,29.29,32.22,90.18606702065473,77.96,7.36,NONE
2026-01-14 03:15:00,monterrey_e,Data Center Cooling,"Nuevo Leon, Mexico",22858.9,717.26,33.0,30.04,91.32577604826321,73.95,7.28,NONE
2026-01-14 03:30:00,FACILITY_C,Refinery & Petrochemicals,"Maharashtra, India",19932.17,685.33,35.38,30.38,93.6056745830177,80.06,7.57,NONE
2026-01-14 03:45:00,Facility_C,REFINERY_PETRO,"Maharashtra, India",18810.1,793.84,36.74,30.55,87.65789441387325,72.64,6.93,NONE
2026-01-14 04:00:00,monterrey_e,Data Center Cooling,"Nuevo Leon, Mexico",24336.61,745.44,27.69,31.58,94.8514393518396,68.92,7.33,NONE
2026-01-14 04:15:00,Facility_B,Heavy Manufacturing,"Indiana, USA",24752.73,693.46,,29.76,93.1321570192261,67.33,7.67,NONE
2026-01-14 04:30:00,Facility_A,Food & Beverage Processing,"Illinois, USA",19026.98,715.68,33.18,28.78,94.96033911402463,72.35,7.1,NONE
2026-01-14 04:45:00,Facility_D,Pharmaceuticals & Healthcare,"Flanders, Belgium",20007.12,653.88,40.54,31.95,91.83398205900065,66.81,7.77,NONE
2026-01-14 05:00:00,Facility_B,Heavy Manufacturing,"Indiana, USA",32148.31,969.6,27.09,28.29,90.08981536697739,66.42,7.32,NONE
2026-01-14 05:15:00,Facility_D,Pharmaceuticals & Healthcare,"Flanders, Belgium",22325.8,560.94,38.77,32.9,92.20689500213632,83.16,7.91,NONE
2026-01-14 05:30:00,facility_a,Food & Beverage Processing,"Illinois, USA",18959.93,671.82,34.43,29.84,89.79902330538452,79.77,7.69,NONE
2026-01-14 05:45:00,Facility_A,Food & Beverage Processing,"Illinois, USA",19622.47,622.96,26.34,30.68,91.9004126895839,72.47,7.64,NONE
2026-01-14 06:00:00,Facility_D,PHARMACEUTICALS,"Flanders, Belgium",20365.93,647.42,33.34,29.88,95.92874142547237,76.02,7.78,NONE
2026-01-14 06:15:00,FACILITY_D,Pharmaceuticals & Healthcare,"Flanders, Belgium",19663.64,674.16,39.77,32.4,92.46475217028974,74.06,7.61,NONE
2026-01-14 06:30:00,Facility_D,PHARMACEUTICALS,"Flanders, Belgium",22342.2,610.49,37.15,-16.4,86.48566829990438,67.6,7.54,SENSOR_TEMP_SPIKE
2026-01-14 06:45:00,Facility_C,Refinery & Petrochemicals,"Maharashtra, India",18858.87,821.36,32.08,31.45,96.68212649026427,79.49,7.91,NONE
2026-01-14 07:00:00,Facility_D,Pharmaceuticals & Healthcare,"Flanders, Belgium",19267.31,584.59,31.1,29.41,92.88213736317884,78.73,7.18,NONE
2026-01-14 07:15:00,Facility_B,Heavy Manufacturing,"Indiana, USA",28254.51,839.86,27.76,30.74,92.2482996087909,72.07,6.87,NONE
2026-01-14 07:30:00,Facility_A,Food & Beverage Processing,"Illinois, USA",18689.84,678.78,29.33,30.95,95.60762224892963,75.04,7.63,NONE
2026-01-14 07:45:00,Facility_C,REFINERY_PETRO,"Maharashtra, India",94803.38,754.07,33.56,30.65,52.395480093838955,116.34,7.68,PRESSURE_BURST_SURGE
2026-01-14 08:00:00,Facility_A,FOOD & BEV,"Illinois, USA",18561.47,855.2,30.28,31.24,95.74643395689411,72.26,7.37,NONE
2026-01-14 08:15:00,Facility_B,Heavy Manufacturing,"Indiana, USA",30246.2,812.94,26.75,27.75,98.51616710433578,71.84,7.69,NONE
2026-01-14 08:30:00,Facility_A,Food & Beverage Processing,"Illinois, USA",17872.93,796.32,34.89,29.26,91.15031689187386,71.06,7.16,NONE
2026-01-14 08:45:00,Facility_D,pharma,"Flanders, Belgium",21111.7,578.12,32.82,29.05,93.0807356737911,64.37,7.29,NONE
2026-01-14 09:00:00,Facility_C,Refinery & Petrochemicals,"Maharashtra, India",20460.87,766.31,36.57,30.2,92.40367282953257,77.29,7.76,NONE
2026-01-14 09:15:00,Facility_A,Food & Beverage Processing,"Illinois, USA",15740.51,688.41,41.28,29.44,93.38847375842879,72.84,7.71,NONE
2026-01-14 09:30:00,Facility_C ,Refinery & Petrochemicals,"Maharashtra, India",16705.59,848.96,34.34,27.59,92.7604715178587,73.79,7.21,NONE
2026-01-14 09:45:00,Facility_C,Refinery & Petrochemicals,"Maharashtra, India",21341.02,719.34,36.09,29.69,93.91511375578679,77.48,7.23,NONE
2026-01-14 10:00:00,Facility_B,Heavy Manufacturing,"Indiana, USA",27716.91,894.79,32.57,25.11,95.12894764375702,78.06,7.23,NONE
2026-01-14 10:15:00,FACILITY_B,Heavy Manufacturing,"Indiana, USA",24094.6,781.08,24.17,29.47,100.0,71.5,7.22,NONE
2026-01-14 10:30:00,Facility_A,Food & Beverage Processing,"Illinois, USA",19298.59,598.78,28.58,27.93,90.63942936639707,79.39,6.99,NONE
2026-01-14 10:45:00,Facility_D,Pharmaceuticals & Healthcare,"Flanders, Belgium",20742.91,652.56,39.1,27.54,94.288101801512,72.02,6.78,NONE
2026-01-14 11:00:00,Facility_A,Food & Beverage Processing,"Illinois, USA",16999.4,712.2,27.55,26.79,95.03337331011679,74.65,7.65,NONE
2026-01-14 11:15:00,Facility_D,Pharmaceuticals & Healthcare,"Flanders, Belgium",19379.78,589.08,34.51,24.88,92.1786491359663,70.73,7.3,NONE
2026-01-14 11:30:00,Facility_E,Data Center Cooling,"Nuevo Leon, Mexico",18400.79,813.19,25.43,26.37,93.43538527048395,79.05,7.84,NONE
2026-01-14 11:45:00,Facility_C,Refinery & Petrochemicals,"Maharashtra, India",22955.63,677.4,33.93,25.75,94.68498920872194,75.39,7.19,NONE
2026-01-14 12:00:00, Facility_A ,Food & Beverage Processing,"Illinois, USA",17732.89,641.88,20.35,24.16,96.27367892859075,80.59,7.73,NONE
2026-01-14 12:15:00,Facility_B,Heavy Mfg.,"Indiana, USA",28603.9,755.0,23.54,22.98,91.63376909477209,74.39,7.07,NONE
2026-01-14 12:30:00,Facility_C,Refinery & Petrochemicals,"Maharashtra, India",19800.93,827.65,33.51,23.57,97.91896500416415,74.16,7.89,NONE
2026-01-14 12:45:00,Facility_C,Refinery & Petrochemicals,"Maharashtra, India",19035.71,789.6,31.45,24.96,88.51183113786266,67.95,7.56,NONE
2026-01-14 13:00:00,Facility_D,Pharmaceuticals & Healthcare,"Flanders, Belgium",18084.24,544.95,34.39,24.77,97.12580301314296,74.65,7.02,NONE
2026-01-14 13:15:00,Fac_D,Pharmaceuticals & Healthcare,"Flanders, Belgium",21033.53,667.15,39.58,26.82,97.40650533558058,66.55,7.87,NONE
2026-01-14 13:30:00,Facility_E,Data Center Cooling,"Nuevo Leon, Mexico",23882.2,786.66,27.97,22.56,92.43951646817196,76.02,7.04,NONE
2026-01-14 13:45:00,facility_e,data center,"Nuevo Leon, Mexico",20923.4,661.23,26.88,22.3,88.83511651904895,75.53,7.19,NONE
2026-01-14 14:00:00,Facility_C,Refinery & Petrochemicals,"Maharashtra, India",17729.48,727.78,46.94,25.59,95.78717932533667,70.51,7.49,NONE
2026-01-14 14:15:00,Facility_D,Pharmaceuticals & Healthcare,"Flanders, Belgium",18207.47,524.42,45.6,25.31,95.171483617511,69.63,6.99,NONE
2026-01-14 14:30:00,facility_b,Heavy Mfg.,"Indiana, USA",25611.89,791.82,31.07,25.29,93.7096104579819,77.72,7.4,NONE
2026-01-14 14:45:00,Facility_C,Refinery & Petrochemicals,"Maharashtra, India",121129.46,761.59,36.07,25.53,55.12192281953368,123.64,7.62,PRESSURE_BURST_SURGE
2026-01-14 15:00:00,Facility_A,F&B Processing,"Illinois, USA",20013.75,747.22,27.27,23.97,86.58382756383244,76.17,7.53,NONE
2026-01-14 15:15:00,Facility_B,Heavy Mfg.,"Indiana, USA",28103.51,806.82,29.8,26.06,98.02406287453204,73.87,7.39,NONE
2026-01-14 15:30:00,Facility_D,Pharmaceuticals & Healthcare,"Flanders, Belgium",21214.42,483.6,36.14,25.73,96.62064173339125,75.66,6.93,NONE
2026-01-14 15:45:00,Facility_C,Refinery & Petrochemicals,"Maharashtra, India",18714.24,731.16,36.89,21.72,90.21768513608126,64.71,7.69,NONE
2026-01-14 16:00:00,Facility_E,Data Center Cooling,"Nuevo Leon, Mexico",20087.78,761.79,28.49,21.11,89.47099228336577,69.48,7.15,NONE
2026-01-14 16:15:00,facility_d,Pharmaceuticals & Healthcare,"Flanders, Belgium",19542.5,523.72,44.84,24.76,96.08675055893026,73.46,7.77,NONE
2026-01-14 16:30:00,Facility_E,Data Center Cooling,"Nuevo Leon, Mexico",20548.01,747.66,29.21,24.07,95.53810585280955,71.86,7.2,NONE
2026-01-14 16:45:00,monterrey_e,Data Center Cooling,"Nuevo Leon, Mexico",22720.23,803.64,26.85,19.86,92.83658849277361,76.81,7.86,NONE
2026-01-14 17:00:00,FACILITY_D,Pharmaceuticals & Healthcare,"Flanders, Belgium",16028.05,544.73,35.86,25.08,93.38818719853238,69.92,7.51,NONE
2026-01-14 17:15:00,Facility_D,Pharmaceuticals & Healthcare,"Flanders, Belgium",17810.07,499.33,33.75,25.7,ERROR_SENSOR,74.48,7.28,NONE
2026-01-14 17:30:00,Facility_D,Healthcare & Pharma,"Flanders, Belgium",19375.25,584.95,38.73,22.74,96.28015468257776,74.1,7.08,NONE
2026-01-14 17:45:00,Facility_E,Data Center Cooling,"Nuevo Leon, Mexico",19549.35,601.57,37.01,24.06,90.84377441558644,72.73,7.17,NONE
2026-01-14 18:00:00,Facility_B,Heavy Manufacturing,"Indiana, USA",30563.88,720.73,28.98,22.3,96.14588361826917,73.53,6.86,NONE
2026-01-14 18:15:00,Facility_A,Food & Beverage Processing,"Illinois, USA",18682.53,643.68,,25.09,87.93383921845671,70.4,7.2,NONE
2026-01-14 18:30:00,Facility_A,Food & Beverage Processing,"Illinois, USA",18380.84,765.77,30.77,23.28,91.49752626005832,75.03,7.57,NONE
2026-01-14 18:45:00,Facility_B,Heavy Manufacturing,"Indiana, USA",23523.68,905.63,28.72,24.46,92.85545631975369,75.72,7.34,NONE
2026-01-14 19:00:00,Facility_C,Refinery & Petrochemicals,"Maharashtra, India",18609.63,797.12,37.75,-28.04,98.08762754821721,65.63,7.16,SENSOR_TEMP_SPIKE
2026-01-14 19:15:00,Facility_B,HEAVY_MANUFACTURING,"Indiana, USA",25498.26,683.9,26.37,18.88,93.6011903165128,75.22,7.8,NONE
2026-01-14 19:30:00,Facility_D,Pharmaceuticals & Healthcare,"Flanders, Belgium",18989.98,628.41,39.95,22.02,88.99132561026548,75.24,6.93,NONE
2026-01-14 19:45:00,Facility_E,Data Center Cooling,"Nuevo Leon, Mexico",105.98,3093.54,33.52,22.05,N/A,74.94,7.34,BROWNOUT_WATER_STALL
2026-01-14 20:00:00,Facility_B,Heavy Manufacturing,"Indiana, USA",29430.87,728.15,31.88,24.53,97.90815207342904,74.2,7.06,NONE
2026-01-14 20:15:00,Facility_D,Pharmaceuticals & Healthcare,"Flanders, Belgium",18333.18,602.84,37.86,23.83,97.86891563485237,76.62,7.41,NONE
2026-01-14 20:30:00,Facility_C,Refinery & Petrochemicals,"Maharashtra, India",14660.14,716.09,33.8,19.77,89.95034052330506,72.79,7.32,NONE
2026-01-14 20:45:00,facility_d,PHARMACEUTICALS,"Flanders, Belgium",19855.19,557.32,38.54,22.74,93.63444233457112,76.03,7.76,NONE
2026-01-14 21:00:00,Facility_B,Heavy Manufacturing,"Indiana, USA",24197.28,852.11,32.15,21.08,99.89304360008681,79.31,6.87,NONE
2026-01-14 21:15:00,Facility_D,Pharmaceuticals & Healthcare,"Flanders, Belgium",19553.23,536.88,35.83,24.49,96.8612785147982,71.9,7.22,NONE
2026-01-14 21:30:00,FACILITY_E,Data Center Cooling,"Nuevo Leon, Mexico",22042.33,792.9,24.27,27.17,91.44139415308857,78.34,7.48,NONE
2026-01-14 21:45:00,Facility_A,Food & Beverage Processing,"Illinois, USA",20664.55,668.51,24.26,24.24,93.44470356460386,69.69,7.61,NONE
2026-01-14 22:00:00,Facility_C,Refinery & Petrochemicals,"Maharashtra, India",18710.58,714.14,37.96,25.6,91.20768659476512,79.55,7.98,NONE
2026-01-14 22:15:00,Facility_C,Refinery & Petrochemicals,"Maharashtra, India",16364.36,762.73,36.92,28.84,,69.77,7.09,NONE
2026-01-14 22:30:00,Facility_B,Heavy Manufacturing,"Indiana, USA",29570.06,780.54,24.93,-30.79,94.48630819706874,78.82,7.38,SENSOR_TEMP_SPIKE
2026-01-14 22:45:00,Facility_B,Heavy Manufacturing,"Indiana, USA",26560.4,823.23,28.76,24.42,88.4937472428033,68.89,7.34,NONE
2026-01-14 23:00:00,Facility_A,FOOD & BEV,"Illinois, USA",21419.11,832.95,30.73,24.17,N/A,69.29,7.57,NONE
2026-01-14 23:15:00,Facility_B,Heavy Manufacturing,"Indiana, USA",32405.48,781.83,23.49,27.53,94.51776495417268,75.51,7.79,NONE
2026-01-14 23:30:00,Facility_C,Refinery & Petrochemicals,"Maharashtra, India",15739.78,668.65,34.82,26.09,92.36416554642989,85.07,7.26,NONE
2026-01-14 23:45:00,Facility_B,Heavy Manufacturing,"Indiana, USA",24085.62,850.44,32.58,24.93,93.02964271947206,78.5,7.65,NONE
2026-01-15 00:00:00,Facility_D,Pharmaceuticals & Healthcare,"Flanders, Belgium",19207.85,706.61,45.82,23.97,88.08572409699975,77.58,7.73,NONE
2026-01-15 00:15:00,Facility_C,Refinery & Petrochemicals,"Maharashtra, India",18319.22,737.98,32.05,24.66,97.13629694691792,72.28,7.43,NONE
2026-01-15 00:30:00,facility_d,Pharmaceuticals & Healthcare,"Flanders, Belgium",14617.73,626.03,39.97,24.6,94.32889222874789,74.02,7.22,NONE
2026-01-15 00:45:00,Facility_B,Heavy Manufacturing,"Indiana, USA",16806.02,784.53,29.77,26.29,92.79057588237133,80.74,7.33,NONE
2026-01-15 01:00:00,facility_d,Pharmaceuticals & Healthcare,"Flanders, Belgium",14009.0,558.48,37.92,26.05,95.85119550637123,67.42,7.31,NONE
2026-01-15 01:15:00,Facility_C,Refinery & Petrochemicals,"Maharashtra, India",15497.42,754.03,38.47,27.49,92.79582877641057,74.12,7.37,NONE
2026-01-15 01:30:00,Facility_C,Petrochem / Refining,"Maharashtra, India",20394.35,831.38,41.47,28.33,88.18568161564795,77.86,7.73,NONE
2026-01-15 01:45:00,Facility_B,Heavy Manufacturing,"Indiana, USA",33408.45,961.94,26.44,28.61,92.63399441107117,72.17,7.32,NONE
2026-01-15 02:00:00,Facility_C,Refinery & Petrochemicals,"Maharashtra, India",21731.8,653.52,31.29,30.7,98.15173815703665,71.03,7.81,NONE
2026-01-15 02:15:00,Facility_B,heavy mfg,"Indiana, USA",28810.16,817.51,,25.72,91.39383459964914,77.42,7.56,NONE
2026-01-15 02:30:00,facility_d,Pharmaceuticals & Healthcare,"Flanders, Belgium",17671.22,555.84,37.36,28.54,94.02362804374015,73.86,6.88,NONE
2026-01-15 02:45:00,Facility_C,Refinery & Petrochemicals,"Maharashtra, India",18358.07,775.24,39.66,27.64,94.1524971243037,76.53,7.31,NONE
2026-01-15 03:00:00,FACILITY_B,Heavy Manufacturing,"Indiana, USA",20359.25,924.85,31.64,29.74,93.62905728284527,65.98,7.57,NONE
2026-01-15 03:15:00,Facility_A,Food & Beverage Processing,"Illinois, USA",22698.89,633.59,37.15,31.54,89.84177496527988,72.23,6.96,NONE
2026-01-15 03:30:00,Facility_D,PHARMACEUTICALS,"Flanders, Belgium",18572.68,594.51,,30.37,95.54520244313117,76.94,7.48,NONE
2026-01-15 03:45:00,Facility_E,Data Center Cooling,"Nuevo Leon, Mexico",17989.46,740.89,29.98,32.46,93.50789065436007,75.91,7.09,NONE
2026-01-15 04:00:00,Facility_A,Food & Beverage Processing,"Illinois, USA",16593.39,621.52,29.73,33.68,92.21335596979247,75.64,7.51,NONE
2026-01-15 04:15:00,Facility_D,Pharmaceuticals & Healthcare,"Flanders, Belgium",16267.12,544.24,40.12,30.86,87.11921719462643,76.67,7.2,NONE
2026-01-15 04:30:00,Facility_B,Heavy Manufacturing,"Indiana, USA",24165.8,874.01,34.9,29.83,97.27296068972565,67.52,7.39,NONE
2026-01-15 04:45:00,Facility_D,Pharmaceuticals & Healthcare,"Flanders, Belgium",17503.64,585.05,36.26,27.87,90.66029003903634,66.61,6.98,NONE
2026-01-15 05:00:00,pune_fac_c,Refinery & Petrochemicals,"Maharashtra, India",19912.17,757.49,36.47,33.63,92.55289026172076,76.85,7.36,NONE
2026-01-15 05:15:00,Facility_A,Food & Beverage Processing,"Illinois, USA",25649.11,497.84,28.49,31.6,91.0907027346306,76.55,7.33,NONE
2026-01-15 05:30:00,Facility_B,Heavy Manufacturing,"Indiana, USA",28466.84,744.9,29.23,31.3,93.92172530627627,74.67,7.69,NONE
2026-01-15 05:45:00,Facility_D,Pharmaceuticals & Healthcare,"Flanders, Belgium",,576.11,189.35,31.86,90.81861253641691,62.87,7.57,CHEMICAL_DOSING_BREACH
2026-01-15 06:00:00,Facility_C,Refinery & Petrochemicals,"Maharashtra, India",18220.68,804.71,41.49,31.17,94.04216986850864,73.79,7.03,NONE
2026-01-15 06:15:00,Facility_E,Data Center Cooling,"Nuevo Leon, Mexico",20554.99,898.04,26.92,30.21,97.52267165473711,67.06,7.52,NONE
2026-01-15 06:30:00,Facility_D,Pharmaceuticals & Healthcare,"Flanders, Belgium",15149.93,591.71,37.41,31.57,90.26008201550594,71.59,7.54,NONE
2026-01-15 06:45:00,FACILITY_B,Heavy Manufacturing,"Indiana, USA",24212.17,903.46,29.38,29.62,92.49086663030184,74.02,7.29,NONE
2026-01-15 07:00:00,Facility_B,Heavy Manufacturing,"Indiana, USA",28049.98,808.81,26.09,32.0,92.14918667496707,71.57,6.65,NONE
2026-01-15 07:15:00,Facility_D,Pharmaceuticals & Healthcare,"Flanders, Belgium",16383.98,521.28,35.23,28.99,96.64576047577265,70.51,7.15,NONE
2026-01-15 07:30:00,Facility_D,Pharmaceuticals & Healthcare,"Flanders, Belgium",19068.64,506.31,44.07,31.64,89.76212175325489,78.56,7.69,NONE
2026-01-15 07:45:00,Facility_A,Food & Beverage Processing,"Illinois, USA",16622.93,629.92,28.94,27.54,91.00307668984712,72.2,7.49,NONE
2026-01-15 08:00:00,Facility_C ,Refinery & Petrochemicals,"Maharashtra, India",19010.51,765.5,33.47,27.61,95.39349672570236,76.56,7.18,NONE
2026-01-15 08:15:00,Facility_E,Data Center Cooling,"Nuevo Leon, Mexico",18311.88,866.71,29.54,30.54,94.90847315423923,68.59,7.77,NONE
2026-01-15 08:30:00,Facility_C,REFINERY_PETRO,"Maharashtra, India",17915.4,840.87,41.63,29.82,89.71926909204763,62.78,7.34,NONE
2026-01-15 08:45:00,Facility_E,Data Center Cooling,"Nuevo Leon, Mexico",21733.37,706.44,29.07,30.28,96.68056893054283,72.97,7.34,NONE
2026-01-15 09:00:00,Facility_E,Data Center Cooling,"Nuevo Leon, Mexico",,752.52,26.34,28.4,92.04392691432864,74.7,7.11,NONE
2026-01-15 09:15:00,Facility_E,Data Center Cooling,"Nuevo Leon, Mexico",19958.08,885.64,32.26,27.41,96.26695337789941,76.82,7.32,NONE
2026-01-15 09:30:00,FAC_A,Food & Beverage Processing,"Illinois, USA",17626.48,654.43,32.44,27.41,97.01110825494985,80.21,7.34,NONE
2026-01-15 09:45:00,facility_b,HEAVY_MANUFACTURING,"Indiana, USA",29314.3,805.43,25.5,30.7,98.55557425793762,82.83,7.44,NONE
2026-01-15 10:00:00,Facility_E,Data Center Cooling,"Nuevo Leon, Mexico",23282.86,773.3,34.39,29.28,96.0762681237185,68.89,7.29,NONE
2026-01-15 10:15:00,Facility_A,Food & Beverage Processing,"Illinois, USA",21143.77,764.62,35.28,28.49,91.41352958996711,73.73,7.36,NONE
2026-01-15 10:30:00,Facility_A,food & beverage,"Illinois, USA",19821.8,643.99,30.38,27.87,86.32489069201911,77.75,7.4,NONE
2026-01-15 10:45:00,facility_e,Data Center Cooling,"Nuevo Leon, Mexico",21771.79,711.34,30.96,26.29,91.34059441846036,76.83,7.45,NONE
2026-01-15 11:00:00,pune_fac_c,Refinery & Petrochemicals,"Maharashtra, India",15940.59,899.56,32.31,27.3,99.08971963712625,64.73,6.87,NONE
2026-01-15 11:15:00,Facility_A,FOOD & BEV,"Illinois, USA",20284.56,536.28,22.92,29.4,92.19160522110691,83.88,7.06,NONE
2026-01-15 11:30:00,Facility_B,Heavy Manufacturing,"Indiana, USA",24804.36,885.41,30.48,26.56,91.42492796498426,75.04,7.74,NONE
2026-01-15 11:45:00,Facility_C,Refinery & Petrochemicals,"Maharashtra, India",20550.37,727.86,31.33,25.51,89.4240227668294,74.66,7.58,NONE
2026-01-15 12:00:00,Facility_D,Pharmaceuticals & Healthcare,"Flanders, Belgium",18558.75,666.85,44.96,27.05,95.74620076952539,69.95,7.25,NONE
2026-01-15 12:15:00,FACILITY_B,HEAVY_MANUFACTURING,"Indiana, USA",29727.42,791.34,34.75,28.24,95.90519667534835,68.72,7.26,NONE
2026-01-15 12:30:00,Facility_D,Pharmaceuticals & Healthcare,"Flanders, Belgium",20166.07,512.91,36.7,27.33,91.68184887064865,70.19,6.85,NONE
2026-01-15 12:45:00,Facility_E,DATA_CENTER_COOLING,"Nuevo Leon, Mexico",20121.04,807.99,24.83,25.75,92.78253033025898,71.0,7.58,NONE
2026-01-15 13:00:00,Facility_D,Pharmaceuticals & Healthcare,"Flanders, Belgium",79697.04,626.15,34.58,29.05,34.45117542537234,117.15,7.13,PRESSURE_BURST_SURGE
2026-01-15 13:15:00,Facility_C,Refinery & Petrochemicals,"Maharashtra, India",21359.7,730.58,35.96,27.37,91.03266509714814,78.5,7.13,NONE
2026-01-15 13:30:00,Facility_E,Data Center Cooling,"Nuevo Leon, Mexico",18953.81,811.39,32.37,26.5,89.28944829370195,71.9,7.58,NONE
2026-01-15 13:45:00,Facility_D,Pharmaceuticals & Healthcare,"Flanders, Belgium",18812.31,507.91,39.42,23.44,99.24247951485508,80.95,7.52,NONE
2026-01-15 14:00:00,Facility_E,Data Center Cooling,"Nuevo Leon, Mexico",24546.07,754.86,31.71,27.16,94.2855957817418,72.85,6.87,NONE
2026-01-15 14:15:00,Facility_A,Food & Beverage Processing,"Illinois, USA",19070.83,771.71,35.47,25.19,91.76784289612084,65.1,7.21,NONE
2026-01-15 14:30:00,Facility_E,Data Center Cooling,"Nuevo Leon, Mexico",20329.4,726.53,31.1,27.64,93.8952934458915,73.02,7.28,NONE
2026-01-15 14:45:00,FACILITY_E,Data Center Cooling,"Nuevo Leon, Mexico",21414.94,687.88,29.0,24.67,94.17099540343837,76.06,7.47,NONE
2026-01-15 15:00:00,facility_d,Pharmaceuticals & Healthcare,"Flanders, Belgium",14738.82,605.24,34.68,21.7,89.96575415086402,75.95,7.29,NONE
2026-01-15 15:15:00,Facility_A,Food & Beverage Processing,"Illinois, USA",15375.03,747.08,25.45,23.74,94.26319656215378,77.99,7.85,NONE
2026-01-15 15:30:00,Facility_C,Refinery & Petrochemicals,"Maharashtra, India",15743.87,772.92,34.34,24.11,94.19014006698758,72.41,7.23,NONE
2026-01-15 15:45:00,facility_b,Heavy Manufacturing,"Indiana, USA",22334.81,922.98,30.43,24.83,92.50673236327836,71.04,7.05,NONE
2026-01-15 16:00:00,Facility_B_Unit2,Heavy Manufacturing,"Indiana, USA",122442.17,752.66,36.26,20.68,50.660287404442755,125.77,7.52,PRESSURE_BURST_SURGE
2026-01-15 16:15:00,Facility_B,Mfg Heavy,"Indiana, USA",26333.68,741.48,30.21,21.86,86.26831562413288,68.41,7.26,NONE
2026-01-15 16:30:00,Fac_D,Pharmaceuticals & Healthcare,"Flanders, Belgium",18827.25,573.44,45.92,22.43,94.39000156651554,66.68,7.34,NONE
2026-01-15 16:45:00,Facility_D,Pharmaceuticals & Healthcare,"Flanders, Belgium",19469.7,490.75,,23.59,91.75175595420188,73.54,7.5,NONE
2026-01-15 17:00:00,Facility_C,Refinery & Petrochemicals,"Maharashtra, India",23428.78,759.77,-4.95,19.11,93.97476114778236,72.5,7.2,CHEMICAL_DOSING_BREACH
2026-01-15 17:15:00,Facility_E,Data Center Cooling,"Nuevo Leon, Mexico",22766.23,630.87,31.53,19.63,95.89622777977849,74.56,7.3,NONE
2026-01-15 17:30:00,Facility_A,Food & Beverage Processing,"Illinois, USA",19074.67,749.7,26.55,22.61,89.85359105893995,74.74,7.53,NONE
2026-01-15 17:45:00,Facility_D,Healthcare & Pharma,"Flanders, Belgium",19091.76,603.63,34.56,22.4,92.73847739800033,72.63,7.13,NONE
2026-01-15 18:00:00,Facility_C,Refinery & Petrochemicals,"Maharashtra, India",17851.41,690.54,28.38,21.24,95.50307087609973,75.05,7.0,NONE
2026-01-15 18:15:00,Facility_C,Refinery & Petrochemicals,"Maharashtra, India",17909.72,830.8,33.62,19.96,100.0,73.25,7.02,NONE
2026-01-15 18:30:00,Facility_D,Pharmaceuticals & Healthcare,"Flanders, Belgium",19103.71,564.13,31.03,22.7,96.64795363646607,72.95,6.77,NONE
2026-01-15 18:45:00,Facility_D,Pharmaceuticals & Healthcare,"Flanders, Belgium",19487.05,603.31,35.04,21.53,100.0,71.04,7.04,NONE
2026-01-15 19:00:00,Facility_D,Pharmaceuticals & Healthcare,"Flanders, Belgium",18775.41,601.71,39.74,18.19,91.38565918115529,79.19,7.44,NONE
2026-01-15 19:15:00,Facility_D,Pharmaceuticals & Healthcare,"Flanders, Belgium",15943.07,639.69,41.55,22.18,96.31429499779564,83.0,7.05,NONE
2026-01-15 19:30:00,facility_d,Pharmaceuticals & Healthcare,"Flanders, Belgium",19966.69,682.0,40.24,21.45,94.26452236941245,80.16,7.07,NONE
2026-01-15 19:45:00,Facility_A,FOOD & BEV,"Illinois, USA",19193.43,695.64,28.85,23.35,93.17770478702087,76.9,7.67,NONE
2026-01-15 20:00:00,Facility_D,Pharmaceuticals & Healthcare,"Flanders, Belgium",15859.87,572.84,37.28,23.4,93.45049329674545,69.59,7.76,NONE
2026-01-15 20:15:00,Facility_C,Refinery & Petrochemicals,"Maharashtra, India",23076.09,819.49,38.01,23.41,96.60145030969281,63.01,7.35,NONE
2026-01-15 20:30:00,Facility_D,Pharmaceuticals & Healthcare,"Flanders, Belgium",17432.72,577.3,42.09,23.36,92.34642451625385,67.69,7.32,NONE
2026-01-15 20:45:00,Facility_B,Heavy Manufacturing,"Indiana, USA",27870.57,769.35,20.09,27.59,ERROR_SENSOR,73.0,7.74,NONE
2026-01-15 21:00:00,Facility_C,Refinery & Petrochemicals,"Maharashtra, India",19146.64,880.5,40.73,21.38,94.97198277252178,81.76,7.07,NONE
2026-01-15 21:15:00,Facility_A,Food & Beverage Processing,"Illinois, USA",16982.94,654.73,-5.33,24.37,87.3055285413132,75.53,7.28,CHEMICAL_DOSING_BREACH
2026-01-15 21:30:00,FACILITY_B,Heavy Manufacturing,"Indiana, USA",26867.79,928.24,25.8,21.04,92.53003417114651,77.4,7.23,NONE
2026-01-15 21:45:00,Facility_B_Unit2,Heavy Manufacturing,"Indiana, USA",21155.39,904.11,34.44,24.31,88.36146924805888,72.57,7.39,NONE
2026-01-15 22:00:00,Facility_E,Data Center Cooling,"Nuevo Leon, Mexico",19049.81,793.75,24.69,24.55,92.76936933011724,76.77,7.35,NONE
2026-01-15 22:15:00,facility_b,Heavy Manufacturing,"Indiana, USA",25181.9,772.56,,24.26,90.71430318007037,74.72,7.45,NONE
2026-01-15 22:30:00,Facility_A,Food & Beverage Processing,"Illinois, USA",18480.75,779.42,32.61,22.66,97.77966078372378,77.45,7.63,NONE
2026-01-15 22:45:00,Facility_D,Healthcare & Pharma,"Flanders, Belgium",19618.64,435.98,42.09,25.32,94.63030138185854,76.43,7.89,NONE
2026-01-15 23:00:00,Facility_A,Food & Beverage Processing,"Illinois, USA",18000.37,675.9,27.93,23.54,90.13510005252897,65.67,7.47,NONE
2026-01-15 23:15:00,Facility_B,Heavy Manufacturing,"Indiana, USA",31941.86,1012.33,24.92,25.23,97.44669497744255,75.95,7.39,NONE
2026-01-15 23:30:00,Facility_A,Food & Beverage Processing,"Illinois, USA",18669.54,797.01,26.99,26.84,94.60378829607235,74.2,7.57,NONE
2026-01-15 23:45:00,facility_c,Refinery & Petrochemicals,"Maharashtra, India",18903.22,735.47,35.89,23.37,95.46068713982902,77.91,7.17,NONE
2026-01-16 00:00:00,Facility_B,Heavy Manufacturing,"Indiana, USA",23021.67,787.94,28.24,26.89,98.66957422044825,80.7,7.58,NONE
2026-01-16 00:15:00,Facility_B,HEAVY_MANUFACTURING,"Indiana, USA",26165.28,762.14,,127.33,94.40039722859281,76.82,7.37,SENSOR_TEMP_SPIKE
2026-01-16 00:30:00,Facility_E,Data Center Cooling,"Nuevo Leon, Mexico",23603.23,783.55,28.34,27.16,93.30083046936319,68.22,7.07,NONE
2026-01-16 00:45:00,Facility_C,Refinery & Petrochemicals,"Maharashtra, India",20500.07,679.15,33.8,25.39,92.03529936627578,73.3,7.24,NONE
2026-01-16 01:00:00,Facility_E,data center,"Nuevo Leon, Mexico",17483.38,736.09,24.47,26.39,95.86966449055998,78.3,6.98,NONE
2026-01-16 01:15:00,Facility_D,Pharmaceuticals & Healthcare,"Flanders, Belgium",22242.66,539.98,34.98,26.18,93.67891863995692,82.92,6.92,NONE
2026-01-16 01:30:00,Facility_D,Pharmaceuticals & Healthcare,"Flanders, Belgium",14098.66,584.28,39.89,28.13,95.40655832133226,68.91,7.09,NONE
2026-01-16 01:45:00,Facility_B_Unit2,Heavy Manufacturing,"Indiana, USA",26173.63,987.68,30.85,29.36,90.0642352141848,75.9,7.02,NONE
2026-01-16 02:00:00,Facility_C,Refinery & Petrochemicals,"Maharashtra, India",22820.79,698.37,32.15,25.85,93.77461222258046,74.2,7.77,NONE
2026-01-16 02:15:00,Facility_D,Pharmaceuticals & Healthcare,"Flanders, Belgium",20463.05,524.01,41.17,26.48,91.20127027574195,74.53,7.03,NONE
2026-01-16 02:30:00,Facility_B,Heavy Manufacturing,"Indiana, USA",29084.91,1031.46,27.26,27.76,93.08531324584305,71.49,7.42,NONE
2026-01-16 02:45:00,facility_e,Data Center Cooling,"Nuevo Leon, Mexico",17751.67,773.89,36.53,25.53,89.760328224191,72.0,7.5,NONE
2026-01-16 03:00:00,facility_e,Data Center Cooling,"Nuevo Leon, Mexico",23354.45,810.75,21.39,28.11,90.61898589402213,73.71,7.36,NONE
2026-01-16 03:15:00,Facility_B,Heavy Manufacturing,"Indiana, USA",21552.52,803.08,30.94,28.38,92.85925332675191,81.64,7.91,NONE
2026-01-16 03:30:00,facility_a,Food & Beverage Processing,"Illinois, USA",14266.88,721.12,43.75,30.54,93.5591681886309,79.91,7.41,NONE
2026-01-16 03:45:00,Facility_C,Refinery & Petrochemicals,"Maharashtra, India",20429.11,760.66,36.35,30.59,96.26978805015675,72.06,7.22,NONE
2026-01-16 04:00:00,Facility_D,Healthcare & Pharma,"Flanders, Belgium",14389.33,546.97,41.5,30.8,90.31039391230155,65.43,7.31,NONE
2026-01-16 04:15:00,antwerp_hub_d,Healthcare & Pharma,"Flanders, Belgium",20794.06,541.75,31.43,29.03,94.54370836453045,79.59,7.28,NONE
2026-01-16 04:30:00,Facility_C,Refinery & Petrochemicals,"Maharashtra, India",21210.26,850.35,30.56,32.45,94.44436085464686,68.57,7.84,NONE
2026-01-16 04:45:00,Facility_E,Data Center Cooling,"Nuevo Leon, Mexico",20782.04,604.24,25.53,28.57,91.31843221083243,72.0,7.28,NONE
2026-01-16 05:00:00,Facility_E,Data Center Cooling,"Nuevo Leon, Mexico",20353.05,742.69,30.97,29.02,97.27920169921262,68.49,7.52,NONE
2026-01-16 05:15:00,Facility_A,Food & Beverage Processing,"Illinois, USA",92321.48,700.35,32.31,28.68,49.96393482185107,131.19,7.56,PRESSURE_BURST_SURGE
2026-01-16 05:30:00,Facility_C,Refinery & Petrochemicals,"Maharashtra, India",21326.75,757.9,29.88,31.57,95.3217258344642,74.32,7.28,NONE
2026-01-16 05:45:00,Facility_D,PHARMACEUTICALS,"Flanders, Belgium",20880.39,512.91,34.25,28.68,93.77191348043465,69.1,7.16,NONE
2026-01-16 06:00:00,FAC-B,Heavy Manufacturing,"Indiana, USA",23605.83,818.11,22.25,30.66,97.49137168212697,74.61,7.78,NONE
2026-01-16 06:15:00,Facility_E,Data Center Cooling,"Nuevo Leon, Mexico",24477.68,808.33,28.81,30.53,95.94415927156243,72.24,6.82,NONE
2026-01-16 06:30:00,Facility_D,Pharmaceuticals & Healthcare,"Flanders, Belgium",19824.18,504.64,33.46,30.47,93.19560039182889,67.65,7.4,NONE
2026-01-16 06:45:00,Facility_A,Food & Beverage Processing,"Illinois, USA",21496.29,632.55,,27.61,100.0,72.15,7.39,NONE
2026-01-16 07:00:00,Facility_A_Line1,Food & Beverage Processing,"Illinois, USA",14889.45,708.57,32.46,30.21,91.69814055343241,69.74,7.67,NONE
2026-01-16 07:15:00,Facility_E,Data Center Cooling,"Nuevo Leon, Mexico",21178.0,865.56,26.29,29.51,96.10990158270772,66.7,7.01,NONE
2026-01-16 07:30:00,Facility_C,Refinery & Petrochemicals,"Maharashtra, India",21306.48,685.94,27.86,33.56,89.03978352680254,74.83,7.37,NONE
2026-01-16 07:45:00,FACILITY_B,Heavy Manufacturing,"Indiana, USA",17091.67,817.55,30.38,30.73,96.3912661881712,72.26,7.55,NONE
2026-01-16 08:00:00,Facility_B,Heavy Manufacturing,"Indiana, USA",23656.66,721.52,23.05,27.33,96.73067509725182,67.18,7.43,NONE
2026-01-16 08:15:00,Fac_D,Pharmaceuticals & Healthcare,"Flanders, Belgium",18121.66,563.16,,29.04,95.45712499695898,74.17,7.31,NONE
2026-01-16 08:30:00,Facility_B,Heavy Manufacturing,"Indiana, USA",32907.94,718.93,33.91,30.85,91.96552001717829,81.33,6.83,NONE
2026-01-16 08:45:00,Facility_C,Refinery & Petrochemicals,"Maharashtra, India",,683.1,37.23,27.5,94.88580462957222,73.16,7.22,NONE
2026-01-16 09:00:00,Facility_D,Pharmaceuticals & Healthcare,"Flanders, Belgium",19592.01,553.72,32.93,34.37,91.94106501430673,64.02,7.11,NONE
2026-01-16 09:15:00,FACILITY_B,HEAVY_MANUFACTURING,"Indiana, USA",21868.03,909.4,29.85,29.86,92.31592810932082,72.74,7.25,NONE
2026-01-16 09:30:00,Facility_E,Data Center Cooling,"Nuevo Leon, Mexico",20894.42,812.65,29.91,29.84,95.09858850639745,77.98,7.43,NONE
2026-01-16 09:45:00,Facility_E,Data Center Cooling,"Nuevo Leon, Mexico",22008.6,839.16,25.71,27.18,89.70505088260207,74.82,6.83,NONE
2026-01-16 10:00:00,monterrey_e,Data Center Cooling,"Nuevo Leon, Mexico",22270.17,741.81,33.27,143.58,92.84938148666397,79.05,7.74,SENSOR_TEMP_SPIKE
2026-01-16 10:15:00,Facility_D,Pharmaceuticals & Healthcare,"Flanders, Belgium",17191.19,590.26,36.4,30.58,87.45294885241105,72.1,7.48,NONE
2026-01-16 10:30:00,Facility_D,Pharmaceuticals & Healthcare,"Flanders, Belgium",19746.05,645.97,42.53,27.52,97.65958797929794,70.79,7.61,NONE
2026-01-16 10:45:00,Facility_B,Heavy Manufacturing,"Indiana, USA",31393.2,942.06,28.94,27.19,88.60850785197029,75.4,7.04,NONE
2026-01-16 11:00:00,Facility_C,Refinery & Petrochemicals,"Maharashtra, India",17035.12,684.48,,27.48,94.37556665973025,71.3,7.65,NONE
2026-01-16 11:15:00,Facility_D,Pharmaceuticals & Healthcare,"Flanders, Belgium",18251.31,524.18,38.45,30.81,94.57251381291238,72.37,6.92,NONE
2026-01-16 11:30:00,Facility_B,Heavy Manufacturing,"Indiana, USA",,859.73,26.87,24.02,90.77819075358902,80.55,7.75,NONE
2026-01-16 11:45:00,Facility_A,Food & Beverage Processing,"Illinois, USA",17213.48,760.97,26.55,29.29,N/A,78.27,6.87,NONE
2026-01-16 12:00:00,Facility_A,Food & Beverage Processing,"Illinois, USA",20829.4,712.45,35.08,28.15,93.7105110063192,71.3,7.57,NONE
2026-01-16 12:15:00,Facility_A,Food & Beverage Processing,"Illinois, USA",19123.95,650.77,27.64,23.58,91.86706828939819,78.96,7.4,NONE
2026-01-16 12:30:00,facility_d,pharma,"Flanders, Belgium",17528.99,614.8,34.0,26.15,92.92518280727835,77.51,6.91,NONE
2026-01-16 12:45:00,facility_b,heavy mfg,"Indiana, USA",23158.81,702.39,27.41,27.9,91.88256892910871,71.7,7.59,NONE
2026-01-16 13:00:00,Facility_E,Data Center Cooling,"Nuevo Leon, Mexico",23805.57,743.36,31.38,23.53,97.90951786856132,83.67,7.5,NONE
2026-01-16 13:15:00,Facility_E,Data Center Cooling,"Nuevo Leon, Mexico",89194.92,708.13,31.07,24.46,33.6607703804091,130.44,7.15,PRESSURE_BURST_SURGE
2026-01-16 13:30:00,Facility_B,Heavy Manufacturing,"Indiana, USA",29434.77,699.47,19.61,27.21,88.81639533429669,72.29,7.52,NONE
2026-01-16 13:45:00,Facility_B,Heavy Manufacturing,"Indiana, USA",25606.71,833.84,28.8,29.26,99.19799985893509,70.88,7.64,NONE
2026-01-16 14:00:00,Facility_E,Data Center Cooling,"Nuevo Leon, Mexico",22379.95,748.54,24.69,25.31,92.52065451179386,72.29,7.14,NONE
2026-01-16 14:15:00,Facility_A,Food & Beverage Processing,"Illinois, USA",21574.15,658.26,28.3,25.68,null,73.47,7.64,NONE
2026-01-16 14:30:00,Facility_A,Food & Beverage Processing,"Illinois, USA",22299.7,561.28,30.96,21.53,92.26226131885656,73.97,7.25,NONE
2026-01-16 14:45:00,Facility_B,Heavy Manufacturing,"Indiana, USA",22616.98,749.62,31.56,26.63,86.9064738274128,72.53,7.55,NONE
2026-01-16 15:00:00,Facility_E,Data Center Cooling,"Nuevo Leon, Mexico",21017.45,666.47,26.49,24.22,92.51698524998287,73.78,7.34,NONE
2026-01-16 15:15:00,Facility_D,Pharmaceuticals & Healthcare,"Flanders, Belgium",17541.32,615.46,35.49,21.68,100.0,73.65,6.62,NONE
2026-01-16 15:30:00,FAC-B,Heavy Manufacturing,"Indiana, USA",29673.18,945.13,30.42,24.46,100.0,69.67,7.39,NONE
2026-01-16 15:45:00,Facility_C,Refinery & Petrochemicals,"Maharashtra, India",23277.03,946.51,33.96,26.79,96.06841824423557,80.73,7.57,NONE
2026-01-16 16:00:00,Facility_B,Heavy Manufacturing,"Indiana, USA",26735.3,1025.59,26.28,114.27,100.0,80.13,7.33,SENSOR_TEMP_SPIKE
2026-01-16 16:15:00,Facility_E,Data Center Cooling,"Nuevo Leon, Mexico",99428.93,796.55,22.51,22.38,--,141.88,7.64,PRESSURE_BURST_SURGE
2026-01-16 16:30:00,Facility_D,Pharmaceuticals & Healthcare,"Flanders, Belgium",18137.74,540.72,37.73,23.6,96.22964860237919,72.75,6.82,NONE
2026-01-16 16:45:00,Facility_B,Heavy Manufacturing,"Indiana, USA",24295.59,843.67,33.64,21.69,95.14013961087808,75.31,7.36,NONE
2026-01-16 17:00:00,Facility_D,Pharmaceuticals & Healthcare,"Flanders, Belgium",20809.24,531.4,35.08,22.61,91.45153118370015,76.29,7.15,NONE
2026-01-16 17:15:00,Facility_B,Heavy Manufacturing,"Indiana, USA",26490.37,831.59,29.4,21.75,92.41491745751415,74.43,7.41,NONE
2026-01-16 17:30:00,Facility_D,Pharmaceuticals & Healthcare,"Flanders, Belgium",18709.56,666.04,33.34,22.42,88.46438712922566,75.67,7.04,NONE
2026-01-16 17:45:00,monterrey_e,DATA_CENTER_COOLING,"Nuevo Leon, Mexico",20395.32,722.1,29.68,21.51,91.59502176737925,80.46,7.43,NONE
2026-01-16 18:00:00,Facility_B,Heavy Manufacturing,"Indiana, USA",,818.93,35.41,22.08,91.29431480591236,70.92,7.2,NONE
2026-01-16 18:15:00,Facility_C,Refinery & Petrochemicals,"Maharashtra, India",17483.89,677.57,30.78,21.02,95.39302725904992,72.28,7.29,NONE
2026-01-16 18:30:00,Facility_E,Data Center Cooling,"Nuevo Leon, Mexico",24315.86,847.13,27.32,21.4,90.73382299624468,77.12,7.29,NONE
2026-01-16 18:45:00,Facility_B,Heavy Manufacturing,"Indiana, USA",24593.88,771.65,25.27,23.15,89.29059754916076,78.48,7.2,NONE
2026-01-16 19:00:00,Facility_B,Heavy Manufacturing,"Indiana, USA",25326.91,727.69,28.45,22.05,93.3397420836593,80.62,7.4,NONE
2026-01-16 19:15:00,Facility_D,Pharmaceuticals & Healthcare,"Flanders, Belgium",16933.97,528.53,40.0,25.05,ERROR_SENSOR,77.1,7.52,NONE
2026-01-16 19:30:00,Facility_B,Heavy Manufacturing,"Indiana, USA",30181.72,676.23,31.3,24.58,89.21608414036616,70.01,7.11,NONE
2026-01-16 19:45:00,Facility_A,FOOD & BEV,"Illinois, USA",17578.36,678.65,32.52,127.53,96.96021426485932,70.23,7.11,SENSOR_TEMP_SPIKE
2026-01-16 20:00:00,Facility_C,Refinery & Petrochemicals,"Maharashtra, India",19014.21,813.78,35.37,23.98,92.42458657118164,75.21,6.93,NONE
2026-01-16 20:15:00,Facility_D,Pharmaceuticals & Healthcare,"Flanders, Belgium",17174.04,530.48,35.93,21.51,91.79266039736613,67.19,7.5,NONE
2026-01-16 20:30:00,Facility_D,PHARMACEUTICALS,"Flanders, Belgium",18533.65,471.97,33.99,23.93,--,70.86,7.33,NONE
2026-01-16 20:45:00,Facility_D,Pharmaceuticals & Healthcare,"Flanders, Belgium",19490.82,487.27,39.81,22.05,93.44263050160065,73.84,7.2,NONE
2026-01-16 21:00:00,Facility_D,Pharmaceuticals & Healthcare,"Flanders, Belgium",16419.57,552.74,44.33,21.22,98.9154016611356,72.83,7.36,NONE
2026-01-16 21:15:00,Facility_B,Heavy Manufacturing,"Indiana, USA",22426.85,775.21,26.39,21.98,92.83146253641321,72.17,7.87,NONE
2026-01-16 21:30:00,Facility_E,Data Center Cooling,"Nuevo Leon, Mexico",18147.75,757.7,29.54,22.14,95.69784798544909,72.21,6.65,NONE
2026-01-16 21:45:00,Facility_A_Line1,Food & Beverage Processing,"Illinois, USA",20788.28,633.36,-7.3,25.52,92.38908325626096,78.13,7.69,CHEMICAL_DOSING_BREACH
2026-01-16 22:00:00,Facility_A,Food & Beverage Processing,"Illinois, USA",,872.22,28.59,26.35,96.20012808282104,75.42,7.16,NONE
2026-01-16 22:15:00,facility_e,Data Center Cooling,"Nuevo Leon, Mexico",20716.66,588.48,29.44,25.36,93.9271981409964,60.62,7.0,NONE
2026-01-16 22:30:00,Facility_B,Heavy Manufacturing,"Indiana, USA",23474.81,864.5,29.72,24.66,95.53278571713267,69.38,7.52,NONE
2026-01-16 22:45:00,Facility_E,DATA_CENTER_COOLING,"Nuevo Leon, Mexico",22302.05,778.32,27.74,28.51,95.07822620316762,69.64,7.42,NONE
2026-01-16 23:00:00,Facility_A,Food & Beverage Processing,"Illinois, USA",21002.41,671.07,36.07,26.15,86.00406931947089,75.35,7.24,NONE
2026-01-16 23:15:00, Facility_A ,Food & Beverage Processing,"Illinois, USA",20504.72,780.32,32.32,28.72,92.92813796939681,76.81,7.58,NONE
2026-01-16 23:30:00,Facility_B,Heavy Manufacturing,"Indiana, USA",25488.73,905.42,26.0,25.22,89.3000361909238,75.09,7.44,NONE
2026-01-16 23:45:00,Facility_A,Food & Beverage Processing,"Illinois, USA",21988.94,769.41,30.3,24.12,94.88512128806391,79.0,7.56,NONE
2026-01-17 00:00:00,Facility_C,REFINERY_PETRO,"Maharashtra, India",21277.1,760.54,33.54,25.17,93.32113130683649,73.65,7.41,NONE
2026-01-17 00:15:00,Facility_A,Food & Beverage Processing,"Illinois, USA",18964.12,703.47,28.24,28.46,93.74485779917988,73.22,7.14,NONE
2026-01-17 00:30:00,Facility_A,F&B Processing,"Illinois, USA",16184.2,806.26,33.83,24.1,95.9420553622709,78.15,7.38,NONE
2026-01-17 00:45:00,Facility_D,Pharmaceuticals & Healthcare,"Flanders, Belgium",22308.8,581.33,31.55,27.94,N/A,71.29,7.51,NONE
2026-01-17 01:00:00,Facility_C,Refinery & Petrochemicals,"Maharashtra, India",15059.34,853.97,31.81,25.76,93.13576072861608,75.95,7.4,NONE
2026-01-17 01:15:00,Facility_D,Healthcare & Pharma,"Flanders, Belgium",17050.78,540.2,32.74,27.38,96.94006788643492,73.98,7.59,NONE
2026-01-17 01:30:00,Facility_B,Heavy Manufacturing,"Indiana, USA",30294.18,790.61,27.72,31.94,98.12189891833583,66.47,7.46,NONE
2026-01-17 01:45:00,Facility_B,Heavy Manufacturing,"Indiana, USA",25791.73,909.42,25.37,26.76,N/A,71.43,7.58,NONE
2026-01-17 02:00:00,Facility_E,Data Center Cooling,"Nuevo Leon, Mexico",18109.2,703.3,20.99,30.31,97.56729631817964,72.53,7.27,NONE
2026-01-17 02:15:00,FACILITY_A,Food & Beverage Processing,"Illinois, USA",20310.65,818.13,33.22,27.47,88.31976776964339,68.98,7.37,NONE
2026-01-17 02:30:00,Facility_D,Pharmaceuticals & Healthcare,"Flanders, Belgium",17246.95,580.09,35.18,27.03,89.73349877935017,81.03,7.6,NONE
2026-01-17 02:45:00,Facility_A,Food & Beverage Processing,"Illinois, USA",23263.2,751.5,29.69,31.52,93.39418239564235,74.99,7.34,NONE
2026-01-17 03:00:00,Facility_B,Heavy Manufacturing,"Indiana, USA",16669.92,974.8,30.56,29.92,93.3023166007342,74.74,7.18,NONE
2026-01-17 03:15:00,Facility_B,Heavy Mfg.,"Indiana, USA",27698.19,730.2,29.28,30.52,92.86425877176671,75.67,7.07,NONE
2026-01-17 03:30:00,Facility_E,Data Center Cooling,"Nuevo Leon, Mexico",18654.53,767.75,31.35,26.3,95.17046603235445,71.56,7.3,NONE
2026-01-17 03:45:00,Facility_E,Hyperscale Cooling,"Nuevo Leon, Mexico",17708.34,686.13,32.56,29.89,92.27510911452941,73.48,7.49,NONE
2026-01-17 04:00:00,Facility_E,Data Center Cooling,"Nuevo Leon, Mexico",,744.37,33.09,31.71,94.82279049321727,74.25,7.53,NONE
2026-01-17 04:15:00,Facility_D,Pharmaceuticals & Healthcare,"Flanders, Belgium",19424.93,629.36,41.28,28.25,90.02491785362653,70.84,7.62,NONE
2026-01-17 04:30:00,Facility_B,Heavy Manufacturing,"Indiana, USA",20911.64,873.16,30.02,32.29,ERROR_SENSOR,67.96,7.08,NONE
2026-01-17 04:45:00,Facility_D,Pharmaceuticals & Healthcare,"Flanders, Belgium",16063.91,538.39,36.73,28.19,98.20611837008732,68.04,7.73,NONE
2026-01-17 05:00:00,Facility_A,Food & Beverage Processing,"Illinois, USA",22002.58,777.05,28.59,30.98,89.41241237263802,78.1,7.33,NONE
2026-01-17 05:15:00,facility_a,Food & Beverage Processing,"Illinois, USA",18316.83,625.75,21.09,28.55,97.0609542259613,72.19,7.3,NONE
2026-01-17 05:30:00,Facility_D,Pharmaceuticals & Healthcare,"Flanders, Belgium",20191.56,671.74,43.07,28.72,87.2837741714003,84.62,7.99,NONE
2026-01-17 05:45:00,Facility_A,Food & Beverage Processing,"Illinois, USA",96772.32,622.41,35.55,30.3,--,120.09,7.44,PRESSURE_BURST_SURGE
2026-01-17 06:00:00,Facility_E,Data Center Cooling,"Nuevo Leon, Mexico",23689.63,772.72,29.63,29.57,93.47907666025964,70.52,6.81,NONE
2026-01-17 06:15:00,Facility_E,data center,"Nuevo Leon, Mexico",20391.57,740.84,29.08,32.67,91.41268849687452,72.35,7.56,NONE
2026-01-17 06:30:00,Facility_D,Healthcare & Pharma,"Flanders, Belgium",17028.62,577.75,35.79,30.03,95.92606364547417,72.32,7.57,NONE
2026-01-17 06:45:00,Facility_C,Refinery & Petrochemicals,"Maharashtra, India",14415.99,665.92,25.76,28.32,99.44189972111735,73.92,7.15,NONE
2026-01-17 07:00:00,Facility_A,F&B Processing,"Illinois, USA",210.31,2828.35,26.37,34.86,62.29355505171301,75.81,7.49,BROWNOUT_WATER_STALL
2026-01-17 07:15:00,Facility_B,Heavy Manufacturing,"Indiana, USA",27322.35,893.92,26.89,28.63,92.63761998174725,73.66,6.88,NONE
2026-01-17 07:30:00,Facility_B_Unit2,Heavy Manufacturing,"Indiana, USA",28452.56,607.54,39.9,32.9,92.6647720826486,74.04,7.43,NONE
2026-01-17 07:45:00,Facility_B,Heavy Manufacturing,"Indiana, USA",23966.67,856.18,27.9,29.92,94.08067540313804,68.09,7.36,NONE
2026-01-17 08:00:00,Facility_E,Data Center Cooling,"Nuevo Leon, Mexico",21513.85,759.66,27.59,32.01,92.36831182437903,75.02,7.71,NONE
2026-01-17 08:15:00,Facility_D,Pharmaceuticals & Healthcare,"Flanders, Belgium",18540.7,581.2,37.1,32.05,92.67528140292386,79.78,7.32,NONE
2026-01-17 08:30:00,Facility_A,FOOD & BEV,"Illinois, USA",17276.31,761.44,30.22,30.79,84.76590596824406,74.02,7.22,NONE
2026-01-17 08:45:00,Facility_A,Food & Beverage Processing,"Illinois, USA",16805.21,673.55,29.09,29.42,89.12455532388815,75.42,7.73,NONE
2026-01-17 09:00:00,Facility_E,Data Center Cooling,"Nuevo Leon, Mexico",,810.67,33.1,31.55,99.48444381702818,71.75,7.15,NONE
2026-01-17 09:15:00,facility_e,Data Center Cooling,"Nuevo Leon, Mexico",23083.74,803.12,158.88,32.54,93.53638370815518,75.92,7.08,CHEMICAL_DOSING_BREACH
2026-01-17 09:30:00,Facility_B,Heavy Manufacturing,"Indiana, USA",32398.39,811.73,27.21,28.31,91.43633325233812,70.72,7.2,NONE
2026-01-17 09:45:00,Facility_B,Heavy Manufacturing,"Indiana, USA",21563.13,774.03,36.69,30.05,96.4628933655287,79.3,7.86,NONE
2026-01-17 10:00:00,Facility_B,Heavy Manufacturing,"Indiana, USA",20307.8,736.69,25.12,27.65,92.5381779501272,71.99,7.41,NONE
2026-01-17 10:15:00,facility_a,Food & Beverage Processing,"Illinois, USA",19344.59,661.46,22.36,26.48,91.74243630939976,72.89,7.03,NONE
2026-01-17 10:30:00,Facility_C,Refinery & Petrochemicals,"Maharashtra, India",17718.15,689.12,34.97,26.1,90.78350509961452,68.11,7.31,NONE
2026-01-17 10:45:00,Facility_B,Heavy Manufacturing,"Indiana, USA",23108.52,916.17,30.2,27.66,90.94804640849988,75.71,7.54,NONE
2026-01-17 11:00:00,Facility_C,Refinery & Petrochemicals,"Maharashtra, India",19149.37,901.61,37.43,29.18,93.92740932971513,77.04,7.13,NONE
2026-01-17 11:15:00,Facility_E,Data Center Cooling,"Nuevo Leon, Mexico",19939.34,776.2,29.94,28.19,97.02125725529193,67.59,7.08,NONE
2026-01-17 11:30:00,Facility_B,Heavy Manufacturing,"Indiana, USA",26500.48,779.15,42.69,27.95,93.24934128342349,71.68,7.22,NONE
2026-01-17 11:45:00,Facility_D,PHARMACEUTICALS,"Flanders, Belgium",18786.7,575.37,35.58,26.27,97.80171064075071,80.23,7.42,NONE
2026-01-17 12:00:00,Facility_A,Food & Beverage Processing,"Illinois, USA",16162.6,751.4,38.03,28.97,95.85016272899094,80.4,7.36,NONE
2026-01-17 12:15:00,Facility_C,Refinery & Petrochemicals,"Maharashtra, India",20246.04,724.1,36.73,28.63,91.61384508324196,70.12,7.38,NONE
2026-01-17 12:30:00,Facility_B,Heavy Manufacturing,"Indiana, USA",25088.53,894.53,26.6,29.07,89.37303648652463,79.64,7.14,NONE
2026-01-17 12:45:00,Facility_D,Pharmaceuticals & Healthcare,"Flanders, Belgium",14684.72,582.54,36.43,23.72,88.11959394651116,73.96,7.62,NONE
2026-01-17 13:00:00,Facility_B,Heavy Manufacturing,"Indiana, USA",27600.31,844.76,30.51,25.42,88.92488242230282,67.61,7.29,NONE
2026-01-17 13:15:00,Fac_D,PHARMACEUTICALS,"Flanders, Belgium",18358.13,617.42,40.68,26.3,92.60309531815302,67.79,7.47,NONE
2026-01-17 13:30:00,Facility_A,Food & Beverage Processing,"Illinois, USA",20476.96,542.7,28.0,23.73,--,70.38,7.34,NONE
2026-01-17 13:45:00,Facility_D,Pharmaceuticals & Healthcare,"Flanders, Belgium",18246.08,559.94,34.49,23.58,90.04314540870179,75.71,7.51,NONE
2026-01-17 14:00:00,FACILITY_A,Food & Beverage Processing,"Illinois, USA",17481.67,821.42,30.18,27.25,91.44519304373887,64.88,7.46,NONE
2026-01-17 14:15:00,Facility_A,Food & Beverage Processing,"Illinois, USA",19837.53,715.45,28.8,24.22,91.86396973481752,72.64,7.59,NONE
2026-01-17 14:30:00,Facility_E,Hyperscale Cooling,"Nuevo Leon, Mexico",21566.44,795.75,27.53,23.45,89.80885590115633,72.33,6.42,NONE
2026-01-17 14:45:00,facility_d,Pharmaceuticals & Healthcare,"Flanders, Belgium",17393.2,564.34,39.87,23.38,94.612555335184,64.19,7.33,NONE
2026-01-17 15:00:00,Facility_C,Refinery & Petrochemicals,"Maharashtra, India",15032.6,683.11,34.71,25.97,94.68786164310418,74.08,7.34,NONE
2026-01-17 15:15:00,Facility_E,Data Center Cooling,"Nuevo Leon, Mexico",101758.06,709.2,30.29,21.0,36.77263561111763,132.95,7.58,PRESSURE_BURST_SURGE
2026-01-17 15:30:00,Facility_C,Refinery & Petrochemicals,"Maharashtra, India",17390.96,649.56,37.05,19.42,97.75303071038111,82.94,6.98,NONE
2026-01-17 15:45:00,Facility_B,Heavy Manufacturing,"Indiana, USA",29047.12,869.32,26.4,22.36,95.59433060131235,73.82,6.62,NONE
2026-01-17 16:00:00,Facility_A_Line1,Food & Beverage Processing,"Illinois, USA",24054.9,743.89,31.28,21.74,92.89532638826742,79.71,7.42,NONE
2026-01-17 16:15:00,Facility_E,Data Center Cooling,"Nuevo Leon, Mexico",22050.45,656.31,27.03,23.0,95.72901229906414,72.13,7.61,NONE
2026-01-17 16:30:00,Facility_E,Data Center Cooling,"Nuevo Leon, Mexico",18202.5,755.22,28.09,20.08,93.34733389863713,71.38,7.75,NONE
2026-01-17 16:45:00,Facility_A,Food & Beverage Processing,"Illinois, USA",18314.67,738.02,26.33,23.14,92.17185181244945,70.51,8.14,NONE
2026-01-17 17:00:00,Facility_B,Heavy Manufacturing,"Indiana, USA",24696.15,822.2,32.29,21.25,94.79047128771478,76.3,7.42,NONE
2026-01-17 17:15:00,Facility_B,Heavy Mfg.,"Indiana, USA",32896.71,772.44,34.96,23.43,96.4102387622078,75.54,7.88,NONE
2026-01-17 17:30:00,Facility_A,Food & Beverage Processing,"Illinois, USA",18523.12,748.45,,21.53,96.70139736734941,73.92,7.0,NONE
2026-01-17 17:45:00,Facility_B,Heavy Manufacturing,"Indiana, USA",21297.62,832.37,32.66,18.77,94.14144012521231,78.02,6.99,NONE
2026-01-17 18:00:00,Facility_E,Data Center Cooling,"Nuevo Leon, Mexico",19494.8,792.93,32.06,25.39,91.62370943583981,70.33,7.81,NONE
2026-01-17 18:15:00,facility_c,Refinery & Petrochemicals,"Maharashtra, India",,816.42,44.67,23.86,96.00646469419753,79.75,7.5,NONE
2026-01-17 18:30:00,Facility_A,Food & Beverage Processing,"Illinois, USA",21084.67,688.57,36.37,23.28,88.77017891010387,75.09,6.74,NONE
2026-01-17 18:45:00,Facility_C,Refinery & Petrochemicals,"Maharashtra, India",,758.85,43.5,23.46,96.45738109127659,69.28,7.54,NONE
2026-01-17 19:00:00,Facility_A,Food & Beverage Processing,"Illinois, USA",17782.08,790.75,26.8,22.83,89.79477621786691,74.57,7.92,NONE
2026-01-17 19:15:00,Facility_D,Pharmaceuticals & Healthcare,"Flanders, Belgium",20339.17,567.14,27.16,21.75,95.0188916664235,71.7,7.75,NONE
2026-01-17 19:30:00,Facility_E,Data Center Cooling,"Nuevo Leon, Mexico",21281.13,830.89,29.36,22.31,91.99175518857474,69.45,7.66,NONE
2026-01-17 19:45:00,Facility_E,Data Center Cooling,"Nuevo Leon, Mexico",20016.27,789.17,26.29,20.96,95.27645059400182,70.64,7.24,NONE
2026-01-17 20:00:00,Facility_D,PHARMACEUTICALS,"Flanders, Belgium",15914.1,540.94,-7.18,22.52,96.11832517267077,74.65,8.21,CHEMICAL_DOSING_BREACH
2026-01-17 20:15:00,Facility_C,Refinery & Petrochemicals,"Maharashtra, India",19785.48,767.19,32.92,23.3,91.4411294009588,75.5,6.82,NONE
2026-01-17 20:30:00,Facility_D,PHARMACEUTICALS,"Flanders, Belgium",21289.1,479.2,36.39,22.01,94.47894422735172,73.18,7.42,NONE
2026-01-17 20:45:00,Facility_B,HEAVY_MANUFACTURING,"Indiana, USA",29228.92,904.56,,24.32,99.7720240602099,77.62,7.27,NONE
2026-01-17 21:00:00,Facility_B,Heavy Manufacturing,"Indiana, USA",29744.73,872.87,24.46,23.35,88.78877643685449,63.72,7.08,NONE
2026-01-17 21:15:00,Facility_E,Data Center Cooling,"Nuevo Leon, Mexico",21410.38,759.41,22.57,19.58,98.2064399178263,74.43,7.79,NONE
2026-01-17 21:30:00,FACILITY_B,Heavy Manufacturing,"Indiana, USA",30427.84,901.72,28.75,23.35,95.79950887440012,73.28,7.18,NONE
2026-01-17 21:45:00,Facility_A,Food & Beverage Processing,"Illinois, USA",217.9,1827.03,36.11,26.54,62.178246521912826,70.0,7.6,BROWNOUT_WATER_STALL
2026-01-17 22:00:00,Facility_E,Data Center Cooling,"Nuevo Leon, Mexico",21626.45,823.95,34.76,23.96,94.35432250600819,81.55,6.76,NONE
2026-01-17 22:15:00,Facility_A_Line1,Food & Beverage Processing,"Illinois, USA",17667.99,817.51,36.09,25.67,92.06449000605082,70.03,7.18,NONE
2026-01-17 22:30:00,Facility_A,Food & Beverage Processing,"Illinois, USA",22841.31,668.19,31.93,23.61,96.19687689631688,71.58,7.32,NONE
2026-01-17 22:45:00,Facility_E,DATA_CENTER_COOLING,"Nuevo Leon, Mexico",16837.68,629.0,28.53,22.83,100.0,64.72,7.13,NONE
2026-01-17 23:00:00,Facility_B,heavy mfg,"Indiana, USA",25841.69,809.33,23.86,23.74,90.32990695200243,72.71,7.9,NONE
2026-01-17 23:15:00,Facility_B,Heavy Manufacturing,"Indiana, USA",26031.2,939.36,30.63,27.72,84.54011423170053,72.63,7.72,NONE
2026-01-17 23:30:00,Facility_E,Data Center Cooling,"Nuevo Leon, Mexico",19652.36,882.19,34.73,25.13,91.88987673905166,69.44,7.17,NONE
2026-01-17 23:45:00,Facility_B,Heavy Manufacturing,"Indiana, USA",305.46,3136.86,22.38,27.33,59.98550673648209,66.52,7.78,BROWNOUT_WATER_STALL
2026-01-18 00:00:00,facility_b,Heavy Manufacturing,"Indiana, USA",25339.57,722.72,,28.55,96.12325782232156,81.7,7.21,NONE
2026-01-18 00:15:00,FACILITY_C,Refinery & Petrochemicals,"Maharashtra, India",20587.63,698.81,36.35,28.75,96.40055867968334,74.46,7.27,NONE
2026-01-18 00:30:00,Facility_C,Refinery & Petrochemicals,"Maharashtra, India",16579.44,759.46,30.0,26.4,87.72008571091233,68.07,7.59,NONE
2026-01-18 00:45:00,Facility_D,Pharmaceuticals & Healthcare,"Flanders, Belgium",20384.38,552.56,37.77,27.64,94.97305084803578,75.59,6.98,NONE
2026-01-18 01:00:00,Facility_C,Petrochem / Refining,"Maharashtra, India",13307.49,697.99,34.85,29.26,94.24995101033274,76.4,7.1,NONE
2026-01-18 01:15:00,Facility_E,DATA_CENTER_COOLING,"Nuevo Leon, Mexico",20920.91,754.91,25.33,25.86,92.77463111329268,76.98,7.1,NONE
2026-01-18 01:30:00,monterrey_e,Hyperscale Cooling,"Nuevo Leon, Mexico",,851.62,26.32,28.04,93.1617341408778,73.15,7.82,NONE
2026-01-18 01:45:00,Facility_E,Data Center Cooling,"Nuevo Leon, Mexico",21874.17,632.24,34.92,28.76,92.3045620363105,80.07,7.13,NONE
2026-01-18 02:00:00,monterrey_e,data center,"Nuevo Leon, Mexico",25444.15,757.0,32.72,34.02,94.07629292419547,73.56,7.05,NONE
2026-01-18 02:15:00,Facility_B,Heavy Manufacturing,"Indiana, USA",25416.86,752.96,27.71,33.93,93.88271345463954,71.51,7.29,NONE
2026-01-18 02:30:00,Facility_D,Pharmaceuticals & Healthcare,"Flanders, Belgium",17793.82,628.65,37.12,31.83,92.48848229103663,72.87,7.1,NONE
2026-01-18 02:45:00,pune_fac_c,Refinery & Petrochemicals,"Maharashtra, India",17960.85,642.3,26.55,30.26,87.914589984253,75.83,7.21,NONE
2026-01-18 03:00:00,Facility_A_Line1,Food and Beverage,"Illinois, USA",21434.78,590.12,34.01,29.93,94.66005192090165,79.06,7.37,NONE
2026-01-18 03:15:00,Facility_B,Heavy Manufacturing,"Indiana, USA",18214.43,877.73,29.84,29.07,90.8063266954276,72.38,7.76,NONE
2026-01-18 03:30:00,Facility_B,Heavy Manufacturing,"Indiana, USA",22943.07,693.81,22.33,29.61,98.84672169421971,83.92,7.53,NONE
2026-01-18 03:45:00,Facility_B,Heavy Mfg.,"Indiana, USA",,766.49,32.18,32.22,91.44560961774933,80.41,7.29,NONE
2026-01-18 04:00:00,Facility_A,Food & Beverage Processing,"Illinois, USA",20914.11,794.67,25.28,30.78,98.07165614084657,71.48,7.05,NONE
2026-01-18 04:15:00,Facility_E,Hyperscale Cooling,"Nuevo Leon, Mexico",22352.8,760.01,27.13,30.08,88.15505918158128,75.82,7.8,NONE
2026-01-18 04:30:00,FACILITY_C,Refinery & Petrochemicals,"Maharashtra, India",17212.38,712.63,36.22,35.32,97.0196264753711,73.58,7.36,NONE
2026-01-18 04:45:00,Facility_C,Petrochem / Refining,"Maharashtra, India",21535.48,706.34,38.07,28.28,96.45972694149934,72.68,7.41,NONE
2026-01-18 05:00:00,Facility_D,Pharmaceuticals & Healthcare,"Flanders, Belgium",17912.86,608.76,36.77,34.25,98.04037628736708,68.13,7.4,NONE
2026-01-18 05:15:00,Facility_C,Refinery & Petrochemicals,"Maharashtra, India",20487.89,741.4,40.59,32.39,93.23259982978284,78.42,6.68,NONE
2026-01-18 05:30:00,Facility_A_Line1,Food & Beverage Processing,"Illinois, USA",22401.15,776.21,26.93,30.92,87.01589276362483,70.56,7.66,NONE
2026-01-18 05:45:00,Facility_D,Pharmaceuticals & Healthcare,"Flanders, Belgium",18690.17,565.12,37.69,30.36,96.65996709429993,71.21,7.47,NONE
2026-01-18 06:00:00,facility_e,Data Center Cooling,"Nuevo Leon, Mexico",18201.83,805.58,27.15,30.43,92.34105299565296,72.94,7.07,NONE
2026-01-18 06:15:00,Facility_E,Data Center Cooling,"Nuevo Leon, Mexico",21933.66,791.6,22.91,29.42,93.5960442963732,71.31,7.29,NONE
2026-01-18 06:30:00,Facility_E,DATA_CENTER_COOLING,"Nuevo Leon, Mexico",25191.97,673.64,18.79,29.39,92.44988900806499,71.8,7.43,NONE
2026-01-18 06:45:00,Facility_A,Food & Beverage Processing,"Illinois, USA",16886.53,629.2,28.67,29.25,100.0,80.99,6.88,NONE
2026-01-18 07:00:00,Facility_A,Food & Beverage Processing,"Illinois, USA",14802.13,706.89,39.53,31.56,93.39476576255106,71.95,7.65,NONE
2026-01-18 07:15:00,Facility_B,Heavy Manufacturing,"Indiana, USA",26340.84,985.47,21.41,31.05,91.69744746385318,75.86,7.42,NONE
2026-01-18 07:30:00,Facility_B,Heavy Manufacturing,"Indiana, USA",27367.31,922.12,34.34,33.71,93.55054176338359,71.56,7.01,NONE
2026-01-18 07:45:00,Facility_B,Heavy Manufacturing,"Indiana, USA",27135.89,910.13,22.84,32.15,93.1756790067718,68.35,7.11,NONE
2026-01-18 08:00:00,Facility_B,Heavy Manufacturing,"Indiana, USA",22870.85,762.26,30.89,31.52,98.93726586087425,70.86,7.45,NONE
2026-01-18 08:15:00,Facility_B,Heavy Manufacturing,"Indiana, USA",23787.58,841.69,22.28,27.8,96.06979356370809,67.32,7.52,NONE
2026-01-18 08:30:00,Facility_C,Refinery & Petrochemicals,"Maharashtra, India",17299.42,627.39,24.84,32.31,87.4026673023492,73.71,7.45,NONE
2026-01-18 08:45:00,Facility_E,Data Center Cooling,"Nuevo Leon, Mexico",17774.97,708.49,30.51,30.04,92.02615818728239,75.07,7.32,NONE
2026-01-18 09:00:00,Facility_E,Data Center Cooling,"Nuevo Leon, Mexico",18642.91,840.04,29.37,26.01,95.1693588773496,71.23,7.27,NONE
2026-01-18 09:15:00,Facility_B,Heavy Mfg.,"Indiana, USA",25815.36,773.39,36.07,26.45,93.681399927355,75.72,7.36,NONE
2026-01-18 09:30:00,Facility_A,Food & Beverage Processing,"Illinois, USA",,686.12,28.13,27.46,97.2073390440569,72.01,7.95,NONE
2026-01-18 09:45:00,Facility_B,Heavy Manufacturing,"Indiana, USA",27860.24,615.92,,28.63,89.05215440837176,79.87,7.23,NONE
2026-01-18 10:00:00,Facility_A,Food & Beverage Processing,"Illinois, USA",18058.83,739.75,36.3,28.7,93.63382191326508,70.86,7.67,NONE
2026-01-18 10:15:00,Facility_B,Heavy Manufacturing,"Indiana, USA",26170.82,821.06,27.03,30.12,92.66056449184279,78.63,7.22,NONE
2026-01-18 10:30:00,Facility_C,Refinery & Petrochemicals,"Maharashtra, India",20458.86,793.09,31.51,27.87,86.49007066751636,70.65,6.91,NONE
2026-01-18 10:45:00,Facility_C ,Refinery & Petrochemicals,"Maharashtra, India",23339.83,655.32,46.36,28.71,91.83962506255034,77.63,7.17,NONE
2026-01-18 11:00:00,Facility_A,Food & Beverage Processing,"Illinois, USA",16004.74,718.64,34.44,29.84,95.09273635058878,71.62,7.74,NONE
2026-01-18 11:15:00,Facility_E,Data Center Cooling,"Nuevo Leon, Mexico",24044.65,770.18,33.59,31.21,91.76053139170006,69.95,7.19,NONE
2026-01-18 11:30:00,Facility_C,Petrochem / Refining,"Maharashtra, India",15777.82,822.94,28.74,29.3,91.34901876424483,80.11,6.63,NONE
2026-01-18 11:45:00,Facility_A,Food & Beverage Processing,"Illinois, USA",18372.62,620.81,37.18,142.32,85.99894752848199,77.9,7.65,SENSOR_TEMP_SPIKE
2026-01-18 12:00:00,Facility_C,Refinery & Petrochemicals,"Maharashtra, India",19992.89,844.56,30.91,28.66,94.16990827486538,74.67,7.51,NONE
2026-01-18 12:15:00,Facility_B,Heavy Manufacturing,"Indiana, USA",21857.22,709.51,27.99,29.02,89.70677558815845,74.79,7.15,NONE
2026-01-18 12:30:00,Facility_E,Data Center Cooling,"Nuevo Leon, Mexico",18945.32,787.56,31.69,24.56,97.9392008190937,75.9,7.28,NONE
2026-01-18 12:45:00,Facility_A,F&B Processing,"Illinois, USA",20066.31,858.19,34.66,24.46,93.44013601511352,74.59,7.54,NONE
2026-01-18 13:00:00,Facility_D,Pharmaceuticals & Healthcare,"Flanders, Belgium",19257.09,676.84,36.55,22.35,94.1864914223912,72.01,6.93,NONE
2026-01-18 13:15:00,FAC-B,Heavy Manufacturing,"Indiana, USA",23612.73,809.9,33.29,22.54,94.61931285624091,83.99,7.3,NONE
2026-01-18 13:30:00,Facility_D,Pharmaceuticals & Healthcare,"Flanders, Belgium",18260.22,609.96,39.69,27.52,92.96524439072424,77.16,7.55,NONE
2026-01-18 13:45:00,Facility_B,Heavy Manufacturing,"Indiana, USA",24751.52,830.43,28.45,22.5,92.25622914094835,80.73,7.64,NONE
2026-01-18 14:00:00,Facility_A,Food & Beverage Processing,"Illinois, USA",,711.88,35.58,25.3,96.05971504797057,76.4,7.41,NONE
2026-01-18 14:15:00,Facility_A,food & beverage,"Illinois, USA",18879.53,627.79,,23.88,88.2267619396581,71.54,7.59,NONE
2026-01-18 14:30:00,Facility_A,Food & Beverage Processing,"Illinois, USA",14833.67,639.59,32.08,26.6,96.69992342058822,80.76,7.41,NONE
2026-01-18 14:45:00,antwerp_hub_d,Pharmaceuticals & Healthcare,"Flanders, Belgium",18249.12,616.98,33.72,22.1,89.80371271946234,78.9,7.12,NONE
2026-01-18 15:00:00,Facility_B,Heavy Manufacturing,"Indiana, USA",28886.67,852.47,33.13,21.68,91.49834989861758,76.04,7.23,NONE
2026-01-18 15:15:00,Facility_A,Food & Beverage Processing,"Illinois, USA",13499.47,615.16,26.82,21.62,95.68170618187081,75.52,7.4,NONE
2026-01-18 15:30:00,Facility_C ,Refinery & Petrochemicals,"Maharashtra, India",23365.07,868.31,38.87,20.64,93.69052779593918,75.34,7.23,NONE
2026-01-18 15:45:00,Facility_E,Data Center Cooling,"Nuevo Leon, Mexico",25420.55,753.84,23.34,21.38,100.0,72.11,6.77,NONE
2026-01-18 16:00:00,Facility_A,FOOD & BEV,"Illinois, USA",17877.58,582.76,35.35,19.52,89.0129437109222,74.02,7.66,NONE
2026-01-18 16:15:00,facility_d,Pharmaceuticals & Healthcare,"Flanders, Belgium",18563.03,497.44,38.27,22.07,97.12464695429156,77.85,7.2,NONE
2026-01-18 16:30:00,facility_e,Data Center Cooling,"Nuevo Leon, Mexico",23074.38,770.34,34.24,24.13,95.25038631960844,79.98,7.35,NONE
2026-01-18 16:45:00,Facility_D,Pharmaceuticals & Healthcare,"Flanders, Belgium",16982.4,580.43,36.01,23.8,93.6982209119302,75.81,7.01,NONE
2026-01-18 17:00:00,Facility_D,Pharmaceuticals & Healthcare,"Flanders, Belgium",19860.75,495.87,41.54,24.37,94.61345322434173,75.4,7.29,NONE
2026-01-18 17:15:00,Facility_D,Pharmaceuticals & Healthcare,"Flanders, Belgium",17363.98,568.15,45.83,22.99,89.19360286704138,66.31,6.95,NONE
2026-01-18 17:30:00,facility_a,Food & Beverage Processing,"Illinois, USA",18390.16,803.25,27.2,25.09,94.07423485355704,76.18,7.48,NONE
2026-01-18 17:45:00,Facility_A,F&B Processing,"Illinois, USA",20628.36,683.67,21.7,21.45,90.65878660628424,75.4,7.41,NONE
2026-01-18 18:00:00,Facility_D,Pharmaceuticals & Healthcare,"Flanders, Belgium",18107.16,668.89,34.81,18.49,93.88226135489852,79.35,7.43,NONE
2026-01-18 18:15:00,Facility_A,Food & Beverage Processing,"Illinois, USA",18438.61,730.14,39.22,20.93,93.59879418945361,77.01,7.42,NONE
2026-01-18 18:30:00,Facility_E,DATA_CENTER_COOLING,"Nuevo Leon, Mexico",20472.4,718.03,27.3,23.49,null,83.43,6.92,NONE
2026-01-18 18:45:00,Facility_C,Refinery & Petrochemicals,"Maharashtra, India",22798.53,761.11,35.12,24.12,96.22770691251192,79.2,7.73,NONE
2026-01-18 19:00:00,Facility_B,Heavy Manufacturing,"Indiana, USA",25666.73,956.56,25.86,22.09,92.91755177925492,71.63,7.37,NONE
2026-01-18 19:15:00,Facility_C,Refinery & Petrochemicals,"Maharashtra, India",20852.24,827.61,32.92,21.46,90.76288961363434,74.4,6.91,NONE
2026-01-18 19:30:00,Facility_D,Pharmaceuticals & Healthcare,"Flanders, Belgium",16718.46,542.89,41.93,22.57,--,74.84,7.22,NONE
2026-01-18 19:45:00,Facility_A,Food & Beverage Processing,"Illinois, USA",18261.77,629.86,41.59,24.91,95.4319218414641,68.14,7.22,NONE
2026-01-18 20:00:00,FACILITY_D,Pharmaceuticals & Healthcare,"Flanders, Belgium",16528.13,576.26,33.61,21.83,90.61630415571534,72.92,7.37,NONE
2026-01-18 20:15:00,Facility_C,Refinery & Petrochemicals,"Maharashtra, India",18345.19,896.11,38.91,21.76,94.54193818061896,70.85,7.24,NONE
2026-01-18 20:30:00,Facility_B,Heavy Manufacturing,"Indiana, USA",27273.02,895.91,26.03,21.34,93.78065119271785,75.96,7.17,NONE
2026-01-18 20:45:00,facility_a,Food & Beverage Processing,"Illinois, USA",21150.51,758.58,28.76,25.53,97.21432730981597,83.3,7.83,NONE
2026-01-18 21:00:00,Facility_E,Data Center Cooling,"Nuevo Leon, Mexico",18814.58,819.37,32.19,23.04,94.9557591298113,65.55,6.82,NONE
2026-01-18 21:15:00,Facility_B,Heavy Manufacturing,"Indiana, USA",20483.53,872.7,30.33,141.51,99.00774121202964,78.44,6.9,SENSOR_TEMP_SPIKE
2026-01-18 21:30:00,Facility_C,Refinery & Petrochemicals,"Maharashtra, India",18438.47,703.99,-1.24,24.01,90.67446920349938,81.63,7.37,CHEMICAL_DOSING_BREACH
2026-01-18 21:45:00,Facility_C,Refinery & Petrochemicals,"Maharashtra, India",17887.07,757.33,42.3,25.92,92.98047645387162,69.54,7.12,NONE
2026-01-18 22:00:00,FACILITY_E,Hyperscale Cooling,"Nuevo Leon, Mexico",19879.21,788.04,,23.19,96.06243258678882,69.91,7.18,NONE
2026-01-18 22:15:00,Facility_C,refinery,"Maharashtra, India",,662.06,,24.68,90.31925958204548,80.74,7.09,NONE
2026-01-18 22:30:00,Facility_D,pharma,"Flanders, Belgium",,644.12,37.89,24.31,--,71.47,7.07,NONE
2026-01-18 22:45:00,Facility_E,Data Center Cooling,"Nuevo Leon, Mexico",22651.37,706.27,32.43,26.65,94.03221283000039,78.37,7.2,NONE
2026-01-18 23:00:00,Facility_E,Data Center Cooling,"Nuevo Leon, Mexico",23084.52,808.39,27.23,24.69,94.5528913466479,82.86,7.28,NONE
2026-01-18 23:15:00,Facility_C,Refinery & Petrochemicals,"Maharashtra, India",17808.6,868.56,35.79,27.28,98.21881960804839,65.42,7.34,NONE
2026-01-18 23:30:00,Facility_B,Heavy Mfg.,"Indiana, USA",25078.8,759.16,20.44,23.11,93.83398010198214,71.6,7.13,NONE
2026-01-18 23:45:00,Facility_B,Heavy Mfg.,"Indiana, USA",26082.23,781.86,33.92,25.12,98.3170288639122,73.86,7.17,NONE
2026-01-19 00:00:00,Facility_D,Pharmaceuticals & Healthcare,"Flanders, Belgium",17091.42,655.13,40.42,25.13,93.88104501831874,63.39,6.98,NONE
2026-01-19 00:15:00,Facility_B,Heavy Manufacturing,"Indiana, USA",23468.01,774.92,33.59,23.32,88.93101910693001,76.04,7.41,NONE
2026-01-19 00:30:00,Facility_C,Refinery & Petrochemicals,"Maharashtra, India",18036.78,936.48,38.09,29.22,93.33743962101403,71.55,7.2,NONE
2026-01-19 00:45:00,Facility_B,Heavy Manufacturing,"Indiana, USA",28660.94,904.91,27.58,28.13,96.58037777285509,71.46,7.25,NONE
2026-01-19 01:00:00,antwerp_hub_d,Pharmaceuticals & Healthcare,"Flanders, Belgium",19722.28,467.23,39.46,25.51,96.51329085100961,83.67,7.15,NONE
2026-01-19 01:15:00,antwerp_hub_d,Pharmaceuticals & Healthcare,"Flanders, Belgium",15687.32,558.76,36.39,28.98,94.2489961948618,72.67,7.38,NONE
2026-01-19 01:30:00,Facility_B,Heavy Manufacturing,"Indiana, USA",22317.16,909.65,35.3,25.88,88.44639047221601,72.19,7.01,NONE
2026-01-19 01:45:00,Facility_B,Heavy Manufacturing,"Indiana, USA",21840.36,722.23,27.69,27.53,94.69442215723254,71.47,7.01,NONE
2026-01-19 02:00:00,Facility_A,Food & Beverage Processing,"Illinois, USA",,637.52,33.65,25.5,86.57236541148143,66.76,7.23,NONE
2026-01-19 02:15:00,Facility_A,Food & Beverage Processing,"Illinois, USA",18599.28,722.76,29.13,27.2,98.08647862600601,79.26,7.63,NONE
2026-01-19 02:30:00,Facility_C,Refinery & Petrochemicals,"Maharashtra, India",19524.87,807.19,32.12,29.19,90.49242489593126,69.26,6.9,NONE
2026-01-19 02:45:00,Facility_C ,Refinery & Petrochemicals,"Maharashtra, India",19744.41,789.72,34.23,28.36,87.6436592361037,75.15,7.26,NONE
2026-01-19 03:00:00,Facility_B,Heavy Manufacturing,"Indiana, USA",28562.93,852.28,31.46,29.32,94.0813691908979,78.19,7.3,NONE
2026-01-19 03:15:00,Facility_A,Food and Beverage,"Illinois, USA",,681.38,30.95,32.38,95.5496213822627,71.56,7.47,NONE
2026-01-19 03:30:00,facility_d,Pharmaceuticals & Healthcare,"Flanders, Belgium",15843.8,556.41,33.5,30.49,92.89541897066178,75.28,7.57,NONE
2026-01-19 03:45:00,Facility_D,Pharmaceuticals & Healthcare,"Flanders, Belgium",17685.23,544.85,37.34,28.28,93.46411843781667,74.19,7.41,NONE
2026-01-19 04:00:00,Facility_C ,Refinery & Petrochemicals,"Maharashtra, India",19774.87,652.44,30.1,27.86,93.79634560392478,72.72,6.72,NONE
2026-01-19 04:15:00,Facility_B,Heavy Manufacturing,"Indiana, USA",31815.71,672.93,28.63,31.1,91.19668168208248,76.88,7.07,NONE
2026-01-19 04:30:00,Fac_D,Pharmaceuticals & Healthcare,"Flanders, Belgium",19103.34,444.93,42.43,30.2,88.39692030546297,76.83,7.81,NONE
2026-01-19 04:45:00,Facility_A,Food & Beverage Processing,"Illinois, USA",17121.55,698.01,29.34,-16.98,90.69820127861355,71.09,7.18,SENSOR_TEMP_SPIKE
2026-01-19 05:00:00,Facility_C,Refinery & Petrochemicals,"Maharashtra, India",18021.66,743.66,38.7,31.57,88.59279804540168,71.33,7.7,NONE
2026-01-19 05:15:00,facility_e,Data Center Cooling,"Nuevo Leon, Mexico",21844.47,775.09,29.5,29.95,93.36864706995274,72.18,7.59,NONE
2026-01-19 05:30:00,Facility_C,Refinery & Petrochemicals,"Maharashtra, India",17935.1,768.22,38.59,29.88,93.27369584351932,72.39,7.32,NONE
2026-01-19 05:45:00,pune_fac_c,Refinery & Petrochemicals,"Maharashtra, India",18094.28,735.36,32.53,30.18,96.75836227551564,76.81,6.91,NONE
2026-01-19 06:00:00,Facility_A,Food & Beverage Processing,"Illinois, USA",18271.0,667.49,,31.0,93.19250809866006,83.1,7.26,NONE
2026-01-19 06:15:00,Facility_A,Food & Beverage Processing,"Illinois, USA",17468.82,650.76,154.82,31.55,,87.17,7.01,CHEMICAL_DOSING_BREACH
2026-01-19 06:30:00,Facility_C,Refinery & Petrochemicals,"Maharashtra, India",19618.86,884.47,39.12,28.29,95.69090413120975,64.49,6.68,NONE
2026-01-19 06:45:00,Facility_C,refinery,"Maharashtra, India",18264.34,824.45,36.96,139.18,93.84984634547983,73.52,7.67,SENSOR_TEMP_SPIKE
2026-01-19 07:00:00,Facility_D,Pharmaceuticals & Healthcare,"Flanders, Belgium",19727.53,513.71,39.13,-16.06,97.13727906040175,70.22,8.0,SENSOR_TEMP_SPIKE
2026-01-19 07:15:00,Facility_D,Pharmaceuticals & Healthcare,"Flanders, Belgium",20267.29,607.85,37.97,30.32,93.07405163674444,78.38,7.59,NONE
2026-01-19 07:30:00,Facility_B,HEAVY_MANUFACTURING,"Indiana, USA",25327.65,712.41,28.65,28.9,91.98454617658238,73.44,7.05,NONE
2026-01-19 07:45:00,Facility_A,FOOD & BEV,"Illinois, USA",15540.7,733.82,31.61,30.07,95.13445308350052,71.03,7.44,NONE
2026-01-19 08:00:00,Facility_E,Data Center Cooling,"Nuevo Leon, Mexico",24486.35,730.9,36.48,30.05,90.77238642605187,77.82,7.32,NONE
2026-01-19 08:15:00,Facility_B,Heavy Manufacturing,"Indiana, USA",29047.43,874.72,27.12,32.56,91.9020121461787,64.25,7.6,NONE
2026-01-19 08:30:00,Facility_A,Food & Beverage Processing,"Illinois, USA",84357.81,804.53,27.8,29.23,51.875254421624994,132.01,7.53,PRESSURE_BURST_SURGE
2026-01-19 08:45:00,facility_d,Pharmaceuticals & Healthcare,"Flanders, Belgium",19201.5,578.14,44.28,31.93,95.58425904638466,76.13,7.52,NONE
2026-01-19 09:00:00,Facility_A,Food & Beverage Processing,"Illinois, USA",18338.24,709.07,27.71,28.73,92.32677158825942,71.14,7.39,NONE
2026-01-19 09:15:00,Facility_C,Refinery & Petrochemicals,"Maharashtra, India",18095.05,816.02,28.69,28.93,93.92096524856798,72.6,7.3,NONE
2026-01-19 09:30:00,Facility_C,Refinery & Petrochemicals,"Maharashtra, India",15245.55,804.7,38.22,29.82,96.82392659021498,74.91,7.48,NONE
2026-01-19 09:45:00,Facility_D,PHARMACEUTICALS,"Flanders, Belgium",,608.12,30.88,27.11,98.5780789025059,62.93,7.31,NONE
2026-01-19 10:00:00,Facility_B,HEAVY_MANUFACTURING,"Indiana, USA",29417.96,832.17,26.8,28.73,--,74.14,7.16,NONE
2026-01-19 10:15:00,Facility_B,Heavy Manufacturing,"Indiana, USA",29221.13,959.55,27.94,25.77,91.82370185499714,73.17,7.49,NONE
2026-01-19 10:30:00,Facility_C,Refinery & Petrochemicals,"Maharashtra, India",16549.66,717.24,37.64,29.72,91.5108990554538,68.0,8.27,NONE
2026-01-19 10:45:00,Facility_A,F&B Processing,"Illinois, USA",21073.65,693.96,35.15,27.56,96.2749020451206,74.72,7.38,NONE
2026-01-19 11:00:00,Facility_D,Pharmaceuticals & Healthcare,"Flanders, Belgium",18463.86,486.64,45.64,136.37,89.1479245558061,73.04,7.08,SENSOR_TEMP_SPIKE
2026-01-19 11:15:00,monterrey_e,Data Center Cooling,"Nuevo Leon, Mexico",20969.06,811.1,27.22,27.37,94.80521296287198,66.09,7.51,NONE
2026-01-19 11:30:00,Facility_E,DATA_CENTER_COOLING,"Nuevo Leon, Mexico",17410.12,903.03,26.8,26.69,91.03693728243886,71.17,7.99,NONE
2026-01-19 11:45:00,Facility_C,Refinery & Petrochemicals,"Maharashtra, India",20951.52,656.63,41.82,28.91,92.60012012067747,75.38,7.35,NONE
2026-01-19 12:00:00,Facility_B,Heavy Manufacturing,"Indiana, USA",31894.74,773.11,29.11,25.73,88.91427070522286,83.86,7.02,NONE
2026-01-19 12:15:00,Facility_E,Data Center Cooling,"Nuevo Leon, Mexico",21657.37,619.45,,27.0,90.86085126559244,76.64,7.27,NONE
2026-01-19 12:30:00,Facility_A,F&B Processing,"Illinois, USA",21944.6,810.09,29.04,26.12,94.08705352471114,76.79,7.35,NONE
2026-01-19 12:45:00,FACILITY_C,Refinery & Petrochemicals,"Maharashtra, India",19256.73,758.09,35.98,28.06,95.56746637187793,77.16,7.55,NONE
2026-01-19 13:00:00,Facility_A,Food & Beverage Processing,"Illinois, USA",18907.46,735.73,-2.48,27.75,84.5945266165017,73.61,7.67,CHEMICAL_DOSING_BREACH
2026-01-19 13:15:00,Facility_D,Pharmaceuticals & Healthcare,"Flanders, Belgium",15655.37,548.02,41.47,25.57,86.99006122277004,69.61,7.62,NONE
2026-01-19 13:30:00,Facility_E,Data Center Cooling,"Nuevo Leon, Mexico",204.08,2668.11,35.57,24.35,52.80226426867866,74.11,7.08,BROWNOUT_WATER_STALL
2026-01-19 13:45:00,Facility_D,Pharmaceuticals & Healthcare,"Flanders, Belgium",17295.67,637.8,,105.33,92.34072645282363,70.15,7.3,SENSOR_TEMP_SPIKE
2026-01-19 14:00:00,Fac_D,Pharmaceuticals & Healthcare,"Flanders, Belgium",17653.9,666.3,32.31,25.21,99.12262829289973,77.49,7.04,NONE
2026-01-19 14:15:00,Facility_D,PHARMACEUTICALS,"Flanders, Belgium",15254.49,584.61,38.13,26.5,95.25503311579017,71.82,7.2,NONE
2026-01-19 14:30:00,facility_e,DATA_CENTER_COOLING,"Nuevo Leon, Mexico",17792.81,759.7,22.6,25.7,95.38529667590036,76.51,6.98,NONE
2026-01-19 14:45:00,Fac_E_Cooling,Data Center Cooling,"Nuevo Leon, Mexico",20720.29,720.8,28.93,24.81,N/A,71.86,7.54,NONE
2026-01-19 15:00:00,Facility_C,Refinery & Petrochemicals,"Maharashtra, India",16275.19,718.98,35.52,25.29,90.39992083709117,82.05,6.97,NONE
2026-01-19 15:15:00,Facility_A,food & beverage,"Illinois, USA",22846.56,798.53,25.49,20.55,95.80356534031111,72.3,7.07,NONE
2026-01-19 15:30:00,Facility_C,Refinery & Petrochemicals,"Maharashtra, India",22920.07,684.23,32.45,22.23,84.54176375220325,74.41,7.09,NONE
2026-01-19 15:45:00,Facility_D,Pharmaceuticals & Healthcare,"Flanders, Belgium",20539.69,622.56,38.47,23.61,94.02348516597208,70.85,7.18,NONE
2026-01-19 16:00:00,Facility_C,Petrochem / Refining,"Maharashtra, India",21816.49,834.13,36.37,24.12,93.30453270790478,74.83,7.52,NONE
2026-01-19 16:15:00,FACILITY_A,Food & Beverage Processing,"Illinois, USA",14468.18,777.61,35.0,21.51,97.48112805170152,64.02,7.45,NONE
2026-01-19 16:30:00,FACILITY_D,Pharmaceuticals & Healthcare,"Flanders, Belgium",18808.7,551.39,37.58,23.85,87.72218158724735,78.5,7.24,NONE
2026-01-19 16:45:00,monterrey_e,Data Center Cooling,"Nuevo Leon, Mexico",97817.47,798.26,26.69,22.57,33.474593595337865,127.96,7.03,PRESSURE_BURST_SURGE
2026-01-19 17:00:00,Facility_B,Heavy Manufacturing,"Indiana, USA",30370.87,882.74,-3.7,19.45,93.29420655961842,68.54,7.53,CHEMICAL_DOSING_BREACH
2026-01-19 17:15:00,Facility_B,Heavy Manufacturing,"Indiana, USA",25920.8,986.28,40.44,22.08,94.629725594928,74.44,7.28,NONE
2026-01-19 17:30:00,Fac_D,Pharmaceuticals & Healthcare,"Flanders, Belgium",16849.94,507.27,32.73,23.26,91.83704166974837,62.4,7.47,NONE
2026-01-19 17:45:00,Facility_B,Heavy Manufacturing,"Indiana, USA",25671.59,953.12,30.07,19.85,86.36503474966406,70.76,7.17,NONE
2026-01-19 18:00:00,Facility_C,Petrochem / Refining,"Maharashtra, India",20957.82,776.31,40.26,20.12,96.58884603001744,77.24,6.78,NONE
2026-01-19 18:15:00,Facility_A,Food & Beverage Processing,"Illinois, USA",22320.31,719.66,33.15,20.95,97.58079044135032,68.66,7.58,NONE
2026-01-19 18:30:00,Facility_C,Refinery & Petrochemicals,"Maharashtra, India",20680.95,701.31,43.83,22.95,95.59245635286727,67.13,7.94,NONE
2026-01-19 18:45:00,facility_b,Heavy Manufacturing,"Indiana, USA",22000.24,926.09,24.32,21.46,96.02401294043344,78.62,6.99,NONE
2026-01-19 19:00:00,Facility_A,Food & Beverage Processing,"Illinois, USA",21783.69,787.51,27.56,25.51,88.83805558960628,71.19,7.48,NONE
2026-01-19 19:15:00,Facility_B,Heavy Manufacturing,"Indiana, USA",23148.38,862.16,29.51,22.38,96.16368172348979,72.97,7.41,NONE
2026-01-19 19:30:00,Facility_A,Food & Beverage Processing,"Illinois, USA",21913.14,769.38,34.8,20.74,95.17933624160423,70.05,6.99,NONE
2026-01-19 19:45:00,facility_b,Heavy Manufacturing,"Indiana, USA",25568.08,764.04,31.82,24.38,87.41159604341938,70.27,6.94,NONE
2026-01-19 20:00:00,Facility_D,Pharmaceuticals & Healthcare,"Flanders, Belgium",17679.81,594.9,36.48,21.97,97.66056488580205,63.63,7.7,NONE
2026-01-19 20:15:00,Facility_B,Heavy Manufacturing,"Indiana, USA",,833.44,26.29,25.95,89.56086881022317,74.05,7.5,NONE
2026-01-19 20:30:00,Facility_B,Heavy Manufacturing,"Indiana, USA",20804.27,762.73,27.88,-23.58,90.89010633209872,72.43,7.53,SENSOR_TEMP_SPIKE
2026-01-19 20:45:00,pune_fac_c,Refinery & Petrochemicals,"Maharashtra, India",18052.72,679.73,43.59,22.31,89.3050815773691,66.16,7.65,NONE
2026-01-19 21:00:00,Facility_A,Food & Beverage Processing,"Illinois, USA",18474.05,694.91,30.83,25.49,92.92550453127706,84.55,7.39,NONE
2026-01-19 21:15:00,Facility_A,F&B Processing,"Illinois, USA",21717.38,770.41,31.35,22.81,94.56228457141297,76.3,7.19,NONE
2026-01-19 21:30:00,Facility_C,Refinery & Petrochemicals,"Maharashtra, India",19202.8,873.05,44.19,25.6,99.4608309964169,71.17,7.55,NONE
2026-01-19 21:45:00,Facility_C,Refinery & Petrochemicals,"Maharashtra, India",21851.04,707.35,33.46,27.41,90.37968366148179,67.96,7.78,NONE
2026-01-19 22:00:00,Facility_E,Data Center Cooling,"Nuevo Leon, Mexico",24130.2,782.41,28.31,23.71,94.40223639618897,81.11,7.42,NONE
2026-01-19 22:15:00,Facility_D,Pharmaceuticals & Healthcare,"Flanders, Belgium",23586.6,517.91,37.42,24.06,90.02754706188054,73.31,7.47,NONE
2026-01-19 22:30:00,Facility_B,Heavy Manufacturing,"Indiana, USA",27412.39,1022.32,30.45,27.04,93.71150158815672,81.55,8.02,NONE
2026-01-19 22:45:00,Facility_B,Heavy Manufacturing,"Indiana, USA",27433.6,756.62,26.2,25.72,94.96079371280207,77.14,7.48,NONE
2026-01-19 23:00:00,facility_e,Data Center Cooling,"Nuevo Leon, Mexico",21117.69,702.29,30.18,28.8,96.76377153736881,76.41,7.64,NONE
2026-01-19 23:15:00,Facility_C,Refinery & Petrochemicals,"Maharashtra, India",17988.68,737.51,32.36,25.49,92.14958113053095,79.44,7.22,NONE
2026-01-19 23:30:00,Facility_D,Pharmaceuticals & Healthcare,"Flanders, Belgium",16915.86,679.53,35.6,26.25,94.94423303917891,68.88,7.7,NONE
2026-01-19 23:45:00,antwerp_hub_d,Pharmaceuticals & Healthcare,"Flanders, Belgium",20150.15,657.67,34.65,26.42,93.62593841598142,75.19,6.94,NONE
2026-01-20 00:00:00,Facility_A,Food & Beverage Processing,"Illinois, USA",19519.2,611.29,33.01,22.67,87.57492213027012,77.68,7.2,NONE
2026-01-20 00:15:00,facility_b,Heavy Manufacturing,"Indiana, USA",22732.78,946.75,29.88,28.33,92.96802536857334,86.06,7.18,NONE
2026-01-20 00:30:00,Facility_D,Pharmaceuticals & Healthcare,"Flanders, Belgium",22637.63,565.51,30.55,27.89,94.50724019665653,69.27,7.09,NONE
2026-01-20 00:45:00,Facility_D,Pharmaceuticals & Healthcare,"Flanders, Belgium",18663.52,588.9,27.12,29.18,91.91760648379207,68.01,7.61,NONE
2026-01-20 01:00:00,Facility_D,Pharmaceuticals & Healthcare,"Flanders, Belgium",18665.95,638.2,39.34,27.53,93.0112641760635,76.17,7.23,NONE
2026-01-20 01:15:00,Facility_E,Data Center Cooling,"Nuevo Leon, Mexico",18941.29,795.74,27.89,27.85,96.98601547569474,73.49,7.35,NONE
2026-01-20 01:30:00,Facility_A,Food & Beverage Processing,"Illinois, USA",17876.87,743.71,32.97,29.65,91.646787721578,71.94,7.57,NONE
2026-01-20 01:45:00,Facility_B,Heavy Manufacturing,"Indiana, USA",26570.55,763.88,33.99,25.21,96.00971121044401,68.31,7.88,NONE
2026-01-20 02:00:00,FACILITY_D,Pharmaceuticals & Healthcare,"Flanders, Belgium",15249.4,634.56,37.16,27.84,94.09326930069683,76.84,7.1,NONE
2026-01-20 02:15:00,Facility_B,Heavy Manufacturing,"Indiana, USA",23265.3,894.57,274.04,27.67,100.0,69.64,7.67,CHEMICAL_DOSING_BREACH
2026-01-20 02:30:00,Facility_D,Pharmaceuticals & Healthcare,"Flanders, Belgium",20188.87,633.24,36.66,32.52,91.61412299332743,75.05,7.42,NONE
2026-01-20 02:45:00,Facility_B,Heavy Manufacturing,"Indiana, USA",22317.73,815.99,29.18,28.36,100.0,70.23,7.68,NONE
2026-01-20 03:00:00,Facility_B,Mfg Heavy,"Indiana, USA",,838.84,24.87,27.95,91.84250464250717,65.96,7.07,NONE
2026-01-20 03:15:00,Facility_B,HEAVY_MANUFACTURING,"Indiana, USA",21202.03,953.05,31.1,30.92,95.38426224493423,74.75,7.76,NONE
2026-01-20 03:30:00,Facility_D,Pharmaceuticals & Healthcare,"Flanders, Belgium",17347.06,575.07,40.64,27.3,100.0,74.13,7.39,NONE
2026-01-20 03:45:00,Facility_E,Data Center Cooling,"Nuevo Leon, Mexico",24282.42,818.62,,30.06,88.68672470096647,71.5,7.49,NONE
2026-01-20 04:00:00,Facility_C,REFINERY_PETRO,"Maharashtra, India",19829.86,871.88,-4.69,27.47,96.88153737848216,80.46,7.6,CHEMICAL_DOSING_BREACH
2026-01-20 04:15:00,Facility_C,Refinery & Petrochemicals,"Maharashtra, India",18457.31,785.95,29.99,29.03,,66.78,7.4,NONE
2026-01-20 04:30:00,monterrey_e,Data Center Cooling,"Nuevo Leon, Mexico",22063.01,865.13,34.0,31.75,86.57942716635351,78.14,7.55,NONE
2026-01-20 04:45:00,Facility_B,heavy mfg,"Indiana, USA",26582.1,694.66,25.24,28.19,87.05197299357731,73.99,7.13,NONE
2026-01-20 05:00:00,Facility_A,Food & Beverage Processing,"Illinois, USA",25331.55,700.97,,27.54,91.80371332478441,74.44,7.1,CHEMICAL_DOSING_BREACH
2026-01-20 05:15:00,Facility_B,Heavy Manufacturing,"Indiana, USA",24483.37,995.83,30.09,31.29,95.22689527790422,76.76,7.33,NONE
2026-01-20 05:30:00,FAC-B,Heavy Manufacturing,"Indiana, USA",24797.35,854.01,33.36,32.49,92.73072487779709,77.46,7.3,NONE
2026-01-20 05:45:00,facility_e,Data Center Cooling,"Nuevo Leon, Mexico",21185.76,714.49,27.74,32.91,93.79574767148556,74.61,6.94,NONE
2026-01-20 06:00:00,Facility_D,Pharmaceuticals & Healthcare,"Flanders, Belgium",18024.35,555.27,34.02,30.54,92.1266166712715,74.36,7.38,NONE
2026-01-20 06:15:00,Facility_C,Petrochem / Refining,"Maharashtra, India",16667.72,746.02,35.82,32.62,94.32150135294637,71.02,7.46,NONE
2026-01-20 06:30:00,Facility_B,Mfg Heavy,"Indiana, USA",31074.52,917.0,30.8,31.77,98.10785293257162,78.84,7.51,NONE
2026-01-20 06:45:00,Facility_C,Petrochem / Refining,"Maharashtra, India",21241.32,692.96,29.19,117.2,93.71977827088172,71.55,7.58,SENSOR_TEMP_SPIKE
2026-01-20 07:00:00,Facility_A,Food & Beverage Processing,"Illinois, USA",18142.0,596.33,37.78,27.92,91.6173118166154,78.09,7.53,NONE
2026-01-20 07:15:00,Facility_E,Data Center Cooling,"Nuevo Leon, Mexico",18294.1,801.19,29.72,34.49,94.79260933141857,73.36,7.11,NONE
2026-01-20 07:30:00,Facility_E,Data Center Cooling,"Nuevo Leon, Mexico",19215.58,688.07,34.26,30.23,95.30879079671914,80.81,6.69,NONE
2026-01-20 07:45:00,Facility_A,Food & Beverage Processing,"Illinois, USA",22219.19,716.95,33.33,28.6,91.08360192496474,76.2,8.02,NONE
2026-01-20 08:00:00,Facility_C,Refinery & Petrochemicals,"Maharashtra, India",21093.73,875.33,34.69,28.88,91.00142415494722,71.8,6.78,NONE
2026-01-20 08:15:00,Facility_B,Heavy Manufacturing,"Indiana, USA",23546.52,792.93,27.76,30.06,94.65984277960196,73.93,7.19,NONE
2026-01-20 08:30:00,Facility_D,Pharmaceuticals & Healthcare,"Flanders, Belgium",14308.75,536.26,33.42,30.51,96.40971966941981,78.22,7.56,NONE
2026-01-20 08:45:00,Facility_B,Heavy Manufacturing,"Indiana, USA",25376.76,796.16,25.36,26.79,96.67393184162515,73.21,7.0,NONE
2026-01-20 09:00:00,Facility_B_Unit2,Heavy Manufacturing,"Indiana, USA",23232.17,767.17,28.68,31.25,92.38643344129413,63.86,7.3,NONE
2026-01-20 09:15:00,Facility_D,Pharmaceuticals & Healthcare,"Flanders, Belgium",18368.14,556.2,34.86,29.53,93.71165156847681,73.89,7.47,NONE
2026-01-20 09:30:00,Facility_C,Refinery & Petrochemicals,"Maharashtra, India",17855.9,739.19,41.3,29.94,null,79.52,7.5,NONE
2026-01-20 09:45:00,Facility_C,Refinery & Petrochemicals,"Maharashtra, India",20924.45,654.28,36.36,28.39,98.8685890908794,78.17,7.17,NONE
2026-01-20 10:00:00,Facility_B,Heavy Manufacturing,"Indiana, USA",26943.72,854.09,30.41,26.67,94.65205268876232,72.97,7.43,NONE
2026-01-20 10:15:00,Facility_C ,refinery,"Maharashtra, India",17190.44,731.54,40.43,122.98,90.37118591666544,73.77,7.13,SENSOR_TEMP_SPIKE
2026-01-20 10:30:00,Facility_D,Pharmaceuticals & Healthcare,"Flanders, Belgium",,511.65,46.13,28.86,91.11099727273628,75.88,7.51,NONE
2026-01-20 10:45:00,Facility_C,Refinery & Petrochemicals,"Maharashtra, India",21073.62,767.12,39.6,24.12,90.1198139824776,74.74,7.44,NONE
2026-01-20 11:00:00,Facility_C,Refinery & Petrochemicals,"Maharashtra, India",16767.06,797.16,32.88,27.04,96.77927616212804,78.09,7.07,NONE
2026-01-20 11:15:00,Facility_D,Pharmaceuticals & Healthcare,"Flanders, Belgium",16344.12,545.6,37.39,26.1,96.83005581695893,75.56,7.46,NONE
2026-01-20 11:30:00,Facility_C,refinery,"Maharashtra, India",15965.58,867.7,23.66,28.52,96.48979756054646,72.05,7.71,NONE
2026-01-20 11:45:00,Facility_B,Heavy Manufacturing,"Indiana, USA",108626.23,845.24,29.93,32.5,46.83998871123344,132.2,7.09,PRESSURE_BURST_SURGE
2026-01-20 12:00:00,Facility_D,pharma,"Flanders, Belgium",18841.33,618.02,38.41,24.56,93.54582528705555,71.73,7.33,NONE
2026-01-20 12:15:00,Facility_E,DATA_CENTER_COOLING,"Nuevo Leon, Mexico",18942.52,761.64,29.78,27.51,94.49155182197659,81.36,7.96,NONE
2026-01-20 12:30:00,Facility_C,Refinery & Petrochemicals,"Maharashtra, India",17913.07,852.37,44.38,27.77,95.79543518056572,65.8,7.19,NONE
2026-01-20 12:45:00,Facility_A,Food & Beverage Processing,"Illinois, USA",18310.4,811.91,28.43,25.57,96.18888145283123,70.51,7.43,NONE
2026-01-20 13:00:00,Facility_D,Pharmaceuticals & Healthcare,"Flanders, Belgium",19053.19,618.91,40.27,26.59,94.14251254525331,66.46,7.39,NONE
2026-01-20 13:15:00,Facility_E,Data Center Cooling,"Nuevo Leon, Mexico",21240.03,807.49,26.72,25.29,93.7347551621404,70.79,7.03,NONE
2026-01-20 13:30:00,Fac_D,Pharmaceuticals & Healthcare,"Flanders, Belgium",19578.29,626.34,34.88,24.58,96.1545575047205,78.17,7.41,NONE
2026-01-20 13:45:00,Facility_C,Refinery & Petrochemicals,"Maharashtra, India",19762.78,818.34,38.49,22.8,99.63507324493216,75.23,7.55,NONE
2026-01-20 14:00:00,Facility_E,Data Center Cooling,"Nuevo Leon, Mexico",19171.11,736.06,30.08,21.25,90.61635183615401,70.74,6.99,NONE
2026-01-20 14:15:00,facility_b,Heavy Manufacturing,"Indiana, USA",26118.3,833.78,34.48,22.26,94.25119481090618,70.04,6.87,NONE
2026-01-20 14:30:00,Facility_D,Pharmaceuticals & Healthcare,"Flanders, Belgium",20039.37,607.16,39.82,21.7,93.76747956923033,76.69,7.62,NONE
2026-01-20 14:45:00,Facility_A,Food & Beverage Processing,"Illinois, USA",20715.34,781.81,35.98,24.05,95.09529661489815,78.5,7.46,NONE
2026-01-20 15:00:00,Facility_C,Refinery & Petrochemicals,"Maharashtra, India",21535.82,844.95,32.84,21.32,93.56178409352361,68.68,7.37,NONE
2026-01-20 15:15:00,facility_a,Food & Beverage Processing,"Illinois, USA",19245.89,805.75,33.62,25.25,91.93329637616392,80.88,7.6,NONE
2026-01-20 15:30:00,Facility_C,Refinery & Petrochemicals,"Maharashtra, India",19792.69,636.63,,26.52,93.53611591411303,74.14,7.21,NONE
2026-01-20 15:45:00,Facility_C,Petrochem / Refining,"Maharashtra, India",15140.52,733.33,42.47,25.12,91.02733228758086,71.4,7.95,NONE
2026-01-20 16:00:00,Facility_B,Heavy Manufacturing,"Indiana, USA",22632.82,779.9,26.7,20.59,91.77996713329586,71.65,7.1,NONE
2026-01-20 16:15:00,Facility_A,Food & Beverage Processing,"Illinois, USA",22332.69,629.81,30.9,21.33,92.82808332360472,69.84,7.37,NONE
2026-01-20 16:30:00,Facility_C,Refinery & Petrochemicals,"Maharashtra, India",19553.26,885.95,33.03,25.72,90.91766954675221,72.93,7.84,NONE
2026-01-20 16:45:00,Facility_E,Data Center Cooling,"Nuevo Leon, Mexico",28450.25,876.45,27.56,23.64,95.68443801988124,75.55,7.07,NONE
2026-01-20 17:00:00,Facility_D,Pharmaceuticals & Healthcare,"Flanders, Belgium",19245.94,540.22,33.43,22.08,94.50906070606216,78.51,7.28,NONE
2026-01-20 17:15:00,Facility_B_Unit2,Heavy Manufacturing,"Indiana, USA",25546.72,907.53,28.8,23.26,93.74949911102061,74.91,7.05,NONE
2026-01-20 17:30:00,Facility_A,Food & Beverage Processing,"Illinois, USA",19545.77,814.81,254.47,21.03,98.22489611984865,77.25,7.56,CHEMICAL_DOSING_BREACH
2026-01-20 17:45:00,Facility_B,Heavy Manufacturing,"Indiana, USA",,956.31,26.48,19.04,94.66982897484205,74.15,6.92,NONE
2026-01-20 18:00:00,Facility_D,Pharmaceuticals & Healthcare,"Flanders, Belgium",20078.85,599.17,31.34,25.9,95.90358781049754,65.49,7.58,NONE
2026-01-20 18:15:00,Facility_B,Heavy Manufacturing,"Indiana, USA",28234.35,958.86,25.88,24.01,92.7427139028374,71.5,7.11,NONE
2026-01-20 18:30:00,Facility_D,Pharmaceuticals & Healthcare,"Flanders, Belgium",14444.01,599.75,36.35,17.62,93.74113663953813,79.21,6.98,NONE
2026-01-20 18:45:00,Facility_A,Food & Beverage Processing,"Illinois, USA",17615.78,744.44,20.75,21.62,94.609140289512,71.47,6.99,NONE
2026-01-20 19:00:00,facility_b,Heavy Mfg.,"Indiana, USA",,704.58,-5.31,24.54,100.0,74.16,7.57,CHEMICAL_DOSING_BREACH
2026-01-20 19:15:00,Facility_D,Pharmaceuticals & Healthcare,"Flanders, Belgium",16605.65,535.14,40.52,23.0,96.68269097227432,78.29,7.43,NONE
2026-01-20 19:30:00,Facility_D,Pharmaceuticals & Healthcare,"Flanders, Belgium",19590.07,638.0,35.78,25.6,91.23486000830422,74.34,7.53,NONE
2026-01-20 19:45:00,Facility_B,Heavy Manufacturing,"Indiana, USA",20748.28,956.08,30.5,28.85,100.0,73.95,7.85,NONE
2026-01-20 20:00:00,Facility_B,Heavy Manufacturing,"Indiana, USA",28412.34,859.41,21.53,20.47,93.51398480506549,71.77,7.41,NONE
2026-01-20 20:15:00,Facility_A,Food & Beverage Processing,"Illinois, USA",22435.32,774.67,28.58,24.84,90.57504857331034,68.86,7.46,NONE
2026-01-20 20:30:00,Facility_E,Data Center Cooling,"Nuevo Leon, Mexico",19037.68,701.86,32.67,24.51,--,66.69,7.14,NONE
2026-01-20 20:45:00,Facility_A,Food & Beverage Processing,"Illinois, USA",23752.23,781.91,37.48,23.95,92.37664557608889,78.07,7.71,NONE
2026-01-20 21:00:00,Facility_C,Refinery & Petrochemicals,"Maharashtra, India",17743.15,721.58,29.11,22.34,95.64054040429991,71.32,7.61,NONE
2026-01-20 21:15:00,Facility_C,Refinery & Petrochemicals,"Maharashtra, India",23271.32,778.93,35.43,24.85,91.66191209406401,71.09,7.18,NONE
2026-01-20 21:30:00,Facility_C,Refinery & Petrochemicals,"Maharashtra, India",16238.87,846.91,33.41,26.07,95.19370557449967,73.9,7.58,NONE
2026-01-20 21:45:00,Facility_E,Data Center Cooling,"Nuevo Leon, Mexico",18711.16,691.47,31.5,20.33,93.54675577696122,76.66,7.72,NONE
2026-01-20 22:00:00,Facility_C ,Refinery & Petrochemicals,"Maharashtra, India",22250.83,766.88,38.74,23.05,92.08084339514159,80.15,7.34,NONE
2026-01-20 22:15:00,Facility_B,Heavy Manufacturing,"Indiana, USA",26284.17,753.22,30.27,26.09,95.81367329193655,68.55,7.63,NONE
2026-01-20 22:30:00,Facility_C ,Refinery & Petrochemicals,"Maharashtra, India",16572.05,774.95,28.7,24.65,90.28852330188339,71.98,7.37,NONE
2026-01-20 22:45:00,Facility_A,Food & Beverage Processing,"Illinois, USA",21175.18,769.53,,26.44,94.16008449870368,71.48,7.1,NONE
2026-01-20 23:00:00,Facility_A,Food & Beverage Processing,"Illinois, USA",19118.69,729.44,33.09,25.11,85.42249062297242,71.77,7.02,NONE
2026-01-20 23:15:00,Facility_D,Pharmaceuticals & Healthcare,"Flanders, Belgium",23335.6,572.37,40.61,26.86,94.49305112307759,72.13,7.2,NONE
2026-01-20 23:30:00,Facility_D,pharma,"Flanders, Belgium",,577.09,38.76,25.89,93.95894997988825,68.57,7.27,NONE
2026-01-20 23:45:00,Facility_A,Food & Beverage Processing,"Illinois, USA",17760.82,760.41,31.67,25.09,92.98815716938144,69.32,7.26,NONE
2026-01-21 00:00:00, Facility_A ,Food & Beverage Processing,"Illinois, USA",20609.92,618.01,31.24,25.15,89.23893868365546,82.39,7.7,NONE
2026-01-21 00:15:00,Facility_B,Heavy Manufacturing,"Indiana, USA",23939.11,815.66,291.77,23.9,89.89030909749926,73.85,7.32,CHEMICAL_DOSING_BREACH
2026-01-21 00:30:00,Facility_B,Heavy Manufacturing,"Indiana, USA",26650.38,749.16,29.86,28.17,92.13272773835028,65.69,7.68,NONE
2026-01-21 00:45:00,Facility_A,Food & Beverage Processing,"Illinois, USA",19467.14,515.3,-3.6,26.42,100.0,75.7,7.29,CHEMICAL_DOSING_BREACH
2026-01-21 01:00:00,Facility_D,Pharmaceuticals & Healthcare,"Flanders, Belgium",308.77,3305.95,33.73,28.5,55.82205832908302,73.24,7.9,BROWNOUT_WATER_STALL
2026-01-21 01:15:00,Facility_C,Refinery & Petrochemicals,"Maharashtra, India",20016.4,774.07,38.68,31.48,97.68117462174415,79.19,7.26,NONE
2026-01-21 01:30:00,Facility_C,Refinery & Petrochemicals,"Maharashtra, India",19345.82,674.57,,28.52,93.57483240049977,78.62,7.01,NONE
2026-01-21 01:45:00,Facility_A_Line1,food & beverage,"Illinois, USA",23042.08,777.3,31.2,28.0,95.03795588879551,80.84,7.38,NONE
2026-01-21 02:00:00,Facility_D,Healthcare & Pharma,"Flanders, Belgium",19042.53,570.03,44.98,27.84,93.40557568441898,80.59,7.39,NONE
2026-01-21 02:15:00,Facility_B,Heavy Manufacturing,"Indiana, USA",29308.97,763.45,27.64,31.39,91.33571290955665,73.32,7.42,NONE
2026-01-21 02:30:00,Facility_C,Refinery & Petrochemicals,"Maharashtra, India",16592.26,744.85,35.97,29.02,97.59712646667883,80.94,7.11,NONE
2026-01-21 02:45:00,FACILITY_D,Pharmaceuticals & Healthcare,"Flanders, Belgium",18968.94,607.36,43.87,30.43,94.43092288509546,77.0,7.54,NONE
2026-01-21 03:00:00,FACILITY_B,Heavy Manufacturing,"Indiana, USA",22918.91,856.2,34.63,28.96,93.91422925615183,72.91,6.7,NONE
2026-01-21 03:15:00,Facility_B,Heavy Manufacturing,"Indiana, USA",25853.72,865.35,26.35,27.43,90.68205932869873,77.44,7.9,NONE
2026-01-21 03:30:00,Facility_A,Food & Beverage Processing,"Illinois, USA",22458.58,617.15,,28.48,91.63674539997191,71.92,7.55,NONE
2026-01-21 03:45:00,Facility_E,Hyperscale Cooling,"Nuevo Leon, Mexico",23528.83,742.65,28.16,30.66,95.31758252647758,79.29,6.99,NONE
2026-01-21 04:00:00,Facility_E,Data Center Cooling,"Nuevo Leon, Mexico",21150.71,669.9,28.29,29.56,93.35040174751136,70.4,6.93,NONE
2026-01-21 04:15:00,Facility_D,Pharmaceuticals & Healthcare,"Flanders, Belgium",14014.31,561.54,35.69,28.87,97.73215508106131,70.13,7.75,NONE
2026-01-21 04:30:00,Facility_A,Food & Beverage Processing,"Illinois, USA",23016.61,573.9,31.89,29.48,84.18222737690475,67.5,7.57,NONE
2026-01-21 04:45:00,Facility_E,Data Center Cooling,"Nuevo Leon, Mexico",26212.61,817.7,29.86,30.25,98.88452132687397,83.67,7.19,NONE
2026-01-21 05:00:00,Facility_A,Food & Beverage Processing,"Illinois, USA",14639.91,563.4,,30.28,94.0863741134679,65.94,7.14,NONE
2026-01-21 05:15:00,Facility_B,Heavy Manufacturing,"Indiana, USA",24875.55,857.46,26.83,28.56,90.98938562367192,79.44,7.42,NONE
2026-01-21 05:30:00,Facility_C,Refinery & Petrochemicals,"Maharashtra, India",,707.16,23.09,29.52,90.7269742258384,75.57,8.27,NONE
2026-01-21 05:45:00,Facility_C,Refinery & Petrochemicals,"Maharashtra, India",20397.55,989.58,37.89,29.36,94.61333144998683,82.01,7.86,NONE
2026-01-21 06:00:00,Facility_A,Food & Beverage Processing,"Illinois, USA",17933.07,731.05,25.5,31.98,98.47073503697887,74.18,7.16,NONE
2026-01-21 06:15:00,Facility_A,FOOD & BEV,"Illinois, USA",,742.76,31.84,30.81,92.94379247849801,78.48,7.56,NONE
2026-01-21 06:30:00,pune_fac_c,Refinery & Petrochemicals,"Maharashtra, India",16605.93,698.48,34.43,31.79,93.97378372445061,71.11,7.42,NONE
2026-01-21 06:45:00,Facility_A,Food & Beverage Processing,"Illinois, USA",18498.31,775.78,32.9,29.86,94.24086007054868,79.92,7.19,NONE
2026-01-21 07:00:00,Facility_B,Heavy Manufacturing,"Indiana, USA",27036.14,834.08,30.29,-35.2,93.85307338611,78.99,7.09,SENSOR_TEMP_SPIKE
2026-01-21 07:15:00,Facility_A,Food & Beverage Processing,"Illinois, USA",16190.0,755.45,25.6,29.75,95.47852577059426,75.87,7.24,NONE
2026-01-21 07:30:00,Facility_A,FOOD & BEV,"Illinois, USA",19704.33,720.64,30.56,29.82,100.0,77.64,8.04,NONE
2026-01-21 07:45:00,Facility_E,Data Center Cooling,"Nuevo Leon, Mexico",19841.69,743.63,22.91,28.63,99.58612207572,71.65,7.89,NONE
2026-01-21 08:00:00,FACILITY_E,DATA_CENTER_COOLING,"Nuevo Leon, Mexico",17951.81,670.99,27.07,29.85,96.45387933584041,76.03,7.23,NONE
2026-01-21 08:15:00,Facility_D,Pharmaceuticals & Healthcare,"Flanders, Belgium",18419.54,550.85,33.66,28.23,96.78922845258691,65.77,7.8,NONE
2026-01-21 08:30:00,Facility_B,Heavy Manufacturing,"Indiana, USA",24728.5,775.11,31.61,32.35,97.07642381313266,76.26,7.65,NONE
2026-01-21 08:45:00,facility_c,refinery,"Maharashtra, India",14949.02,736.45,-8.06,31.71,92.27287033944356,77.8,7.5,CHEMICAL_DOSING_BREACH
2026-01-21 09:00:00,Facility_C,refinery,"Maharashtra, India",21750.04,716.74,36.02,27.92,92.49535300186925,73.79,7.13,NONE
2026-01-21 09:15:00,Facility_D,Pharmaceuticals & Healthcare,"Flanders, Belgium",16561.57,585.29,33.95,27.68,90.4950299401537,73.65,7.61,NONE
2026-01-21 09:30:00,Facility_C,Refinery & Petrochemicals,"Maharashtra, India",,720.6,44.53,27.13,96.96735527464918,70.75,7.11,NONE
2026-01-21 09:45:00,Facility_B,Heavy Manufacturing,"Indiana, USA",23485.13,835.59,30.94,29.93,90.47924795088676,69.55,7.09,NONE
2026-01-21 10:00:00,Facility_E,Data Center Cooling,"Nuevo Leon, Mexico",20818.05,734.24,,28.99,100.0,71.73,7.23,NONE
2026-01-21 10:15:00,Facility_B,Heavy Manufacturing,"Indiana, USA",27522.04,793.06,31.31,26.98,99.36278274424737,75.55,7.18,NONE
2026-01-21 10:30:00,Facility_A,Food & Beverage Processing,"Illinois, USA",17902.2,676.37,37.27,25.75,91.36258665452958,71.47,7.35,NONE
2026-01-21 10:45:00,Facility_A,Food & Beverage Processing,"Illinois, USA",18636.31,606.68,29.82,27.61,91.4900869277447,77.09,7.61,NONE
2026-01-21 11:00:00,Facility_E,Data Center Cooling,"Nuevo Leon, Mexico",20901.52,767.29,19.42,26.78,96.71542941362532,72.09,7.14,NONE
2026-01-21 11:15:00,Facility_D,PHARMACEUTICALS,"Flanders, Belgium",23835.33,672.51,39.46,29.33,86.37700666253416,70.46,7.22,NONE
2026-01-21 11:30:00,Facility_A,Food & Beverage Processing,"Illinois, USA",18717.52,678.07,20.79,27.72,95.23969321049795,81.21,7.13,NONE
2026-01-21 11:45:00,monterrey_e,Data Center Cooling,"Nuevo Leon, Mexico",18896.75,549.0,27.27,28.38,91.5423428409833,83.65,7.28,NONE
2026-01-21 12:00:00,Facility_E,data center,"Nuevo Leon, Mexico",21472.18,647.77,29.71,22.94,95.71983345604207,77.26,7.73,NONE
2026-01-21 12:15:00,Facility_E,Data Center Cooling,"Nuevo Leon, Mexico",18517.44,762.04,30.87,27.03,90.73104231956847,63.24,7.45,NONE
2026-01-21 12:30:00,Facility_B,Heavy Manufacturing,"Indiana, USA",25318.04,792.4,31.71,25.9,89.27857583114304,65.31,7.03,NONE
2026-01-21 12:45:00,Facility_C,Refinery & Petrochemicals,"Maharashtra, India",24233.39,833.16,36.29,25.39,92.70834259216821,79.25,7.21,NONE
2026-01-21 13:00:00,Facility_A,Food & Beverage Processing,"Illinois, USA",,688.16,39.65,26.8,97.4857818069876,71.37,7.65,NONE
2026-01-21 13:15:00,Facility_C,Refinery & Petrochemicals,"Maharashtra, India",18120.81,785.55,42.37,23.34,94.15039274017728,75.97,7.5,NONE
2026-01-21 13:30:00,Facility_A,Food & Beverage Processing,"Illinois, USA",18220.98,861.75,26.06,-27.78,97.38820993789324,82.55,6.91,SENSOR_TEMP_SPIKE
2026-01-21 13:45:00,monterrey_e,Data Center Cooling,"Nuevo Leon, Mexico",,629.52,26.45,25.08,98.59512023567608,73.17,7.18,NONE
2026-01-21 14:00:00,facility_b,Heavy Manufacturing,"Indiana, USA",26753.69,879.45,30.35,24.18,87.24372443546193,69.87,7.75,NONE
2026-01-21 14:15:00,Facility_D,Pharmaceuticals & Healthcare,"Flanders, Belgium",19139.21,550.65,42.2,22.24,92.77888597211837,74.62,7.23,NONE
2026-01-21 14:30:00,Facility_B,Heavy Manufacturing,"Indiana, USA",26101.84,824.23,22.62,24.39,89.24927426715882,74.75,7.73,NONE
2026-01-21 14:45:00,Facility_A,Food & Beverage Processing,"Illinois, USA",18613.4,629.47,30.97,22.37,95.40242880842071,73.33,7.83,NONE
2026-01-21 15:00:00,Facility_B,heavy mfg,"Indiana, USA",29389.22,827.14,31.51,22.96,93.60866203252854,72.37,7.56,NONE
2026-01-21 15:15:00,Facility_C,Refinery & Petrochemicals,"Maharashtra, India",22064.46,839.05,39.37,25.15,95.26401895147107,68.87,7.83,NONE
2026-01-21 15:30:00,Facility_B,Heavy Manufacturing,"Indiana, USA",31374.29,820.35,26.94,24.43,95.26260107258722,73.09,7.0,NONE
2026-01-21 15:45:00,Facility_C,Refinery & Petrochemicals,"Maharashtra, India",19517.65,819.85,38.55,23.8,92.63243152524188,78.47,7.37,NONE
2026-01-21 16:00:00,facility_d,Pharmaceuticals & Healthcare,"Flanders, Belgium",17674.65,558.72,30.17,22.71,95.70299686359894,75.53,7.78,NONE
2026-01-21 16:15:00,Facility_E,Data Center Cooling,"Nuevo Leon, Mexico",20434.15,786.55,31.83,27.13,93.96324957157645,69.3,7.59,NONE
2026-01-21 16:30:00,facility_a,Food & Beverage Processing,"Illinois, USA",23575.74,690.0,35.03,25.02,null,74.57,7.15,NONE
2026-01-21 16:45:00,Facility_B_Unit2,Heavy Manufacturing,"Indiana, USA",25538.46,878.52,32.31,23.31,92.28429450707016,76.5,7.59,NONE
2026-01-21 17:00:00,Facility_D,Pharmaceuticals & Healthcare,"Flanders, Belgium",19571.71,521.42,36.74,24.34,89.07434301201768,64.58,7.77,NONE
2026-01-21 17:15:00,Facility_B,Heavy Manufacturing,"Indiana, USA",27372.73,890.97,23.98,23.9,94.38079580021876,66.87,7.75,NONE
2026-01-21 17:30:00,Facility_D,pharma,"Flanders, Belgium",19075.45,546.46,35.91,18.91,95.39867711882036,75.18,7.3,NONE
2026-01-21 17:45:00,Facility_B,Heavy Manufacturing,"Indiana, USA",29746.66,723.76,25.99,20.98,92.60785606473102,74.3,7.47,NONE
2026-01-21 18:00:00,Facility_B,Heavy Manufacturing,"Indiana, USA",,766.3,,26.84,93.95851735002248,70.59,7.76,NONE
2026-01-21 18:15:00,Facility_A,Food & Beverage Processing,"Illinois, USA",15918.73,689.13,28.58,20.42,92.60392245465033,70.11,7.35,NONE
2026-01-21 18:30:00,FACILITY_E,Data Center Cooling,"Nuevo Leon, Mexico",21168.81,703.4,26.94,22.12,96.09150739558217,73.33,7.58,NONE
2026-01-21 18:45:00,Facility_C,Refinery & Petrochemicals,"Maharashtra, India",,821.41,41.33,20.56,91.98581405981723,81.93,7.28,NONE
2026-01-21 19:00:00,Facility_B,Heavy Manufacturing,"Indiana, USA",17077.76,822.95,29.07,17.93,97.76859404764143,70.79,7.44,NONE
2026-01-21 19:15:00,Facility_A,Food & Beverage Processing,"Illinois, USA",18740.63,621.14,27.0,21.03,,73.34,7.2,NONE
2026-01-21 19:30:00,FACILITY_E,Data Center Cooling,"Nuevo Leon, Mexico",18733.57,839.71,34.65,24.94,95.07579948529333,75.3,7.01,NONE
2026-01-21 19:45:00,Facility_B_Unit2,Heavy Manufacturing,"Indiana, USA",25029.24,782.56,20.83,24.82,91.27334417154472,79.38,7.6,NONE
2026-01-21 20:00:00,Facility_B,Heavy Manufacturing,"Indiana, USA",27512.93,891.48,25.92,26.38,93.63800137904975,75.36,7.17,NONE
2026-01-21 20:15:00,Facility_B,Heavy Mfg.,"Indiana, USA",22908.23,880.09,29.41,-41.77,88.8970344999187,68.29,7.68,SENSOR_TEMP_SPIKE
2026-01-21 20:30:00,Facility_B,Heavy Manufacturing,"Indiana, USA",23892.1,811.53,34.59,21.31,91.17361655770542,70.54,7.8,NONE
2026-01-21 20:45:00,Facility_E,Data Center Cooling,"Nuevo Leon, Mexico",26147.25,806.37,31.79,22.45,99.7314511580937,75.2,7.59,NONE
2026-01-21 21:00:00,Facility_B,Heavy Manufacturing,"Indiana, USA",25463.42,817.49,35.48,24.64,98.14440147542523,75.15,7.11,NONE
2026-01-21 21:15:00,Facility_D,Pharmaceuticals & Healthcare,"Flanders, Belgium",17408.65,574.86,34.87,21.87,--,71.55,7.39,NONE
2026-01-21 21:30:00,Facility_C,Refinery & Petrochemicals,"Maharashtra, India",19496.04,731.3,41.59,22.05,94.33720084345846,75.11,7.33,NONE
2026-01-21 21:45:00,Facility_A,Food & Beverage Processing,"Illinois, USA",16265.11,775.09,34.62,23.06,95.76395906305716,75.69,6.99,NONE
2026-01-21 22:00:00,Facility_E,Data Center Cooling,"Nuevo Leon, Mexico",18937.85,835.37,29.8,125.49,90.75287714824755,71.68,7.23,SENSOR_TEMP_SPIKE
2026-01-21 22:15:00,Facility_E,Hyperscale Cooling,"Nuevo Leon, Mexico",18958.02,822.8,23.15,24.98,90.61283775131275,72.82,7.25,NONE
2026-01-21 22:30:00,Facility_C,Refinery & Petrochemicals,"Maharashtra, India",17860.42,932.63,158.24,23.51,91.05973942560945,78.7,6.89,CHEMICAL_DOSING_BREACH
2026-01-21 22:45:00,Facility_A,Food & Beverage Processing,"Illinois, USA",17500.15,816.16,32.52,25.56,100.0,75.11,7.15,NONE
2026-01-21 23:00:00,Facility_C,Refinery & Petrochemicals,"Maharashtra, India",18189.72,688.78,,26.5,,79.46,7.23,NONE
2026-01-21 23:15:00,Facility_A,Food & Beverage Processing,"Illinois, USA",17079.15,709.31,27.83,26.02,97.122710018671,73.24,7.39,NONE
2026-01-21 23:30:00,FACILITY_A,Food & Beverage Processing,"Illinois, USA",19046.07,770.23,28.7,22.02,95.00678035000122,78.45,7.47,NONE
2026-01-21 23:45:00,Facility_A,Food & Beverage Processing,"Illinois, USA",17783.07,632.07,33.58,26.49,93.09746359149335,82.2,7.08,NONE
2026-01-22 00:00:00,Facility_A,Food & Beverage Processing,"Illinois, USA",23366.1,715.27,23.79,26.18,96.57038744511821,72.36,6.94,NONE
2026-01-22 00:15:00,Facility_B,Heavy Manufacturing,"Indiana, USA",25280.86,768.0,30.57,28.15,90.11993469520606,70.82,7.56,NONE
2026-01-22 00:30:00,Facility_B,Heavy Manufacturing,"Indiana, USA",23132.05,749.1,23.55,27.66,94.48930470245588,70.92,7.35,NONE
2026-01-22 00:45:00,Facility_D,pharma,"Flanders, Belgium",22149.37,513.58,29.3,113.71,93.14671627551492,70.8,7.53,SENSOR_TEMP_SPIKE
2026-01-22 01:00:00,Facility_E,DATA_CENTER_COOLING,"Nuevo Leon, Mexico",19447.62,923.81,30.95,28.75,97.25326169162074,74.08,7.57,NONE
2026-01-22 01:15:00,Facility_B,Heavy Manufacturing,"Indiana, USA",28012.26,885.28,27.15,100.8,91.61724299421832,74.06,7.02,SENSOR_TEMP_SPIKE
2026-01-22 01:30:00,Facility_A,FOOD & BEV,"Illinois, USA",17435.43,692.87,27.54,27.12,92.97543687438235,75.81,7.62,NONE
2026-01-22 01:45:00,Facility_C,Petrochem / Refining,"Maharashtra, India",17779.2,880.74,39.44,29.18,93.99167721374918,75.44,7.68,NONE
2026-01-22 02:00:00,Facility_B_Unit2,Heavy Manufacturing,"Indiana, USA",29576.73,952.14,28.67,29.5,97.79934882119056,71.19,7.26,NONE
2026-01-22 02:15:00,Facility_E,Data Center Cooling,"Nuevo Leon, Mexico",21140.6,817.47,32.34,28.31,88.67244974598492,75.11,7.09,NONE
2026-01-22 02:30:00,Facility_E,Data Center Cooling,"Nuevo Leon, Mexico",17327.48,655.21,29.87,31.38,93.62446245195598,74.95,7.68,NONE
2026-01-22 02:45:00,Facility_E,Data Center Cooling,"Nuevo Leon, Mexico",17189.44,789.01,28.45,30.16,91.95285149310779,70.32,7.39,NONE
2026-01-22 03:00:00,Facility_C,Refinery & Petrochemicals,"Maharashtra, India",22552.92,843.89,33.37,26.91,88.1173846921671,79.92,7.08,NONE
2026-01-22 03:15:00,Facility_A,Food & Beverage Processing,"Illinois, USA",18510.56,807.2,24.72,32.19,92.68835054754399,68.83,7.28,NONE
2026-01-22 03:30:00,Facility_B_Unit2,heavy mfg,"Indiana, USA",23553.71,877.03,25.78,26.23,92.79419988989123,67.9,7.41,NONE
2026-01-22 03:45:00,Facility_C,Refinery & Petrochemicals,"Maharashtra, India",16144.99,739.08,36.27,29.44,94.30137690560335,77.06,7.03,NONE
2026-01-22 04:00:00,Facility_C,Refinery & Petrochemicals,"Maharashtra, India",18681.51,518.3,36.54,29.42,,75.42,7.68,NONE
2026-01-22 04:15:00,Facility_D,Pharmaceuticals & Healthcare,"Flanders, Belgium",17649.73,515.24,38.19,27.68,91.38677961428627,79.5,7.37,NONE
2026-01-22 04:30:00,Facility_E,data center,"Nuevo Leon, Mexico",16341.19,615.23,29.18,31.75,88.32361133239633,76.02,7.72,NONE
2026-01-22 04:45:00,Facility_B,Heavy Manufacturing,"Indiana, USA",31632.55,867.82,30.63,26.45,100.0,71.41,7.09,NONE
2026-01-22 05:00:00,facility_c,Refinery & Petrochemicals,"Maharashtra, India",18250.43,894.46,44.77,30.59,96.6938693523317,74.19,7.06,NONE
2026-01-22 05:15:00,pune_fac_c,Refinery & Petrochemicals,"Maharashtra, India",22163.32,728.66,41.95,32.76,95.46491604466307,82.23,7.98,NONE
2026-01-22 05:30:00,FAC_A,Food & Beverage Processing,"Illinois, USA",18857.91,655.33,23.67,34.51,92.09301757146096,79.11,7.14,NONE
2026-01-22 05:45:00,Facility_B,HEAVY_MANUFACTURING,"Indiana, USA",30550.62,781.19,23.49,30.12,91.79831775692276,76.68,7.34,NONE
2026-01-22 06:00:00,Facility_A,Food & Beverage Processing,"Illinois, USA",20713.97,692.25,28.71,29.45,100.0,75.01,6.79,NONE
2026-01-22 06:15:00,Facility_E,Data Center Cooling,"Nuevo Leon, Mexico",19782.83,757.26,36.25,32.34,90.55050292325787,84.88,7.34,NONE
2026-01-22 06:30:00,Facility_E,Data Center Cooling,"Nuevo Leon, Mexico",377.02,2890.69,,27.93,60.60406993713523,83.5,7.41,BROWNOUT_WATER_STALL
2026-01-22 06:45:00,Fac_E_Cooling,data center,"Nuevo Leon, Mexico",18758.8,687.17,,28.67,92.40730600684276,75.5,7.49,NONE
2026-01-22 07:00:00,Facility_C,Refinery & Petrochemicals,"Maharashtra, India",20474.93,872.87,30.49,30.41,90.77888928648247,72.21,7.14,NONE
2026-01-22 07:15:00,Facility_D,Pharmaceuticals & Healthcare,"Flanders, Belgium",19840.8,628.92,42.15,28.3,93.1054462514592,68.9,7.02,NONE
2026-01-22 07:30:00,FAC_A,food & beverage,"Illinois, USA",17733.37,737.48,33.68,31.37,95.39554690497432,70.18,7.68,NONE
2026-01-22 07:45:00,Facility_C,Refinery & Petrochemicals,"Maharashtra, India",20641.8,744.93,33.93,28.9,89.3661015439654,77.0,7.58,NONE
2026-01-22 08:00:00,antwerp_hub_d,Pharmaceuticals & Healthcare,"Flanders, Belgium",16638.83,498.91,33.57,30.16,89.0776724010475,79.08,7.65,NONE
2026-01-22 08:15:00,Facility_C,REFINERY_PETRO,"Maharashtra, India",19785.7,839.92,35.75,30.66,89.33941682140893,80.26,7.21,NONE
2026-01-22 08:30:00,Facility_E,Data Center Cooling,"Nuevo Leon, Mexico",20773.88,936.54,225.29,31.0,95.14650389229378,68.0,7.07,CHEMICAL_DOSING_BREACH
2026-01-22 08:45:00,Facility_D,Pharmaceuticals & Healthcare,"Flanders, Belgium",23292.18,538.52,38.84,30.25,94.22486892877333,78.81,7.11,NONE
2026-01-22 09:00:00,Facility_D,pharma,"Flanders, Belgium",16471.14,628.35,46.37,30.85,97.65281187771917,73.66,7.42,NONE
2026-01-22 09:15:00,Facility_C,Refinery & Petrochemicals,"Maharashtra, India",19397.81,772.69,,31.15,92.22245049824927,66.59,7.33,NONE
2026-01-22 09:30:00,antwerp_hub_d,pharma,"Flanders, Belgium",16125.33,570.35,32.98,31.2,95.69015270413992,76.97,7.65,NONE
2026-01-22 09:45:00,Facility_D,Pharmaceuticals & Healthcare,"Flanders, Belgium",19597.54,600.11,43.53,28.48,95.43636907052462,69.26,7.37,NONE
2026-01-22 10:00:00,Facility_E,data center,"Nuevo Leon, Mexico",26820.51,811.11,28.14,28.98,93.43280557973031,75.04,7.24,NONE
2026-01-22 10:15:00,Facility_A,Food & Beverage Processing,"Illinois, USA",20406.92,750.81,-3.51,28.52,94.5904565623278,71.63,7.49,CHEMICAL_DOSING_BREACH
2026-01-22 10:30:00,Facility_E,Data Center Cooling,"Nuevo Leon, Mexico",21906.12,708.33,28.07,25.97,95.82752826326035,64.73,7.64,NONE
2026-01-22 10:45:00, Facility_A ,Food & Beverage Processing,"Illinois, USA",21910.49,504.05,36.86,29.63,92.57183429349051,68.64,7.12,NONE
2026-01-22 11:00:00,Facility_E,DATA_CENTER_COOLING,"Nuevo Leon, Mexico",19179.43,848.7,,29.16,93.10300583060388,74.25,6.91,NONE
2026-01-22 11:15:00,Facility_C,Refinery & Petrochemicals,"Maharashtra, India",16235.49,877.47,34.85,27.82,99.28034290999219,73.43,7.3,NONE
2026-01-22 11:30:00,Facility_E,Data Center Cooling,"Nuevo Leon, Mexico",24153.81,750.93,29.84,28.82,93.50036686006516,77.54,7.32,NONE
2026-01-22 11:45:00,Facility_E,Data Center Cooling,"Nuevo Leon, Mexico",23584.24,781.6,27.55,26.9,85.67813606226476,79.37,7.0,NONE
2026-01-22 12:00:00,Facility_B,Heavy Manufacturing,"Indiana, USA",22481.29,803.21,20.97,27.34,94.65524481498002,71.81,7.16,NONE
2026-01-22 12:15:00,Facility_A,Food & Beverage Processing,"Illinois, USA",17660.17,756.84,24.81,25.5,88.6058312958954,77.46,7.26,NONE
2026-01-22 12:30:00,Facility_B,HEAVY_MANUFACTURING,"Indiana, USA",27482.08,944.96,33.82,24.14,94.49027198721106,79.05,7.55,NONE
2026-01-22 12:45:00,Facility_E,Hyperscale Cooling,"Nuevo Leon, Mexico",23113.78,616.25,31.36,24.29,95.62699536083893,76.89,7.52,NONE
2026-01-22 13:00:00,Facility_A,Food & Beverage Processing,"Illinois, USA",19007.23,806.84,33.64,26.04,90.50988527667751,75.78,7.9,NONE
2026-01-22 13:15:00,Facility_E,Data Center Cooling,"Nuevo Leon, Mexico",17580.06,804.76,32.1,28.32,95.82236824086492,74.05,7.47,NONE
2026-01-22 13:30:00,Facility_C,Refinery & Petrochemicals,"Maharashtra, India",18221.4,871.74,28.99,24.09,N/A,79.27,7.35,NONE
2026-01-22 13:45:00,Facility_A,Food & Beverage Processing,"Illinois, USA",17454.58,697.96,29.96,24.15,92.1074279273639,72.04,6.87,NONE
2026-01-22 14:00:00,Facility_E,data center,"Nuevo Leon, Mexico",21859.99,800.61,34.79,26.05,96.08995223043361,75.33,6.86,NONE
2026-01-22 14:15:00,FACILITY_C,Refinery & Petrochemicals,"Maharashtra, India",19459.91,785.73,39.83,25.3,93.08440754202435,82.81,7.59,NONE
2026-01-22 14:30:00,Facility_E,Data Center Cooling,"Nuevo Leon, Mexico",21960.54,784.15,28.76,24.09,86.55529919903326,69.88,7.2,NONE
2026-01-22 14:45:00,Facility_E,Data Center Cooling,"Nuevo Leon, Mexico",22241.01,626.12,26.31,22.69,93.87361541708314,76.04,7.17,NONE
2026-01-22 15:00:00,Facility_D,Pharmaceuticals & Healthcare,"Flanders, Belgium",17429.78,530.29,35.86,23.58,97.70840107272032,69.44,7.84,NONE
2026-01-22 15:15:00,Facility_A,Food & Beverage Processing,"Illinois, USA",16410.96,781.07,,21.85,97.71401548309915,74.37,7.36,NONE
2026-01-22 15:30:00,Facility_E,Data Center Cooling,"Nuevo Leon, Mexico",20398.44,706.39,27.76,17.52,87.56818805833703,75.77,7.68,NONE
2026-01-22 15:45:00,Facility_D,Healthcare & Pharma,"Flanders, Belgium",21781.93,514.55,38.31,19.23,92.37555370267266,77.71,7.35,NONE
2026-01-22 16:00:00,facility_a,Food & Beverage Processing,"Illinois, USA",18496.15,712.05,238.01,22.6,93.73246148173858,80.84,7.29,CHEMICAL_DOSING_BREACH
2026-01-22 16:15:00,FACILITY_C,Refinery & Petrochemicals,"Maharashtra, India",15129.7,883.33,39.77,18.92,93.08340739685706,73.9,7.73,NONE
2026-01-22 16:30:00,Facility_D,PHARMACEUTICALS,"Flanders, Belgium",18686.69,578.44,,21.97,97.65113713123772,70.43,7.21,NONE
2026-01-22 16:45:00,Facility_D,Pharmaceuticals & Healthcare,"Flanders, Belgium",302.33,3017.56,44.91,22.71,63.08163417082616,69.69,7.55,BROWNOUT_WATER_STALL
2026-01-22 17:00:00,Facility_D,Pharmaceuticals & Healthcare,"Flanders, Belgium",18592.07,540.45,34.82,23.14,95.51260515102871,73.43,7.43,NONE
2026-01-22 17:15:00,Facility_D,Pharmaceuticals & Healthcare,"Flanders, Belgium",18633.83,574.61,36.66,22.61,100.0,75.4,7.53,NONE
2026-01-22 17:30:00,pune_fac_c,refinery,"Maharashtra, India",19816.6,756.58,40.93,22.01,96.87617455661616,72.5,7.08,NONE
2026-01-22 17:45:00,Facility_C,Refinery & Petrochemicals,"Maharashtra, India",19652.52,691.17,37.75,20.36,92.47917430248687,67.56,8.14,NONE
2026-01-22 18:00:00,Facility_A,Food & Beverage Processing,"Illinois, USA",15439.77,713.7,36.3,24.37,96.22429479095403,72.57,7.73,NONE
2026-01-22 18:15:00,facility_b,Heavy Manufacturing,"Indiana, USA",28616.76,857.83,29.51,21.96,90.58911351733428,79.57,7.72,NONE
2026-01-22 18:30:00,Facility_D,Pharmaceuticals & Healthcare,"Flanders, Belgium",16733.04,560.25,36.9,22.48,93.70574361148026,78.26,7.14,NONE
2026-01-22 18:45:00,Facility_E,Data Center Cooling,"Nuevo Leon, Mexico",288.8,2961.89,26.56,20.3,47.707249235205154,72.51,7.79,BROWNOUT_WATER_STALL
2026-01-22 19:00:00,Facility_D,pharma,"Flanders, Belgium",19661.46,535.61,34.15,25.24,92.11444509179778,67.47,7.4,NONE
2026-01-22 19:15:00,Facility_C,Refinery & Petrochemicals,"Maharashtra, India",20848.1,762.19,37.76,20.83,95.51043029723971,69.7,7.44,NONE
2026-01-22 19:30:00,Facility_D,Pharmaceuticals & Healthcare,"Flanders, Belgium",,574.62,32.31,20.66,98.59798738083211,70.54,7.56,NONE
2026-01-22 19:45:00,Facility_D,Pharmaceuticals & Healthcare,"Flanders, Belgium",18984.91,511.87,35.26,25.97,100.0,72.57,7.24,NONE
2026-01-22 20:00:00,FACILITY_D,Pharmaceuticals & Healthcare,"Flanders, Belgium",15038.93,475.12,33.9,22.23,93.41858619046758,77.11,7.41,NONE
2026-01-22 20:15:00,Facility_D,Pharmaceuticals & Healthcare,"Flanders, Belgium",20306.47,534.07,37.2,22.52,89.44649375317896,65.12,7.16,NONE
2026-01-22 20:30:00,Facility_E,Data Center Cooling,"Nuevo Leon, Mexico",14818.17,665.03,,-17.28,93.56849294528259,79.31,7.15,SENSOR_TEMP_SPIKE
2026-01-22 20:45:00,Facility_E,Data Center Cooling,"Nuevo Leon, Mexico",22826.71,689.47,29.67,23.77,94.16406284069159,72.26,7.44,NONE
2026-01-22 21:00:00,Facility_A,Food & Beverage Processing,"Illinois, USA",20181.86,610.99,35.06,21.45,90.69247678781034,75.09,7.52,NONE
2026-01-22 21:15:00,Facility_A,FOOD & BEV,"Illinois, USA",19771.61,736.21,26.73,22.92,86.93880922764572,69.87,6.97,NONE
2026-01-22 21:30:00,Facility_C,REFINERY_PETRO,"Maharashtra, India",18857.1,960.07,,20.02,88.64356030468349,68.16,6.86,NONE
2026-01-22 21:45:00,Facility_D,Pharmaceuticals & Healthcare,"Flanders, Belgium",18084.48,582.02,32.07,23.88,94.20468219246337,77.15,7.39,NONE
2026-01-22 22:00:00,FACILITY_B,Heavy Manufacturing,"Indiana, USA",26812.53,836.86,24.24,23.07,ERROR_SENSOR,80.74,6.94,NONE
2026-01-22 22:15:00,Facility_E,Data Center Cooling,"Nuevo Leon, Mexico",23510.69,640.54,31.72,26.48,97.18635381071186,69.31,7.4,NONE
2026-01-22 22:30:00,Facility_A,food & beverage,"Illinois, USA",17874.58,649.78,31.68,26.43,91.59552070954736,75.48,7.1,NONE
2026-01-22 22:45:00,Facility_B,Heavy Manufacturing,"Indiana, USA",22561.37,812.75,27.39,26.42,89.4951207865109,83.71,6.85,NONE
2026-01-22 23:00:00,Facility_C,Refinery & Petrochemicals,"Maharashtra, India",19342.26,754.85,32.78,25.15,95.65093626320751,77.72,7.29,NONE
2026-01-22 23:15:00,Facility_A,Food & Beverage Processing,"Illinois, USA",20029.95,618.15,30.73,26.43,86.19436680824042,74.36,7.3,NONE
2026-01-22 23:30:00,Facility_A,Food & Beverage Processing,"Illinois, USA",22198.25,724.92,33.52,25.49,95.52255512678738,76.53,6.98,NONE
2026-01-22 23:45:00,Facility_D,Pharmaceuticals & Healthcare,"Flanders, Belgium",19417.54,636.27,41.63,26.29,94.52940598425695,78.12,7.03,NONE
2026-01-23 00:00:00,Facility_D,Pharmaceuticals & Healthcare,"Flanders, Belgium",19784.6,456.86,-9.63,25.81,93.22333625416638,71.5,7.34,CHEMICAL_DOSING_BREACH
2026-01-23 00:15:00,Facility_B,Heavy Manufacturing,"Indiana, USA",26580.36,903.36,33.96,26.85,88.18291123730664,79.88,6.94,NONE
2026-01-23 00:30:00,Facility_B,Heavy Manufacturing,"Indiana, USA",24483.2,798.81,28.55,24.75,89.30144359336411,73.9,7.13,NONE
2026-01-23 00:45:00,monterrey_e,Data Center Cooling,"Nuevo Leon, Mexico",24508.31,708.68,24.18,30.29,95.00379594585407,86.23,6.81,NONE
2026-01-23 01:00:00,Facility_C,Refinery & Petrochemicals,"Maharashtra, India",19296.39,814.73,35.62,26.88,,76.1,6.88,NONE
2026-01-23 01:15:00,Facility_B,Heavy Manufacturing,"Indiana, USA",23099.48,742.22,27.99,29.49,92.28641309513198,72.86,7.08,NONE
2026-01-23 01:30:00,Facility_E,Data Center Cooling,"Nuevo Leon, Mexico",23027.72,842.45,28.36,30.87,91.75893980474375,67.71,7.58,NONE
2026-01-23 01:45:00,Facility_B,Heavy Mfg.,"Indiana, USA",25493.3,791.18,28.82,25.42,87.90618408987588,74.42,7.47,NONE
2026-01-23 02:00:00,Facility_E,Data Center Cooling,"Nuevo Leon, Mexico",24629.25,816.5,31.17,30.79,95.06766434051086,72.45,7.61,NONE
2026-01-23 02:15:00,pune_fac_c,Refinery & Petrochemicals,"Maharashtra, India",20805.2,776.39,30.46,25.51,96.19567264354384,76.15,7.52,NONE
2026-01-23 02:30:00,monterrey_e,Data Center Cooling,"Nuevo Leon, Mexico",23327.5,682.57,20.62,29.86,97.33277419720694,75.58,6.93,NONE
2026-01-23 02:45:00,Facility_B,Heavy Manufacturing,"Indiana, USA",26534.89,745.52,22.02,29.12,--,73.56,7.47,NONE
2026-01-23 03:00:00,Facility_E,Data Center Cooling,"Nuevo Leon, Mexico",19098.2,756.43,26.46,28.88,94.3589202555293,78.77,7.43,NONE
2026-01-23 03:15:00,Facility_C,Refinery & Petrochemicals,"Maharashtra, India",20236.79,777.79,37.55,31.37,99.51340123223402,79.45,7.33,NONE
2026-01-23 03:30:00,Facility_E,data center,"Nuevo Leon, Mexico",23998.29,791.18,25.95,30.69,89.88817173245799,76.54,7.84,NONE
2026-01-23 03:45:00,Facility_C,Refinery & Petrochemicals,"Maharashtra, India",79457.22,869.98,33.91,30.69,54.15545071010405,116.74,7.54,PRESSURE_BURST_SURGE
2026-01-23 04:00:00,FACILITY_D,Pharmaceuticals & Healthcare,"Flanders, Belgium",20786.47,629.76,32.68,27.21,91.17395397374491,78.7,7.69,NONE
2026-01-23 04:15:00,Facility_D,Pharmaceuticals & Healthcare,"Flanders, Belgium",16641.84,586.49,45.2,30.84,98.0488105127459,78.49,7.1,NONE
2026-01-23 04:30:00,FAC_A,Food & Beverage Processing,"Illinois, USA",18823.85,715.48,31.94,31.84,94.8077912392813,60.79,6.98,NONE
2026-01-23 04:45:00, Facility_A ,Food & Beverage Processing,"Illinois, USA",14206.74,725.5,32.51,30.8,90.43142954331323,77.03,7.55,NONE
2026-01-23 05:00:00,Facility_E,Hyperscale Cooling,"Nuevo Leon, Mexico",17921.96,640.05,,33.59,98.93917677503566,76.54,7.15,NONE
2026-01-23 05:15:00,Facility_B,Heavy Manufacturing,"Indiana, USA",28534.6,802.0,25.28,26.56,93.82762303471249,71.17,7.38,NONE
2026-01-23 05:30:00,Facility_C,Refinery & Petrochemicals,"Maharashtra, India",13632.2,790.2,25.29,32.42,95.17005194923227,72.75,7.51,NONE
2026-01-23 05:45:00,Facility_E,Data Center Cooling,"Nuevo Leon, Mexico",18623.52,755.43,31.84,24.92,92.06888204903193,73.9,7.3,NONE
2026-01-23 06:00:00,Facility_D,Pharmaceuticals & Healthcare,"Flanders, Belgium",21992.06,505.05,34.89,27.05,98.33291728407407,72.89,7.23,NONE
2026-01-23 06:15:00,Facility_E,Data Center Cooling,"Nuevo Leon, Mexico",20967.11,797.72,29.96,35.26,94.95259484289208,71.91,7.19,NONE
2026-01-23 06:30:00,facility_e,Data Center Cooling,"Nuevo Leon, Mexico",20105.53,637.36,28.67,31.88,91.53723647800564,70.37,7.77,NONE
2026-01-23 06:45:00,Facility_A,F&B Processing,"Illinois, USA",15965.6,565.56,26.66,27.65,94.73592340513466,72.38,7.29,NONE
2026-01-23 07:00:00,facility_b,Heavy Manufacturing,"Indiana, USA",29358.1,781.93,,33.08,92.04188000635628,77.32,7.28,NONE
2026-01-23 07:15:00,Facility_A,Food & Beverage Processing,"Illinois, USA",21399.11,600.95,24.59,29.58,90.65544061100873,71.67,7.29,NONE
2026-01-23 07:30:00,Facility_C,Refinery & Petrochemicals,"Maharashtra, India",20453.68,745.32,32.04,29.56,91.03873510461882,69.8,6.9,NONE
2026-01-23 07:45:00,Facility_D,Pharmaceuticals & Healthcare,"Flanders, Belgium",18875.07,536.64,41.56,27.48,91.76533262384679,82.16,7.09,NONE
2026-01-23 08:00:00,Facility_C,refinery,"Maharashtra, India",18292.61,682.53,29.84,32.75,94.04732637643887,74.6,6.88,NONE
2026-01-23 08:15:00,Facility_C,Refinery & Petrochemicals,"Maharashtra, India",19637.48,866.93,40.33,31.03,89.8856461516947,75.41,7.54,NONE
2026-01-23 08:30:00,Facility_A,Food & Beverage Processing,"Illinois, USA",15115.04,633.05,35.23,136.66,88.54453429241154,77.58,7.38,SENSOR_TEMP_SPIKE
2026-01-23 08:45:00,Fac_E_Cooling,Data Center Cooling,"Nuevo Leon, Mexico",23077.51,813.29,27.02,29.54,91.42473078558511,81.43,7.32,NONE
2026-01-23 09:00:00,Facility_B,Heavy Manufacturing,"Indiana, USA",22936.52,779.87,29.03,-44.68,89.22535409551833,82.31,7.44,SENSOR_TEMP_SPIKE
2026-01-23 09:15:00,Facility_B,Heavy Manufacturing,"Indiana, USA",27233.59,827.54,32.77,29.12,95.95456069917667,72.05,7.4,NONE
2026-01-23 09:30:00,Facility_C,Refinery & Petrochemicals,"Maharashtra, India",17010.75,871.52,32.0,28.35,92.49212668014482,72.41,7.55,NONE
2026-01-23 09:45:00,Facility_E,Data Center Cooling,"Nuevo Leon, Mexico",20298.22,854.54,25.06,29.03,91.01748483419968,75.89,7.35,NONE
2026-01-23 10:00:00,Facility_A,Food & Beverage Processing,"Illinois, USA",18904.56,797.74,28.75,29.56,91.03932827944067,74.51,7.02,NONE
2026-01-23 10:15:00,Facility_A,Food & Beverage Processing,"Illinois, USA",17731.55,707.14,39.12,28.45,98.79493861077346,74.99,7.24,NONE
2026-01-23 10:30:00,Facility_E,Data Center Cooling,"Nuevo Leon, Mexico",24997.65,782.78,25.8,28.88,92.56369680029565,65.05,7.61,NONE
2026-01-23 10:45:00,Facility_E,Data Center Cooling,"Nuevo Leon, Mexico",23872.37,887.85,30.27,27.34,96.17196616761147,77.82,7.81,NONE
2026-01-23 11:00:00,Facility_C,Refinery & Petrochemicals,"Maharashtra, India",18726.18,764.13,32.49,28.5,88.54556266166132,77.49,7.51,NONE
2026-01-23 11:15:00,Facility_B,Heavy Manufacturing,"Indiana, USA",27600.68,851.61,34.94,28.85,91.55735298759777,71.35,7.1,NONE
2026-01-23 11:30:00,Facility_C,Refinery & Petrochemicals,"Maharashtra, India",20072.48,699.29,40.05,29.4,90.68714793935855,73.17,7.35,NONE
2026-01-23 11:45:00,Facility_D,Pharmaceuticals & Healthcare,"Flanders, Belgium",20704.67,660.57,30.42,26.19,92.6487465742069,67.7,7.21,NONE
2026-01-23 12:00:00,Facility_C,Refinery & Petrochemicals,"Maharashtra, India",19793.43,755.35,29.01,31.67,94.35176916865338,74.5,7.04,NONE
2026-01-23 12:15:00,Facility_E,Data Center Cooling,"Nuevo Leon, Mexico",21760.11,737.68,20.57,24.31,96.04376325655663,82.75,7.45,NONE
2026-01-23 12:30:00,Facility_A,Food & Beverage Processing,"Illinois, USA",21812.84,701.89,31.14,27.94,98.8208873253743,79.85,7.05,NONE
2026-01-23 12:45:00,Facility_B,Heavy Manufacturing,"Indiana, USA",25582.78,863.31,27.41,26.42,96.12584579734063,78.51,7.82,NONE
2026-01-23 13:00:00,facility_b,Heavy Manufacturing,"Indiana, USA",24770.45,725.42,30.0,28.86,91.97367724814701,77.09,7.54,NONE
2026-01-23 13:15:00,Facility_A,Food & Beverage Processing,"Illinois, USA",19705.53,713.49,27.62,21.11,89.94207773867511,72.24,7.66,NONE
2026-01-23 13:30:00,Facility_D,Pharmaceuticals & Healthcare,"Flanders, Belgium",18487.35,539.47,33.76,26.15,97.84674293257794,78.79,7.52,NONE
2026-01-23 13:45:00,Facility_C,Refinery & Petrochemicals,"Maharashtra, India",15493.24,749.67,43.68,26.75,88.57998970164888,73.75,7.45,NONE
2026-01-23 14:00:00,Facility_A,Food & Beverage Processing,"Illinois, USA",17501.22,548.35,31.92,23.08,90.99170643492901,72.4,7.31,NONE
2026-01-23 14:15:00,Facility_E,Data Center Cooling,"Nuevo Leon, Mexico",21077.0,683.7,27.58,21.11,94.49532500917785,61.15,7.27,NONE
2026-01-23 14:30:00,Facility_E,Data Center Cooling,"Nuevo Leon, Mexico",23427.38,670.55,31.51,114.2,82.91472015200836,73.32,6.54,SENSOR_TEMP_SPIKE
2026-01-23 14:45:00,Facility_C,refinery,"Maharashtra, India",18559.94,926.56,36.7,22.33,98.18921416799526,65.92,7.01,NONE
2026-01-23 15:00:00,Facility_E,Data Center Cooling,"Nuevo Leon, Mexico",15277.78,885.08,29.9,24.86,94.46320394853912,76.58,7.37,NONE
2026-01-23 15:15:00,facility_d,pharma,"Flanders, Belgium",19327.57,575.12,34.94,23.41,94.37550263443737,74.5,6.94,NONE
2026-01-23 15:30:00,Facility_D,Pharmaceuticals & Healthcare,"Flanders, Belgium",15697.78,630.61,36.21,24.38,90.00521628888833,67.37,7.11,NONE
2026-01-23 15:45:00,Facility_A_Line1,FOOD & BEV,"Illinois, USA",18748.53,665.58,198.56,23.5,99.41660357939794,75.82,6.67,CHEMICAL_DOSING_BREACH
2026-01-23 16:00:00,Facility_E,Data Center Cooling,"Nuevo Leon, Mexico",21683.71,691.9,37.5,25.63,ERROR_SENSOR,73.43,7.42,NONE
2026-01-23 16:15:00,Facility_B,Heavy Manufacturing,"Indiana, USA",28462.09,842.45,24.2,21.62,93.48565825159427,79.56,7.47,NONE
2026-01-23 16:30:00,Facility_C,REFINERY_PETRO,"Maharashtra, India",17079.67,827.38,,24.41,100.0,72.39,7.57,NONE
2026-01-23 16:45:00,Facility_D,PHARMACEUTICALS,"Flanders, Belgium",17044.64,562.61,37.62,22.36,100.0,72.62,7.51,NONE
2026-01-23 17:00:00,Facility_E,Hyperscale Cooling,"Nuevo Leon, Mexico",16213.02,782.4,33.3,21.69,85.46728914867067,73.83,7.35,NONE
2026-01-23 17:15:00,Facility_D,Healthcare & Pharma,"Flanders, Belgium",,683.42,35.9,21.04,89.76586303561137,74.89,7.48,NONE
2026-01-23 17:30:00,Facility_E,Hyperscale Cooling,"Nuevo Leon, Mexico",19718.4,808.4,30.45,22.61,90.6122728936188,71.83,6.67,NONE
2026-01-23 17:45:00,FACILITY_D,Pharmaceuticals & Healthcare,"Flanders, Belgium",19248.64,570.5,38.29,23.42,94.73462875658312,73.5,7.36,NONE
2026-01-23 18:00:00,Facility_B,heavy mfg,"Indiana, USA",21443.92,790.97,,21.18,96.25248254679215,71.04,7.41,NONE
2026-01-23 18:15:00,Facility_A,Food & Beverage Processing,"Illinois, USA",19532.45,766.21,35.28,23.76,86.76078015557397,79.37,7.78,NONE
2026-01-23 18:30:00,Facility_E,Data Center Cooling,"Nuevo Leon, Mexico",19879.26,767.75,24.76,19.03,91.13611115026437,71.57,7.25,NONE
2026-01-23 18:45:00,Facility_D,PHARMACEUTICALS,"Flanders, Belgium",16565.01,527.27,37.45,21.19,95.23927786416009,77.07,8.02,NONE
2026-01-23 19:00:00,Facility_B,Heavy Manufacturing,"Indiana, USA",29273.75,860.42,25.89,23.17,94.54510707173235,71.69,7.57,NONE
2026-01-23 19:15:00,facility_b,Heavy Manufacturing,"Indiana, USA",21463.17,819.47,30.83,22.19,92.83838590902633,73.38,7.12,NONE
2026-01-23 19:30:00,Facility_D,Pharmaceuticals & Healthcare,"Flanders, Belgium",21355.91,511.07,38.84,23.55,90.4644099161313,74.33,7.1,NONE
2026-01-23 19:45:00,Facility_C,Refinery & Petrochemicals,"Maharashtra, India",21969.7,688.52,32.75,20.71,89.15536407402384,81.16,7.5,NONE
2026-01-23 20:00:00,Facility_C,refinery,"Maharashtra, India",19143.96,725.98,39.31,21.55,96.03964574185633,70.07,7.17,NONE
2026-01-23 20:15:00,Facility_A,Food & Beverage Processing,"Illinois, USA",21015.82,774.59,34.01,21.28,92.07047402968695,74.71,7.11,NONE
2026-01-23 20:30:00,Facility_C,refinery,"Maharashtra, India",21924.33,590.37,,22.41,84.39938027273034,67.72,7.53,NONE
2026-01-23 20:45:00,Facility_C,refinery,"Maharashtra, India",18895.42,899.23,41.99,24.27,94.50236239680228,74.3,6.61,NONE
2026-01-23 21:00:00,facility_a,Food & Beverage Processing,"Illinois, USA",16039.39,720.18,34.09,24.19,90.6441121033099,78.22,7.77,NONE
2026-01-23 21:15:00,Facility_A,Food & Beverage Processing,"Illinois, USA",21431.22,783.56,29.15,25.8,93.9664276458485,76.3,7.45,NONE
2026-01-23 21:30:00,antwerp_hub_d,Healthcare & Pharma,"Flanders, Belgium",18446.11,520.07,37.16,25.84,92.0872774229987,78.02,7.56,NONE
2026-01-23 21:45:00,Facility_D,Pharmaceuticals & Healthcare,"Flanders, Belgium",,648.02,36.01,26.99,null,73.93,7.1,NONE
2026-01-23 22:00:00,Facility_B,Heavy Manufacturing,"Indiana, USA",25516.85,822.88,23.22,24.11,90.92782982368932,76.64,7.72,NONE
2026-01-23 22:15:00,Facility_D,PHARMACEUTICALS,"Flanders, Belgium",15963.0,666.43,36.96,22.98,95.92481529666618,71.99,7.33,NONE
2026-01-23 22:30:00,facility_d,Pharmaceuticals & Healthcare,"Flanders, Belgium",17810.88,522.53,40.54,24.45,88.90271426502642,76.48,7.01,NONE
2026-01-23 22:45:00,facility_e,Data Center Cooling,"Nuevo Leon, Mexico",18179.95,839.45,-8.82,21.04,N/A,72.63,7.29,CHEMICAL_DOSING_BREACH
2026-01-23 23:00:00,Facility_E,Data Center Cooling,"Nuevo Leon, Mexico",19194.11,860.71,22.3,26.27,95.55478721240507,70.58,7.06,NONE
2026-01-23 23:15:00,Facility_C,Refinery & Petrochemicals,"Maharashtra, India",21125.04,700.01,32.95,27.32,93.61117194732488,65.91,7.84,NONE
2026-01-23 23:30:00,Facility_C,Refinery & Petrochemicals,"Maharashtra, India",17629.58,745.71,36.57,27.1,99.7755337321327,66.53,7.58,NONE
2026-01-23 23:45:00,Facility_D,Pharmaceuticals & Healthcare,"Flanders, Belgium",20388.01,561.2,40.81,27.92,89.07771908804159,81.87,6.91,NONE
2026-01-24 00:00:00,Facility_D,Pharmaceuticals & Healthcare,"Flanders, Belgium",16168.76,554.1,45.58,25.95,93.3978115518374,80.44,7.27,NONE
2026-01-24 00:15:00,Facility_D,PHARMACEUTICALS,"Flanders, Belgium",16071.9,545.26,43.26,26.89,99.67810642898003,77.32,7.17,NONE
2026-01-24 00:30:00,Facility_B,Heavy Manufacturing,"Indiana, USA",25948.07,768.33,25.69,35.08,96.75959843210819,77.87,7.18,NONE
2026-01-24 00:45:00,Facility_E,Data Center Cooling,"Nuevo Leon, Mexico",25074.19,832.46,36.4,30.58,N/A,69.01,7.07,NONE
2026-01-24 01:00:00,Facility_B,Heavy Manufacturing,"Indiana, USA",22868.69,867.17,26.12,31.27,99.59497562266124,73.97,7.9,NONE
2026-01-24 01:15:00,Facility_D,Pharmaceuticals & Healthcare,"Flanders, Belgium",22061.77,543.35,29.06,27.39,91.43720918054889,74.93,7.37,NONE
2026-01-24 01:30:00,Facility_A,Food & Beverage Processing,"Illinois, USA",19408.67,750.34,26.41,28.77,92.09322831034558,74.9,7.62,NONE
2026-01-24 01:45:00,Facility_A,Food & Beverage Processing,"Illinois, USA",16432.73,692.94,31.0,27.34,96.37945438762546,70.76,7.19,NONE
2026-01-24 02:00:00,Facility_E,data center,"Nuevo Leon, Mexico",19302.48,831.9,,29.33,99.82225632393624,73.66,7.66,NONE
2026-01-24 02:15:00,Facility_E,Data Center Cooling,"Nuevo Leon, Mexico",25331.87,827.04,28.43,29.88,89.38038850196689,70.49,7.18,NONE
2026-01-24 02:30:00,Facility_E,Data Center Cooling,"Nuevo Leon, Mexico",26773.23,689.06,25.02,27.06,95.29139763817844,74.64,7.65,NONE
2026-01-24 02:45:00,Facility_C,Refinery & Petrochemicals,"Maharashtra, India",20343.54,669.74,32.11,31.59,92.84944561735422,79.34,7.31,NONE
2026-01-24 03:00:00,Facility_A,food & beverage,"Illinois, USA",17026.2,691.38,27.43,28.31,94.14296226100879,76.3,6.9,NONE
2026-01-24 03:15:00,Facility_A,Food & Beverage Processing,"Illinois, USA",19222.85,671.17,28.78,29.75,91.73855400739453,80.22,7.68,NONE
2026-01-24 03:30:00,Facility_A,Food & Beverage Processing,"Illinois, USA",21994.87,677.71,27.46,29.82,93.01888522788394,71.26,7.02,NONE
2026-01-24 03:45:00,Facility_D,Pharmaceuticals & Healthcare,"Flanders, Belgium",18625.74,546.01,40.39,31.02,97.02255937735269,68.33,7.46,NONE
2026-01-24 04:00:00,Facility_D,pharma,"Flanders, Belgium",17084.91,499.56,35.7,31.89,92.30858126857446,81.04,7.5,NONE
2026-01-24 04:15:00,Facility_A,Food & Beverage Processing,"Illinois, USA",18352.04,795.71,33.37,28.41,99.44816843385765,75.17,7.36,NONE
2026-01-24 04:30:00,Facility_B,Heavy Manufacturing,"Indiana, USA",23142.3,939.08,30.67,31.33,91.87589970071754,77.75,7.61,NONE
2026-01-24 04:45:00,FACILITY_C,Refinery & Petrochemicals,"Maharashtra, India",17316.07,666.9,37.94,27.46,93.9864504890809,71.99,7.69,NONE
2026-01-24 05:00:00,Facility_A,Food & Beverage Processing,"Illinois, USA",18354.92,791.95,29.34,32.16,100.0,69.19,7.43,NONE
2026-01-24 05:15:00,Facility_B,Heavy Manufacturing,"Indiana, USA",34296.93,845.59,28.76,31.84,93.63145876510322,66.32,7.67,NONE
2026-01-24 05:30:00,FACILITY_D,pharma,"Flanders, Belgium",14219.82,545.28,42.57,29.82,91.2801712241139,77.96,7.11,NONE
2026-01-24 05:45:00,Facility_D,Pharmaceuticals & Healthcare,"Flanders, Belgium",139.65,3230.01,36.73,28.25,53.41020716153064,76.09,7.25,BROWNOUT_WATER_STALL
2026-01-24 06:00:00,Facility_D,Pharmaceuticals & Healthcare,"Flanders, Belgium",19812.21,603.19,37.83,32.95,92.66420697984643,76.78,7.49,NONE
2026-01-24 06:15:00,Fac_D,Pharmaceuticals & Healthcare,"Flanders, Belgium",,634.71,38.04,32.25,89.33701302155501,74.49,7.22,NONE
2026-01-24 06:30:00,Facility_A,Food & Beverage Processing,"Illinois, USA",17294.82,813.5,32.32,27.81,91.90861689528091,78.23,7.11,NONE
2026-01-24 06:45:00,Facility_E,Data Center Cooling,"Nuevo Leon, Mexico",18681.98,738.97,30.47,29.11,94.75030840295392,74.16,7.39,NONE
2026-01-24 07:00:00,Facility_D,Pharmaceuticals & Healthcare,"Flanders, Belgium",13317.27,569.91,36.45,31.07,91.40782924866008,72.33,7.5,NONE
2026-01-24 07:15:00,Facility_E,Data Center Cooling,"Nuevo Leon, Mexico",24760.56,650.66,30.66,32.48,95.72305590549455,79.19,7.2,NONE
2026-01-24 07:30:00,Facility_C,Refinery & Petrochemicals,"Maharashtra, India",21621.16,720.71,35.73,29.29,92.02097541355855,66.25,6.8,NONE
2026-01-24 07:45:00,Facility_B,Heavy Manufacturing,"Indiana, USA",29431.91,688.88,29.55,27.75,90.78462637115324,77.08,7.4,NONE
2026-01-24 08:00:00,Facility_D,Pharmaceuticals & Healthcare,"Flanders, Belgium",18433.41,634.13,36.28,32.18,90.07777924353422,68.65,7.31,NONE
2026-01-24 08:15:00,Facility_E,Data Center Cooling,"Nuevo Leon, Mexico",21108.29,685.62,27.34,32.28,92.23794679379797,65.29,6.86,NONE
2026-01-24 08:30:00,Facility_D,PHARMACEUTICALS,"Flanders, Belgium",23406.15,651.54,35.67,31.13,94.33333954166751,79.72,7.05,NONE
2026-01-24 08:45:00,Facility_B,Heavy Manufacturing,"Indiana, USA",22562.22,950.83,22.23,29.63,93.35695098962628,77.53,7.39,NONE
2026-01-24 09:00:00,Facility_E,Data Center Cooling,"Nuevo Leon, Mexico",20765.68,721.46,24.32,29.03,97.22831812180861,72.71,7.74,NONE
2026-01-24 09:15:00,Facility_E,Data Center Cooling,"Nuevo Leon, Mexico",22950.9,785.74,27.82,28.01,98.88108280295988,77.57,7.31,NONE
2026-01-24 09:30:00,Facility_C,Refinery & Petrochemicals,"Maharashtra, India",22665.71,825.88,29.53,28.17,95.82674359524974,80.78,8.01,NONE
2026-01-24 09:45:00,Facility_E,Hyperscale Cooling,"Nuevo Leon, Mexico",21164.74,796.22,25.93,27.12,88.10536436411965,75.75,7.7,NONE
2026-01-24 10:00:00,Facility_A,food & beverage,"Illinois, USA",21056.5,719.21,36.64,33.81,90.8385846741761,63.09,7.45,NONE
2026-01-24 10:15:00,Facility_E,Data Center Cooling,"Nuevo Leon, Mexico",23840.92,633.95,32.0,27.66,94.57789767333293,69.86,7.08,NONE
2026-01-24 10:30:00,Facility_E,Data Center Cooling,"Nuevo Leon, Mexico",18303.07,800.06,,28.52,ERROR_SENSOR,68.69,7.37,NONE
2026-01-24 10:45:00,Facility_C,Refinery & Petrochemicals,"Maharashtra, India",19362.45,859.57,41.78,25.95,94.63544585446604,64.02,7.59,NONE
2026-01-24 11:00:00,Facility_D,Pharmaceuticals & Healthcare,"Flanders, Belgium",21183.85,416.98,36.08,25.92,92.40630280025125,71.57,7.34,NONE
2026-01-24 11:15:00,Fac_D,Pharmaceuticals & Healthcare,"Flanders, Belgium",112624.55,551.15,33.35,26.92,47.764977942599906,132.58,7.17,PRESSURE_BURST_SURGE
2026-01-24 11:30:00,Facility_D,Pharmaceuticals & Healthcare,"Flanders, Belgium",17417.72,505.78,37.28,29.1,91.9313891000682,78.09,7.69,NONE
2026-01-24 11:45:00,facility_b,Heavy Manufacturing,"Indiana, USA",23394.55,783.21,31.49,27.03,91.30460311506023,72.42,7.33,NONE
2026-01-24 12:00:00,Facility_D,Pharmaceuticals & Healthcare,"Flanders, Belgium",15203.9,612.57,35.49,21.49,93.42361290140975,70.66,7.82,NONE
2026-01-24 12:15:00,Facility_D,Pharmaceuticals & Healthcare,"Flanders, Belgium",17403.93,506.54,,25.05,91.00574015599285,76.29,7.06,NONE
2026-01-24 12:30:00,antwerp_hub_d,pharma,"Flanders, Belgium",15445.56,667.21,39.93,25.5,93.48887292895381,76.28,7.62,NONE
2026-01-24 12:45:00,Facility_D,Pharmaceuticals & Healthcare,"Flanders, Belgium",17020.87,589.83,35.37,25.38,94.0142171758877,73.97,7.56,NONE
2026-01-24 13:00:00, Facility_A ,Food & Beverage Processing,"Illinois, USA",20388.93,605.47,25.8,24.8,99.35160083981384,70.17,7.29,NONE
2026-01-24 13:15:00,Facility_C,Refinery & Petrochemicals,"Maharashtra, India",17615.27,733.95,36.25,27.74,94.95909887961788,70.38,8.12,NONE
2026-01-24 13:30:00,FAC_A,Food & Beverage Processing,"Illinois, USA",19444.63,671.84,37.43,24.12,98.82132369595982,70.08,7.75,NONE
2026-01-24 13:45:00,FAC_A,Food & Beverage Processing,"Illinois, USA",19727.73,805.05,39.49,22.69,97.58246982642663,67.66,7.06,NONE
2026-01-24 14:00:00,Facility_C,Refinery & Petrochemicals,"Maharashtra, India",17011.91,816.13,35.64,24.2,93.96795289287155,76.66,7.54,NONE
2026-01-24 14:15:00,facility_a,Food & Beverage Processing,"Illinois, USA",21792.23,842.77,219.61,23.34,95.46331561339261,68.85,7.16,CHEMICAL_DOSING_BREACH
2026-01-24 14:30:00,Facility_D,Pharmaceuticals & Healthcare,"Flanders, Belgium",16005.06,484.23,37.7,26.12,97.1113464880998,74.5,7.91,NONE
2026-01-24 14:45:00,Facility_B,Heavy Manufacturing,"Indiana, USA",25465.6,828.36,17.72,23.06,96.22644811170719,81.04,7.12,NONE
2026-01-24 15:00:00,Facility_B,Heavy Manufacturing,"Indiana, USA",27220.58,927.94,28.55,19.56,94.29132799863761,77.43,7.08,NONE
2026-01-24 15:15:00,Facility_D,Pharmaceuticals & Healthcare,"Flanders, Belgium",18148.1,503.25,26.71,25.34,93.48800469183408,81.19,7.59,NONE
2026-01-24 15:30:00,FACILITY_A,Food & Beverage Processing,"Illinois, USA",18444.22,707.07,33.88,25.07,94.53254601837443,78.98,7.27,NONE
2026-01-24 15:45:00,Facility_D,Pharmaceuticals & Healthcare,"Flanders, Belgium",16479.14,565.31,38.36,21.01,89.22248933073081,76.01,7.24,NONE
2026-01-24 16:00:00,Facility_B,Heavy Manufacturing,"Indiana, USA",25276.76,809.79,34.89,25.31,ERROR_SENSOR,71.6,7.59,NONE
2026-01-24 16:15:00,Facility_E,Data Center Cooling,"Nuevo Leon, Mexico",22624.1,746.89,23.72,21.68,91.84634378385188,75.25,7.83,NONE
2026-01-24 16:30:00,Facility_A,Food and Beverage,"Illinois, USA",17675.24,639.84,31.04,24.66,88.86997450636575,80.54,7.3,NONE
2026-01-24 16:45:00,FACILITY_B,Heavy Manufacturing,"Indiana, USA",23517.43,705.58,31.47,22.4,94.04625754481442,69.95,7.26,NONE
2026-01-24 17:00:00,Facility_C,Refinery & Petrochemicals,"Maharashtra, India",160.66,2614.41,32.69,19.87,61.60400661312956,67.86,7.4,BROWNOUT_WATER_STALL
2026-01-24 17:15:00,Fac_E_Cooling,Data Center Cooling,"Nuevo Leon, Mexico",16613.23,601.23,30.77,19.96,90.91703215611999,77.99,7.43,NONE
2026-01-24 17:30:00,Facility_B,Heavy Manufacturing,"Indiana, USA",22914.73,696.66,29.39,23.14,98.31235739554401,62.79,7.38,NONE
2026-01-24 17:45:00,Facility_E,Data Center Cooling,"Nuevo Leon, Mexico",23421.26,718.48,21.79,20.84,93.61972899428308,71.81,7.44,NONE
2026-01-24 18:00:00,FACILITY_E,Data Center Cooling,"Nuevo Leon, Mexico",24339.32,720.05,33.62,22.29,94.58457403135897,73.47,7.45,NONE
2026-01-24 18:15:00,Facility_C,Refinery & Petrochemicals,"Maharashtra, India",20044.15,826.87,35.51,16.51,95.4057226310398,65.13,7.18,NONE
2026-01-24 18:30:00,Facility_E,Data Center Cooling,"Nuevo Leon, Mexico",15045.38,877.39,30.25,21.95,98.04049302232059,76.39,7.38,NONE
2026-01-24 18:45:00,Facility_D,PHARMACEUTICALS,"Flanders, Belgium",19606.6,547.26,32.29,24.31,93.27289769649265,66.08,7.49,NONE
2026-01-24 19:00:00,facility_b,Heavy Manufacturing,"Indiana, USA",25916.44,982.78,29.63,20.51,87.77151242817061,79.69,7.33,NONE
2026-01-24 19:15:00,Facility_B,Heavy Manufacturing,"Indiana, USA",23110.51,779.55,33.95,23.56,97.01096816122335,75.1,7.12,NONE
2026-01-24 19:30:00,Facility_B,Heavy Manufacturing,"Indiana, USA",31319.1,807.15,31.88,24.76,93.52005196772824,68.99,7.16,NONE
2026-01-24 19:45:00,Facility_A,Food & Beverage Processing,"Illinois, USA",20828.35,751.06,36.96,24.96,90.45049272019773,80.5,7.06,NONE
2026-01-24 20:00:00,Facility_E,Data Center Cooling,"Nuevo Leon, Mexico",22606.02,931.61,29.81,19.83,92.4571276227652,83.79,7.29,NONE
2026-01-24 20:15:00,FACILITY_A,Food & Beverage Processing,"Illinois, USA",22330.43,644.79,30.01,-17.25,99.74292534807624,72.62,6.82,SENSOR_TEMP_SPIKE
2026-01-24 20:30:00,Facility_A,Food & Beverage Processing,"Illinois, USA",24769.1,729.22,34.25,20.43,94.32484657090737,74.09,7.08,NONE
2026-01-24 20:45:00,facility_d,Pharmaceuticals & Healthcare,"Flanders, Belgium",20219.42,471.91,33.41,25.67,91.17733022676013,71.78,7.38,NONE
2026-01-24 21:00:00,Facility_B,Heavy Manufacturing,"Indiana, USA",24638.9,898.03,29.24,20.96,91.14840298675087,70.21,7.22,NONE
2026-01-24 21:15:00,Facility_A,Food & Beverage Processing,"Illinois, USA",19521.84,734.84,21.55,25.71,93.20922342125633,68.96,7.62,NONE
2026-01-24 21:30:00,Facility_C,Refinery & Petrochemicals,"Maharashtra, India",14069.99,654.57,44.44,24.33,null,74.49,7.3,NONE
2026-01-24 21:45:00,Facility_A,Food & Beverage Processing,"Illinois, USA",,747.88,30.67,24.92,92.9943216637239,70.31,7.04,NONE
2026-01-24 22:00:00,Facility_C,Refinery & Petrochemicals,"Maharashtra, India",21807.11,827.3,,24.51,94.2221470910822,73.2,7.67,NONE
2026-01-24 22:15:00,Facility_D,Pharmaceuticals & Healthcare,"Flanders, Belgium",17944.38,513.01,39.69,24.46,94.29974078087788,77.2,7.19,NONE
2026-01-24 22:30:00,Facility_D,Pharmaceuticals & Healthcare,"Flanders, Belgium",18227.24,551.34,42.9,25.0,94.00040701437638,68.8,7.55,NONE
2026-01-24 22:45:00,Facility_B,Mfg Heavy,"Indiana, USA",27114.91,769.84,36.58,25.82,91.50444675006194,73.99,7.25,NONE
2026-01-24 23:00:00,Facility_E,Data Center Cooling,"Nuevo Leon, Mexico",25009.1,819.99,-5.75,28.56,90.17766166242585,77.49,7.5,CHEMICAL_DOSING_BREACH
2026-01-24 23:15:00,Facility_E,Data Center Cooling,"Nuevo Leon, Mexico",20516.49,813.74,22.53,28.99,97.15682783493166,72.73,7.13,NONE
2026-01-24 23:30:00,Facility_D,Pharmaceuticals & Healthcare,"Flanders, Belgium",21213.37,597.25,40.51,27.01,97.38655181441587,77.85,7.2,NONE
2026-01-24 23:45:00,Fac_E_Cooling,Data Center Cooling,"Nuevo Leon, Mexico",,776.7,38.12,25.97,94.66199045179343,78.03,7.23,NONE
2026-01-25 00:00:00,Facility_C,REFINERY_PETRO,"Maharashtra, India",,778.09,40.75,24.8,100.0,72.59,7.5,NONE
2026-01-25 00:15:00, Facility_A ,Food & Beverage Processing,"Illinois, USA",19274.28,636.09,35.0,26.29,95.18230337883858,70.38,7.28,NONE
2026-01-25 00:30:00,facility_d,Pharmaceuticals & Healthcare,"Flanders, Belgium",338.83,1925.62,38.79,26.7,55.94840103746112,75.42,7.41,BROWNOUT_WATER_STALL
2026-01-25 00:45:00,Facility_A,Food & Beverage Processing,"Illinois, USA",19561.01,706.74,40.23,25.16,93.01813264520023,71.57,7.61,NONE
2026-01-25 01:00:00,Facility_C,Refinery & Petrochemicals,"Maharashtra, India",13766.77,664.87,35.05,30.33,94.22269386891938,67.92,7.01,NONE
2026-01-25 01:15:00,Facility_A,Food & Beverage Processing,"Illinois, USA",23130.22,668.71,27.54,30.45,96.73551041787837,79.73,7.08,NONE
2026-01-25 01:30:00,Facility_D,Pharmaceuticals & Healthcare,"Flanders, Belgium",15293.19,576.58,38.91,28.69,98.2301885940448,66.2,7.59,NONE
2026-01-25 01:45:00,facility_e,Data Center Cooling,"Nuevo Leon, Mexico",18323.35,814.18,26.51,26.8,91.54831133776256,67.49,7.36,NONE
2026-01-25 02:00:00,Facility_C,Petrochem / Refining,"Maharashtra, India",17081.35,838.1,38.19,31.54,94.67224794733144,76.34,7.74,NONE
2026-01-25 02:15:00,Facility_C,Refinery & Petrochemicals,"Maharashtra, India",17408.96,661.36,303.42,26.16,100.0,80.55,7.96,CHEMICAL_DOSING_BREACH
2026-01-25 02:30:00,facility_e,DATA_CENTER_COOLING,"Nuevo Leon, Mexico",19936.61,816.22,23.39,24.36,90.96972601763659,67.45,7.76,NONE
2026-01-25 02:45:00,Facility_A,Food & Beverage Processing,"Illinois, USA",23460.05,612.97,36.93,30.85,88.4767146088996,72.24,7.19,NONE
2026-01-25 03:00:00,Facility_B,Heavy Manufacturing,"Indiana, USA",28104.9,736.78,28.08,28.09,95.01469178683246,73.02,7.2,NONE
2026-01-25 03:15:00,Facility_D,Pharmaceuticals & Healthcare,"Flanders, Belgium",18239.88,684.85,35.75,27.63,95.36698742129909,73.35,6.95,NONE
2026-01-25 03:30:00,FAC-B,Heavy Mfg.,"Indiana, USA",32696.03,810.39,26.91,-28.94,99.03637366146829,66.44,7.43,SENSOR_TEMP_SPIKE
2026-01-25 03:45:00,FAC_A,Food & Beverage Processing,"Illinois, USA",24087.85,668.91,32.37,-37.97,92.41412529786861,77.72,6.95,SENSOR_TEMP_SPIKE
2026-01-25 04:00:00,Facility_A,Food & Beverage Processing,"Illinois, USA",22587.09,717.91,32.72,30.46,97.04946554427754,71.25,7.54,NONE
2026-01-25 04:15:00,antwerp_hub_d,Pharmaceuticals & Healthcare,"Flanders, Belgium",16852.6,681.85,34.14,-44.38,--,74.36,7.44,SENSOR_TEMP_SPIKE
2026-01-25 04:30:00,Facility_C,Refinery & Petrochemicals,"Maharashtra, India",19340.56,692.28,42.28,31.8,97.84863984405477,71.62,7.47,NONE
2026-01-25 04:45:00,Facility_C,Refinery & Petrochemicals,"Maharashtra, India",19272.9,864.65,40.37,30.64,88.64255637810159,82.01,7.51,NONE
2026-01-25 05:00:00,Facility_E,Data Center Cooling,"Nuevo Leon, Mexico",19559.44,780.49,22.15,32.26,88.7921224183067,73.01,7.42,NONE
2026-01-25 05:15:00,Facility_A,Food & Beverage Processing,"Illinois, USA",21664.34,720.6,34.17,30.37,93.3970049569783,74.38,7.3,NONE
2026-01-25 05:30:00,Facility_D,Pharmaceuticals & Healthcare,"Flanders, Belgium",14930.49,525.28,38.53,30.02,93.0014109370179,72.54,7.11,NONE
2026-01-25 05:45:00,Facility_A,F&B Processing,"Illinois, USA",18123.17,691.12,31.52,31.2,92.92223906916564,69.37,6.96,NONE
2026-01-25 06:00:00,Facility_A,Food & Beverage Processing,"Illinois, USA",25267.13,632.44,29.32,31.43,94.65475395061019,76.34,7.23,NONE
2026-01-25 06:15:00,Facility_E,Data Center Cooling,"Nuevo Leon, Mexico",21704.03,754.6,27.19,30.93,96.87716974960226,73.9,7.35,NONE
2026-01-25 06:30:00,Facility_C,Refinery & Petrochemicals,"Maharashtra, India",21240.23,851.7,42.15,27.3,96.39638138614205,76.71,7.1,NONE
2026-01-25 06:45:00,Facility_C,Refinery & Petrochemicals,"Maharashtra, India",19395.4,858.67,32.02,31.22,96.28833176233925,69.18,7.31,NONE
2026-01-25 07:00:00,Facility_B,Heavy Manufacturing,"Indiana, USA",26721.44,773.12,24.81,30.12,96.06524709409182,76.9,7.11,NONE
2026-01-25 07:15:00,FACILITY_E,DATA_CENTER_COOLING,"Nuevo Leon, Mexico",22751.29,687.3,21.74,29.63,97.09350198907435,76.95,7.35,NONE
2026-01-25 07:30:00,Facility_C,Refinery & Petrochemicals,"Maharashtra, India",17885.56,746.72,35.96,28.27,92.38605649535585,73.03,6.97,NONE
2026-01-25 07:45:00,FACILITY_E,Data Center Cooling,"Nuevo Leon, Mexico",18977.05,780.79,28.54,29.53,90.58343219987852,81.1,7.12,NONE
2026-01-25 08:00:00,Facility_A,Food & Beverage Processing,"Illinois, USA",19844.57,678.21,31.65,30.79,89.11517891453477,73.97,7.68,NONE
2026-01-25 08:15:00,Facility_E,Hyperscale Cooling,"Nuevo Leon, Mexico",25560.12,740.25,28.68,-23.65,97.13175770111744,71.22,7.18,SENSOR_TEMP_SPIKE
2026-01-25 08:30:00,facility_b,Heavy Manufacturing,"Indiana, USA",29156.3,868.08,30.67,29.21,91.4845606264115,80.58,7.28,NONE
2026-01-25 08:45:00,Facility_C,refinery,"Maharashtra, India",17898.6,770.77,36.31,27.65,91.69241121853788,71.22,7.59,NONE
2026-01-25 09:00:00,Facility_C,Refinery & Petrochemicals,"Maharashtra, India",16825.4,640.58,,26.68,97.85692224911395,74.07,7.49,NONE
2026-01-25 09:15:00,facility_a,Food & Beverage Processing,"Illinois, USA",20503.12,717.01,31.19,31.02,93.96718692580045,80.3,7.52,NONE
2026-01-25 09:30:00,Facility_E,Data Center Cooling,"Nuevo Leon, Mexico",,712.71,25.44,31.13,92.20383695057423,70.41,7.44,NONE
2026-01-25 09:45:00,Fac_D,Pharmaceuticals & Healthcare,"Flanders, Belgium",18500.74,585.76,45.44,30.37,93.5864337737661,67.66,7.21,NONE
2026-01-25 10:00:00,Facility_E,Data Center Cooling,"Nuevo Leon, Mexico",22900.37,662.17,37.49,28.53,93.65631485827035,71.0,7.49,NONE
2026-01-25 10:15:00,Facility_D,Pharmaceuticals & Healthcare,"Flanders, Belgium",16117.8,692.18,43.03,30.04,89.0506271814726,74.92,7.69,NONE
2026-01-25 10:30:00,FACILITY_E,Data Center Cooling,"Nuevo Leon, Mexico",22601.74,674.84,25.77,27.22,91.56899892963645,80.88,6.81,NONE
2026-01-25 10:45:00,pune_fac_c,Refinery & Petrochemicals,"Maharashtra, India",20308.88,676.59,31.46,24.17,91.74302582029163,80.8,7.42,NONE
2026-01-25 11:00:00,Facility_E,Data Center Cooling,"Nuevo Leon, Mexico",18065.75,826.29,33.67,27.72,100.0,77.7,7.54,NONE
2026-01-25 11:15:00,Facility_E,DATA_CENTER_COOLING,"Nuevo Leon, Mexico",19065.85,797.05,29.41,28.22,91.30932601874774,74.58,7.12,NONE
2026-01-25 11:30:00,facility_e,Data Center Cooling,"Nuevo Leon, Mexico",15663.46,824.87,22.19,27.22,94.56560681423693,75.47,7.27,NONE
2026-01-25 11:45:00,Facility_E,Data Center Cooling,"Nuevo Leon, Mexico",21786.71,785.32,31.59,29.88,94.24942128479425,74.29,7.1,NONE
2026-01-25 12:00:00,Facility_E,Data Center Cooling,"Nuevo Leon, Mexico",22203.82,800.05,27.69,27.48,92.5639481806421,77.02,7.61,NONE
2026-01-25 12:15:00,Facility_C,Refinery & Petrochemicals,"Maharashtra, India",20857.22,786.16,,25.14,95.40450343643113,85.02,7.25,NONE
2026-01-25 12:30:00,Facility_D,Pharmaceuticals & Healthcare,"Flanders, Belgium",19742.94,537.36,33.41,24.76,86.83608967455145,80.09,6.73,NONE
2026-01-25 12:45:00,FACILITY_A,Food & Beverage Processing,"Illinois, USA",18653.15,629.0,27.79,28.2,94.14341436810045,69.66,7.18,NONE
2026-01-25 13:00:00,Facility_D,Pharmaceuticals & Healthcare,"Flanders, Belgium",16999.51,566.52,38.23,141.76,87.36783754880733,73.84,7.26,SENSOR_TEMP_SPIKE
2026-01-25 13:15:00,facility_a,Food & Beverage Processing,"Illinois, USA",21451.0,737.6,27.59,27.39,96.05521569477014,78.12,7.7,NONE
2026-01-25 13:30:00,FAC-B,Heavy Manufacturing,"Indiana, USA",27082.62,964.4,30.09,24.57,93.47886748645324,73.89,7.2,NONE
2026-01-25 13:45:00,Facility_D,Pharmaceuticals & Healthcare,"Flanders, Belgium",,585.86,37.9,25.43,100.0,68.91,7.11,NONE
2026-01-25 14:00:00,Facility_D,Pharmaceuticals & Healthcare,"Flanders, Belgium",15617.85,555.77,38.53,23.66,91.77287424591434,74.64,7.21,NONE
2026-01-25 14:15:00,Facility_E,Hyperscale Cooling,"Nuevo Leon, Mexico",21885.37,833.57,31.34,25.86,96.9749389168215,75.27,7.31,NONE
2026-01-25 14:30:00,Facility_B,Heavy Manufacturing,"Indiana, USA",23400.03,807.14,26.3,25.38,94.60970417470143,77.14,7.03,NONE
2026-01-25 14:45:00,Facility_B,Heavy Manufacturing,"Indiana, USA",30220.98,804.13,23.88,23.07,100.0,72.26,7.26,NONE
2026-01-25 15:00:00,Fac_E_Cooling,DATA_CENTER_COOLING,"Nuevo Leon, Mexico",20613.59,738.85,25.22,23.93,null,75.41,7.04,NONE
2026-01-25 15:15:00,Facility_D,Pharmaceuticals & Healthcare,"Flanders, Belgium",17945.5,537.62,37.72,25.89,93.02357505273318,73.6,7.85,NONE
2026-01-25 15:30:00,Facility_E,Data Center Cooling,"Nuevo Leon, Mexico",23318.55,793.06,36.72,24.21,87.14311314567193,77.75,6.9,NONE
2026-01-25 15:45:00,facility_d,Pharmaceuticals & Healthcare,"Flanders, Belgium",19734.33,471.49,35.54,22.52,91.03561885685839,72.43,7.64,NONE
2026-01-25 16:00:00,Facility_E,Data Center Cooling,"Nuevo Leon, Mexico",19292.27,790.89,24.44,22.69,94.53628565224784,69.52,6.98,NONE
2026-01-25 16:15:00,Facility_D,pharma,"Flanders, Belgium",19823.9,632.9,37.17,22.09,93.99816124060284,74.25,7.42,NONE
2026-01-25 16:30:00,Facility_E,DATA_CENTER_COOLING,"Nuevo Leon, Mexico",14698.48,669.82,24.95,23.08,94.09480922759126,76.86,7.42,NONE
2026-01-25 16:45:00,Facility_B,Heavy Manufacturing,"Indiana, USA",21764.49,961.55,33.84,20.45,94.56465694199738,71.32,7.39,NONE
2026-01-25 17:00:00,Fac_E_Cooling,Data Center Cooling,"Nuevo Leon, Mexico",23766.98,909.76,-5.82,23.17,92.41257226141344,74.82,7.73,CHEMICAL_DOSING_BREACH
2026-01-25 17:15:00,FACILITY_B,heavy mfg,"Indiana, USA",25651.64,883.1,29.54,21.41,96.78324520226336,72.1,7.31,NONE
2026-01-25 17:30:00,Facility_B,Heavy Manufacturing,"Indiana, USA",25738.43,810.52,29.49,24.61,89.84405792602105,76.2,7.4,NONE
2026-01-25 17:45:00,Facility_E,Data Center Cooling,"Nuevo Leon, Mexico",21489.33,815.39,28.71,107.3,95.79076681462767,71.73,7.43,SENSOR_TEMP_SPIKE
2026-01-25 18:00:00,Facility_C,Refinery & Petrochemicals,"Maharashtra, India",18099.39,813.6,35.84,23.21,93.44394443873361,66.78,7.36,NONE
2026-01-25 18:15:00,Facility_B,Heavy Mfg.,"Indiana, USA",25986.64,860.38,26.01,20.36,95.49874126366169,72.77,7.4,NONE
2026-01-25 18:30:00,Facility_A,Food & Beverage Processing,"Illinois, USA",18612.39,712.57,,20.79,95.01594131445971,71.29,7.4,NONE
2026-01-25 18:45:00,Facility_A,Food & Beverage Processing,"Illinois, USA",20211.8,671.16,26.44,26.94,91.81112999697464,76.81,7.89,NONE
2026-01-25 19:00:00,monterrey_e,data center,"Nuevo Leon, Mexico",23100.05,727.47,28.22,21.14,96.32142856626477,76.55,7.21,NONE
2026-01-25 19:15:00,Facility_A,Food & Beverage Processing,"Illinois, USA",16853.95,618.8,35.64,22.93,94.1879505162648,70.3,6.94,NONE
2026-01-25 19:30:00,Facility_E,Data Center Cooling,"Nuevo Leon, Mexico",23537.34,753.15,32.31,-35.78,92.74218290228205,77.21,7.56,SENSOR_TEMP_SPIKE
2026-01-25 19:45:00,monterrey_e,Data Center Cooling,"Nuevo Leon, Mexico",,833.18,28.06,21.99,97.79679233061366,71.05,7.53,NONE
2026-01-25 20:00:00,Facility_C,Refinery & Petrochemicals,"Maharashtra, India",18695.01,633.91,40.24,18.07,87.15079018637564,76.37,7.5,NONE
2026-01-25 20:15:00,Facility_A,Food & Beverage Processing,"Illinois, USA",17789.2,723.54,20.87,24.45,94.29912155857151,73.79,7.36,NONE
2026-01-25 20:30:00,pune_fac_c,Refinery & Petrochemicals,"Maharashtra, India",19941.38,774.75,,27.28,97.34256262217104,68.22,7.25,NONE
2026-01-25 20:45:00,Facility_D,Pharmaceuticals & Healthcare,"Flanders, Belgium",18188.8,630.39,28.43,22.59,87.86596338131999,72.72,7.22,NONE
2026-01-25 21:00:00,Facility_A,Food & Beverage Processing,"Illinois, USA",19447.22,669.87,28.35,24.79,94.95495277101625,76.48,7.3,NONE
2026-01-25 21:15:00,Facility_D,PHARMACEUTICALS,"Flanders, Belgium",17434.72,562.24,39.6,19.94,94.76115817718674,75.39,7.37,NONE
2026-01-25 21:30:00,Facility_C,Refinery & Petrochemicals,"Maharashtra, India",18489.67,577.61,33.65,27.29,93.54128414581858,72.62,7.35,NONE
2026-01-25 21:45:00,Facility_E,Data Center Cooling,"Nuevo Leon, Mexico",21998.28,799.41,27.54,25.04,98.86528256883635,78.53,8.01,NONE
2026-01-25 22:00:00,Fac_E_Cooling,data center,"Nuevo Leon, Mexico",19437.06,875.71,25.18,25.14,95.84392489356192,71.7,7.37,NONE
2026-01-25 22:15:00,Facility_E,Data Center Cooling,"Nuevo Leon, Mexico",23405.29,696.73,35.51,22.24,99.70701261673084,78.51,7.32,NONE
2026-01-25 22:30:00,Facility_C,Refinery & Petrochemicals,"Maharashtra, India",17917.28,737.6,34.93,24.88,97.51672398923066,82.86,7.41,NONE
2026-01-25 22:45:00,Facility_B,Heavy Manufacturing,"Indiana, USA",,794.16,27.73,23.36,89.72738751325639,83.44,7.43,NONE
2026-01-25 23:00:00,Facility_C,Refinery & Petrochemicals,"Maharashtra, India",16944.75,840.45,30.55,23.49,90.93026431659442,81.45,7.28,NONE
2026-01-25 23:15:00,Facility_D,Pharmaceuticals & Healthcare,"Flanders, Belgium",13234.24,637.85,36.21,22.39,92.48661283851709,76.34,7.46,NONE
2026-01-25 23:30:00,Facility_D,Pharmaceuticals & Healthcare,"Flanders, Belgium",22758.74,520.48,37.7,24.72,88.56498273860089,77.98,7.48,NONE
2026-01-25 23:45:00,Facility_C,Refinery & Petrochemicals,"Maharashtra, India",19467.9,810.16,32.62,24.43,93.62047159094195,79.23,7.8,NONE
2026-01-26 00:00:00,Facility_D,Pharmaceuticals & Healthcare,"Flanders, Belgium",20505.76,570.66,38.63,26.52,90.21698131296183,74.11,6.98,NONE
2026-01-26 00:15:00,Facility_C ,Refinery & Petrochemicals,"Maharashtra, India",18546.68,904.13,38.96,25.1,93.26822697714469,70.25,7.33,NONE
2026-01-26 00:30:00,Facility_E,Data Center Cooling,"Nuevo Leon, Mexico",23736.08,798.98,38.93,29.17,94.15280121944862,77.05,7.29,NONE
2026-01-26 00:45:00,Facility_C,Refinery & Petrochemicals,"Maharashtra, India",16279.7,878.46,39.74,26.85,94.37659435818028,79.58,7.59,NONE
2026-01-26 01:00:00,Facility_B_Unit2,Heavy Mfg.,"Indiana, USA",21261.99,860.46,27.8,29.54,96.79933676410451,79.93,7.04,NONE
2026-01-26 01:15:00,Facility_A,Food & Beverage Processing,"Illinois, USA",17450.48,792.43,29.02,25.05,95.20430876036501,71.54,7.85,NONE
2026-01-26 01:30:00,Facility_B,Heavy Manufacturing,"Indiana, USA",26706.63,853.46,26.95,30.89,94.64737427164742,72.16,7.13,NONE
2026-01-26 01:45:00,Facility_B,Mfg Heavy,"Indiana, USA",25562.62,757.88,32.82,25.01,93.05355510933417,76.75,7.45,NONE
2026-01-26 02:00:00,facility_a,Food & Beverage Processing,"Illinois, USA",17604.96,760.08,27.78,28.46,95.58589303033713,76.08,7.16,NONE
2026-01-26 02:15:00,Facility_A,Food & Beverage Processing,"Illinois, USA",22031.08,719.18,34.62,31.47,97.07606575607875,79.04,7.4,NONE
2026-01-26 02:30:00,Facility_C,Refinery & Petrochemicals,"Maharashtra, India",20620.69,793.6,30.42,29.48,94.32035514796308,76.63,7.31,NONE
2026-01-26 02:45:00,Facility_D,Pharmaceuticals & Healthcare,"Flanders, Belgium",17008.56,606.36,31.98,31.76,92.75946220414403,75.1,7.51,NONE
2026-01-26 03:00:00,Facility_B,Heavy Manufacturing,"Indiana, USA",27618.06,721.65,31.96,29.87,91.46716356941245,70.63,7.26,NONE
2026-01-26 03:15:00,Facility_B,Heavy Manufacturing,"Indiana, USA",21770.65,984.67,34.74,30.32,92.78512506770531,73.11,7.56,NONE
2026-01-26 03:30:00,facility_b,heavy mfg,"Indiana, USA",31230.12,792.09,23.81,32.46,87.78115651972976,69.46,7.28,NONE
2026-01-26 03:45:00,Facility_B,Heavy Manufacturing,"Indiana, USA",215.92,2808.07,32.1,28.79,57.892840132126985,80.52,7.32,BROWNOUT_WATER_STALL
2026-01-26 04:00:00,FACILITY_A,Food & Beverage Processing,"Illinois, USA",19589.81,774.8,34.07,33.05,93.15484470743566,72.21,7.74,NONE
2026-01-26 04:15:00,Facility_D,Pharmaceuticals & Healthcare,"Flanders, Belgium",,599.74,37.19,31.76,90.73175384757083,71.94,6.61,NONE
2026-01-26 04:30:00,Facility_A,Food & Beverage Processing,"Illinois, USA",17812.33,779.42,31.69,28.53,98.07428706904497,74.62,7.82,NONE
2026-01-26 04:45:00,Facility_B,Heavy Manufacturing,"Indiana, USA",28441.28,855.81,36.21,29.61,89.9963507658333,81.2,7.52,NONE
2026-01-26 05:00:00,facility_d,Pharmaceuticals & Healthcare,"Flanders, Belgium",21849.87,619.15,44.4,29.44,92.89636907567304,73.1,7.3,NONE
2026-01-26 05:15:00,pune_fac_c,Refinery & Petrochemicals,"Maharashtra, India",15286.67,789.7,38.82,29.2,90.57626016817204,73.39,7.57,NONE
2026-01-26 05:30:00,FACILITY_B,Heavy Manufacturing,"Indiana, USA",22460.95,1036.16,23.04,29.44,97.12905694742076,78.35,7.6,NONE
2026-01-26 05:45:00,Facility_E,Data Center Cooling,"Nuevo Leon, Mexico",19364.48,712.83,24.9,29.92,94.72478820783431,70.12,6.86,NONE
2026-01-26 06:00:00,Facility_B,Heavy Manufacturing,"Indiana, USA",29408.5,824.87,31.64,29.94,95.23694672176036,84.47,7.03,NONE
2026-01-26 06:15:00,Facility_D,Pharmaceuticals & Healthcare,"Flanders, Belgium",16971.57,517.75,46.34,30.46,96.33992819395124,62.1,7.45,NONE
2026-01-26 06:30:00,Facility_D,Healthcare & Pharma,"Flanders, Belgium",17908.52,648.01,40.27,29.71,,81.52,7.77,NONE
2026-01-26 06:45:00,Fac_D,Healthcare & Pharma,"Flanders, Belgium",20431.77,553.22,38.47,29.67,94.20817566072498,71.32,7.3,NONE
2026-01-26 07:00:00,Facility_E,Data Center Cooling,"Nuevo Leon, Mexico",26527.47,773.32,26.69,28.38,93.18061852430742,77.35,7.39,NONE
2026-01-26 07:15:00,Facility_D,Pharmaceuticals & Healthcare,"Flanders, Belgium",18597.78,593.21,39.16,31.56,95.8421639852342,73.6,7.31,NONE
2026-01-26 07:30:00,Facility_D,pharma,"Flanders, Belgium",18720.84,600.88,42.21,29.59,92.97607055098345,70.34,6.93,NONE
2026-01-26 07:45:00,Facility_B,Heavy Manufacturing,"Indiana, USA",21959.15,755.69,25.7,30.92,90.0717159994942,74.08,7.58,NONE
2026-01-26 08:00:00,Facility_B,Heavy Manufacturing,"Indiana, USA",23221.76,798.68,22.96,28.25,97.88379750357846,76.27,7.95,NONE
2026-01-26 08:15:00,Facility_B_Unit2,Heavy Manufacturing,"Indiana, USA",23509.13,966.71,25.44,28.92,100.0,70.24,7.79,NONE
2026-01-26 08:30:00,Facility_B,Mfg Heavy,"Indiana, USA",25690.99,749.54,22.49,29.86,89.90476689477296,72.67,6.82,NONE
2026-01-26 08:45:00,facility_b,Heavy Manufacturing,"Indiana, USA",26886.84,710.43,28.25,27.02,97.42281295431745,64.51,7.27,NONE
2026-01-26 09:00:00,Facility_B_Unit2,Heavy Manufacturing,"Indiana, USA",27521.26,870.15,23.26,26.2,96.0004528037835,73.44,7.05,NONE
2026-01-26 09:15:00,facility_b,Heavy Manufacturing,"Indiana, USA",28320.92,792.73,25.74,27.58,91.06973657605228,70.42,7.44,NONE
2026-01-26 09:30:00,Facility_D,Pharmaceuticals & Healthcare,"Flanders, Belgium",22202.16,489.53,36.07,28.64,94.9866007285283,78.45,7.31,NONE
2026-01-26 09:45:00,FACILITY_D,Pharmaceuticals & Healthcare,"Flanders, Belgium",17287.92,601.89,30.61,24.86,100.0,70.36,7.23,NONE
2026-01-26 10:00:00,Facility_A,Food & Beverage Processing,"Illinois, USA",20520.06,737.74,35.22,30.19,88.88414573473922,79.71,7.49,NONE
2026-01-26 10:15:00,Facility_D,Pharmaceuticals & Healthcare,"Flanders, Belgium",19568.13,593.04,28.12,27.89,90.40695872923276,69.0,7.21,NONE
2026-01-26 10:30:00,Facility_E,Data Center Cooling,"Nuevo Leon, Mexico",23190.04,771.54,30.34,27.23,null,73.1,7.62,NONE
2026-01-26 10:45:00,Facility_A,Food & Beverage Processing,"Illinois, USA",,724.39,28.13,28.28,94.27584865085237,74.54,7.22,NONE
2026-01-26 11:00:00,facility_a,food & beverage,"Illinois, USA",17749.99,735.99,27.9,27.08,95.37797739474668,75.99,7.03,NONE
2026-01-26 11:15:00,Facility_E,Data Center Cooling,"Nuevo Leon, Mexico",21855.86,902.39,31.34,26.79,97.68398285194158,83.9,7.59,NONE
2026-01-26 11:30:00,FAC-B,Heavy Manufacturing,"Indiana, USA",20431.18,891.81,34.16,23.31,96.49876962554963,73.09,7.72,NONE
2026-01-26 11:45:00,Facility_B,Heavy Manufacturing,"Indiana, USA",25569.79,868.83,30.01,28.05,94.93073294631787,69.95,7.28,NONE
2026-01-26 12:00:00,Facility_E,Data Center Cooling,"Nuevo Leon, Mexico",21083.34,842.28,30.53,25.32,90.55697497996381,76.95,7.22,NONE
2026-01-26 12:15:00,Facility_E,Data Center Cooling,"Nuevo Leon, Mexico",23007.09,745.82,34.63,24.91,98.10404195975475,78.43,7.23,NONE
2026-01-26 12:30:00,Facility_C,Petrochem / Refining,"Maharashtra, India",16842.64,926.78,31.71,26.53,94.60514195435042,74.05,7.57,NONE
2026-01-26 12:45:00,FACILITY_A,food & beverage,"Illinois, USA",,850.83,28.04,25.46,88.89783390913398,78.71,7.88,NONE
2026-01-26 13:00:00,Facility_C,Refinery & Petrochemicals,"Maharashtra, India",23363.87,865.17,33.94,25.47,92.46670577290675,68.54,7.27,NONE
2026-01-26 13:15:00,FAC_A,Food & Beverage Processing,"Illinois, USA",21363.66,651.18,21.92,22.96,96.11829733294607,66.27,7.22,NONE
2026-01-26 13:30:00,Facility_C,Refinery & Petrochemicals,"Maharashtra, India",17960.31,797.05,36.49,25.69,93.02422691561142,69.75,7.6,NONE
2026-01-26 13:45:00,Facility_D,Pharmaceuticals & Healthcare,"Flanders, Belgium",14757.18,613.45,42.31,28.94,null,71.48,7.36,NONE
2026-01-26 14:00:00,Facility_C,Refinery & Petrochemicals,"Maharashtra, India",18778.96,841.85,37.69,23.87,93.18612668033194,78.2,7.0,NONE
2026-01-26 14:15:00,Facility_D,Pharmaceuticals & Healthcare,"Flanders, Belgium",18194.05,600.56,33.02,17.9,98.12904465120572,73.91,7.0,NONE
2026-01-26 14:30:00,Facility_B,Heavy Manufacturing,"Indiana, USA",28638.51,822.5,24.15,24.73,93.66497018307578,71.24,7.13,NONE
2026-01-26 14:45:00, Facility_A ,FOOD & BEV,"Illinois, USA",16891.02,765.44,26.26,22.43,93.8236937430386,80.56,7.39,NONE
2026-01-26 15:00:00,Facility_A,Food & Beverage Processing,"Illinois, USA",20622.6,720.29,35.31,27.16,92.09927815876209,74.06,7.4,NONE
2026-01-26 15:15:00,Facility_C,Refinery & Petrochemicals,"Maharashtra, India",20023.97,787.29,33.22,23.48,100.0,75.41,6.81,NONE
2026-01-26 15:30:00,Facility_C,Refinery & Petrochemicals,"Maharashtra, India",17934.84,778.04,34.91,23.2,94.41605444857261,76.29,7.42,NONE
2026-01-26 15:45:00,Facility_C,Refinery & Petrochemicals,"Maharashtra, India",20974.69,660.81,34.44,23.96,94.31972166288904,71.06,7.2,NONE
2026-01-26 16:00:00,Facility_C,Refinery & Petrochemicals,"Maharashtra, India",16925.35,852.89,27.72,20.73,94.83965541577697,76.44,6.91,NONE
2026-01-26 16:15:00,Facility_E,Data Center Cooling,"Nuevo Leon, Mexico",22686.15,763.54,30.67,23.04,94.8615084530563,76.07,7.48,NONE
2026-01-26 16:30:00,Facility_E,Data Center Cooling,"Nuevo Leon, Mexico",21717.97,743.58,28.17,23.22,96.14132517839596,82.84,7.5,NONE
2026-01-26 16:45:00,Facility_E,Data Center Cooling,"Nuevo Leon, Mexico",22055.6,841.16,30.17,20.8,91.15334178103078,82.23,7.15,NONE
2026-01-26 17:00:00,Facility_A,Food & Beverage Processing,"Illinois, USA",20580.93,642.51,36.89,21.81,93.76489451731719,72.97,7.49,NONE
2026-01-26 17:15:00,Facility_A,Food & Beverage Processing,"Illinois, USA",19659.54,777.88,34.25,23.08,95.58443747899788,77.15,7.24,NONE
2026-01-26 17:30:00,Facility_D,Pharmaceuticals & Healthcare,"Flanders, Belgium",17654.92,657.31,40.47,23.26,90.93462708266308,65.95,7.27,NONE
2026-01-26 17:45:00,Facility_A,Food & Beverage Processing,"Illinois, USA",18216.65,690.87,35.08,25.26,97.05029178225487,71.27,7.5,NONE
2026-01-26 18:00:00,Facility_B,Heavy Manufacturing,"Indiana, USA",24281.84,685.35,28.18,24.77,92.42897610077355,77.75,7.16,NONE
2026-01-26 18:15:00,Facility_A,Food & Beverage Processing,"Illinois, USA",20854.51,695.63,37.9,21.94,91.76436395621666,80.62,7.19,NONE
2026-01-26 18:30:00,FACILITY_D,Pharmaceuticals & Healthcare,"Flanders, Belgium",19197.08,536.59,41.38,24.87,91.34151015067131,76.46,7.53,NONE
2026-01-26 18:45:00,Facility_A,Food & Beverage Processing,"Illinois, USA",19554.72,821.77,37.88,21.04,97.36770594680459,76.28,7.42,NONE
2026-01-26 19:00:00,Facility_C,Refinery & Petrochemicals,"Maharashtra, India",18302.42,661.83,36.69,23.19,99.88314864866632,70.97,6.9,NONE
2026-01-26 19:15:00,Facility_A,Food & Beverage Processing,"Illinois, USA",16537.27,826.45,29.62,25.17,93.52002093110636,69.61,7.91,NONE
2026-01-26 19:30:00,FACILITY_B,Heavy Manufacturing,"Indiana, USA",29868.26,824.92,32.69,23.03,94.90028036667624,81.93,6.92,NONE
2026-01-26 19:45:00,Facility_A,Food & Beverage Processing,"Illinois, USA",18433.98,715.08,32.9,20.66,96.43417425238988,68.81,7.0,NONE
2026-01-26 20:00:00,Facility_D,Pharmaceuticals & Healthcare,"Flanders, Belgium",18155.67,676.85,-6.56,23.92,92.73776627114364,74.7,7.44,CHEMICAL_DOSING_BREACH
2026-01-26 20:15:00,Facility_C,Refinery & Petrochemicals,"Maharashtra, India",227.61,2151.6,33.48,23.17,45.791911435981554,73.98,7.4,BROWNOUT_WATER_STALL
2026-01-26 20:30:00,Facility_D,PHARMACEUTICALS,"Flanders, Belgium",,653.93,41.32,22.03,94.68052841225342,74.28,6.98,NONE
2026-01-26 20:45:00,Facility_B,Heavy Manufacturing,"Indiana, USA",27022.45,995.96,28.64,20.62,93.59685974754758,68.54,7.59,NONE
2026-01-26 21:00:00,Facility_E,Data Center Cooling,"Nuevo Leon, Mexico",22428.96,737.18,27.11,23.29,93.52647838189543,70.52,6.96,NONE
2026-01-26 21:15:00,FACILITY_B,Heavy Manufacturing,"Indiana, USA",29314.05,807.63,,24.38,N/A,68.72,6.88,NONE
2026-01-26 21:30:00,Facility_D,pharma,"Flanders, Belgium",17396.63,591.52,34.44,23.43,100.0,65.7,7.14,NONE
2026-01-26 21:45:00,Facility_D,Pharmaceuticals & Healthcare,"Flanders, Belgium",22979.3,566.46,34.53,26.38,93.67673739673955,72.43,7.4,NONE
2026-01-26 22:00:00,Facility_A,Food & Beverage Processing,"Illinois, USA",17741.74,640.45,31.02,22.68,93.53421859774873,75.59,7.59,NONE
2026-01-26 22:15:00,Facility_B,Heavy Mfg.,"Indiana, USA",29280.7,805.92,30.6,25.62,94.54901989061115,71.84,7.06,NONE
2026-01-26 22:30:00,Facility_B,Heavy Manufacturing,"Indiana, USA",27343.6,696.62,27.38,20.37,89.22351224525356,70.05,7.66,NONE
2026-01-26 22:45:00,Facility_B_Unit2,Heavy Manufacturing,"Indiana, USA",27919.56,793.47,31.56,26.81,92.98587248520089,67.77,7.29,NONE
2026-01-26 23:00:00,FACILITY_A,Food & Beverage Processing,"Illinois, USA",19036.72,625.13,33.04,25.97,94.9241366396614,75.26,7.55,NONE
2026-01-26 23:15:00,Facility_D,Pharmaceuticals & Healthcare,"Flanders, Belgium",18316.18,580.48,35.83,24.67,97.78239881843864,64.8,7.6,NONE
2026-01-26 23:30:00,Facility_A,Food & Beverage Processing,"Illinois, USA",17828.58,659.52,32.6,23.3,90.88872616977216,70.18,7.29,NONE
2026-01-26 23:45:00,Facility_E,Data Center Cooling,"Nuevo Leon, Mexico",19063.92,870.08,36.05,22.6,95.24183265525036,77.86,7.5,NONE
2026-01-27 00:00:00,Facility_E,Data Center Cooling,"Nuevo Leon, Mexico",19433.66,731.69,25.36,25.74,89.62811190826504,73.48,6.93,NONE
2026-01-27 00:15:00,Facility_E,data center,"Nuevo Leon, Mexico",20593.26,656.36,29.37,25.54,94.42985711319852,78.87,7.8,NONE
2026-01-27 00:30:00,Facility_C,Refinery & Petrochemicals,"Maharashtra, India",13115.63,712.18,34.23,27.85,88.2188655867055,69.58,7.39,NONE
2026-01-27 00:45:00,Facility_B,Heavy Manufacturing,"Indiana, USA",26052.71,871.72,30.36,27.89,94.11969701322077,74.25,7.54,NONE
2026-01-27 01:00:00,facility_b,Mfg Heavy,"Indiana, USA",18859.74,969.72,19.24,25.59,92.77436545071954,77.03,6.51,NONE
2026-01-27 01:15:00,Facility_E,Data Center Cooling,"Nuevo Leon, Mexico",21028.79,809.43,32.68,26.53,92.5373270817439,71.23,7.24,NONE
2026-01-27 01:30:00,Facility_D,Pharmaceuticals & Healthcare,"Flanders, Belgium",16401.23,518.4,39.32,28.27,95.07307682428952,74.96,7.55,NONE
2026-01-27 01:45:00,facility_e,Data Center Cooling,"Nuevo Leon, Mexico",23323.64,619.37,24.91,27.85,93.4274319184405,70.98,7.61,NONE
2026-01-27 02:00:00,Facility_A,Food & Beverage Processing,"Illinois, USA",23839.77,726.27,31.85,30.03,87.529312783349,74.13,7.62,NONE
2026-01-27 02:15:00,Facility_B,Heavy Manufacturing,"Indiana, USA",100.22,2553.71,27.72,28.61,55.15605769597027,83.43,7.22,BROWNOUT_WATER_STALL
2026-01-27 02:30:00,Facility_C,Refinery & Petrochemicals,"Maharashtra, India",20684.2,906.13,32.82,29.75,94.00162363257482,76.58,7.22,NONE
2026-01-27 02:45:00,Facility_A,Food & Beverage Processing,"Illinois, USA",20716.12,772.78,34.5,26.22,88.91163631163155,70.9,7.42,NONE
2026-01-27 03:00:00,Facility_A,Food & Beverage Processing,"Illinois, USA",20555.62,637.84,32.86,31.03,--,71.93,7.25,NONE
2026-01-27 03:15:00,Facility_A,F&B Processing,"Illinois, USA",16263.59,837.09,33.49,26.61,97.42526762150118,76.96,7.68,NONE
2026-01-27 03:30:00,Facility_E,Data Center Cooling,"Nuevo Leon, Mexico",19685.61,718.57,25.09,33.48,91.89683009020818,69.7,7.17,NONE
2026-01-27 03:45:00,Facility_B,Heavy Manufacturing,"Indiana, USA",24783.7,970.7,29.66,32.05,94.4129728175626,73.19,7.06,NONE
2026-01-27 04:00:00,Facility_B,Heavy Manufacturing,"Indiana, USA",30723.2,923.24,33.04,31.63,91.22763358500896,75.19,7.65,NONE
2026-01-27 04:15:00,Fac_E_Cooling,DATA_CENTER_COOLING,"Nuevo Leon, Mexico",23491.06,761.74,36.79,31.05,97.73037441024876,74.9,7.25,NONE
2026-01-27 04:30:00,Facility_C,Refinery & Petrochemicals,"Maharashtra, India",21016.62,833.99,36.96,28.67,96.7350757947557,70.43,7.57,NONE
2026-01-27 04:45:00,Facility_D,Pharmaceuticals & Healthcare,"Flanders, Belgium",16254.86,520.8,38.73,31.33,94.19340026071038,71.63,7.66,NONE
2026-01-27 05:00:00,Facility_D,Pharmaceuticals & Healthcare,"Flanders, Belgium",19030.84,580.0,36.84,29.06,97.10536537417642,71.11,7.83,NONE
2026-01-27 05:15:00,Facility_C,Refinery & Petrochemicals,"Maharashtra, India",16963.17,802.09,-9.28,30.22,ERROR_SENSOR,77.55,7.5,CHEMICAL_DOSING_BREACH
2026-01-27 05:30:00,Facility_C ,Refinery & Petrochemicals,"Maharashtra, India",16423.43,685.99,30.33,30.03,100.0,73.78,7.94,NONE
2026-01-27 05:45:00,Facility_E,Data Center Cooling,"Nuevo Leon, Mexico",21015.42,762.0,31.0,29.97,94.22732442510548,66.34,7.1,NONE
2026-01-27 06:00:00,FACILITY_B,Heavy Manufacturing,"Indiana, USA",20585.12,900.92,22.77,33.04,94.6392720114761,78.32,7.17,NONE
2026-01-27 06:15:00,Facility_C,Refinery & Petrochemicals,"Maharashtra, India",16288.81,749.98,39.97,34.3,95.1267681412272,68.08,7.08,NONE
2026-01-27 06:30:00,FAC_A,F&B Processing,"Illinois, USA",15822.65,703.79,30.34,30.22,90.06505298470746,68.72,7.38,NONE
2026-01-27 06:45:00,Facility_B,Heavy Manufacturing,"Indiana, USA",27289.15,740.47,-1.52,32.13,86.0415270975177,81.09,7.55,CHEMICAL_DOSING_BREACH
2026-01-27 07:00:00,Facility_C,Refinery & Petrochemicals,"Maharashtra, India",20987.12,697.68,38.81,31.99,91.41505095367611,77.51,7.31,NONE
2026-01-27 07:15:00,Facility_C,REFINERY_PETRO,"Maharashtra, India",17431.9,761.74,36.21,29.74,90.96628436490951,75.77,7.51,NONE
2026-01-27 07:30:00,Facility_B,Heavy Manufacturing,"Indiana, USA",26241.91,704.13,26.04,28.68,99.03951475233927,74.53,7.27,NONE
2026-01-27 07:45:00,FACILITY_A,Food & Beverage Processing,"Illinois, USA",17971.49,704.1,34.66,26.79,94.23652903042304,71.73,7.47,NONE
2026-01-27 08:00:00,Facility_E,Data Center Cooling,"Nuevo Leon, Mexico",23123.32,697.84,22.75,29.42,97.61861817081976,77.76,7.24,NONE
2026-01-27 08:15:00,Fac_D,Pharmaceuticals & Healthcare,"Flanders, Belgium",17292.97,537.17,32.05,31.24,96.59573232382301,72.26,7.21,NONE
2026-01-27 08:30:00,Facility_B,Heavy Manufacturing,"Indiana, USA",,802.17,25.41,29.39,96.01646832975723,77.08,7.12,NONE
2026-01-27 08:45:00,antwerp_hub_d,Pharmaceuticals & Healthcare,"Flanders, Belgium",19060.01,605.77,33.55,120.94,97.38366673342873,72.9,6.78,SENSOR_TEMP_SPIKE
2026-01-27 09:00:00,facility_d,Healthcare & Pharma,"Flanders, Belgium",101418.28,579.68,39.56,26.67,35.19240475109792,121.51,7.56,PRESSURE_BURST_SURGE
2026-01-27 09:15:00,Facility_E,Data Center Cooling,"Nuevo Leon, Mexico",20449.57,961.65,33.03,31.21,88.8270851006118,70.82,7.37,NONE
2026-01-27 09:30:00,Facility_B,Heavy Manufacturing,"Indiana, USA",22691.68,974.43,34.42,27.97,99.20853954114395,73.98,8.08,NONE
2026-01-27 09:45:00,Facility_B,Heavy Manufacturing,"Indiana, USA",26237.77,888.4,34.38,31.02,95.13434261163486,73.36,7.49,NONE
2026-01-27 10:00:00,Facility_B,Heavy Manufacturing,"Indiana, USA",23264.07,852.78,23.84,25.29,93.66136564524622,79.68,7.61,NONE
2026-01-27 10:15:00,Facility_D,Pharmaceuticals & Healthcare,"Flanders, Belgium",18535.0,668.4,35.11,24.82,86.51727585855693,68.68,7.58,NONE
2026-01-27 10:30:00,Fac_D,PHARMACEUTICALS,"Flanders, Belgium",17293.06,595.23,44.41,26.05,95.03119914174685,76.43,7.11,NONE
2026-01-27 10:45:00,FACILITY_B,Heavy Manufacturing,"Indiana, USA",29981.01,815.83,26.89,31.59,95.1728535755735,78.16,7.73,NONE
2026-01-27 11:00:00,Facility_E,Data Center Cooling,"Nuevo Leon, Mexico",19453.0,843.74,26.39,26.55,92.62960008861397,71.2,7.58,NONE
2026-01-27 11:15:00,Facility_E,Data Center Cooling,"Nuevo Leon, Mexico",21776.58,713.16,,26.79,92.45017481483303,74.22,7.48,NONE
2026-01-27 11:30:00,Facility_D,pharma,"Flanders, Belgium",19594.71,548.33,41.06,26.62,91.4040496364521,67.39,7.63,NONE
2026-01-27 11:45:00,Facility_A,Food & Beverage Processing,"Illinois, USA",19291.64,728.04,35.89,25.9,89.10192240488279,74.31,7.44,NONE
2026-01-27 12:00:00,Facility_A,Food & Beverage Processing,"Illinois, USA",18655.41,818.08,21.06,28.52,96.03169168116553,76.06,6.42,NONE
2026-01-27 12:15:00,Facility_A,Food & Beverage Processing,"Illinois, USA",22230.79,639.82,29.37,25.93,94.80373771088632,76.88,7.6,NONE
2026-01-27 12:30:00,Facility_C,Refinery & Petrochemicals,"Maharashtra, India",20670.21,796.65,37.25,24.01,91.09671421817913,78.03,7.58,NONE
2026-01-27 12:45:00,Facility_D,Pharmaceuticals & Healthcare,"Flanders, Belgium",20344.86,539.73,41.32,23.63,96.94755139155927,72.83,7.82,NONE
2026-01-27 13:00:00,Facility_C,REFINERY_PETRO,"Maharashtra, India",15389.7,914.02,33.98,24.78,94.12348422075391,70.86,7.33,NONE
2026-01-27 13:15:00,Facility_B,Heavy Manufacturing,"Indiana, USA",23507.19,781.11,30.54,23.59,91.04177844798245,67.82,7.21,NONE
2026-01-27 13:30:00,Facility_C,Refinery & Petrochemicals,"Maharashtra, India",21790.22,711.27,32.43,25.32,92.31345141184151,84.03,7.3,NONE
2026-01-27 13:45:00,Facility_E,Data Center Cooling,"Nuevo Leon, Mexico",21948.77,820.78,32.38,25.15,92.9843920426048,83.11,7.32,NONE
2026-01-27 14:00:00,facility_d,Pharmaceuticals & Healthcare,"Flanders, Belgium",17726.84,532.25,30.25,25.98,85.98618112927736,73.97,7.29,NONE
2026-01-27 14:15:00,Facility_C,Refinery & Petrochemicals,"Maharashtra, India",23887.62,634.68,31.72,24.03,92.86790612009867,71.53,7.33,NONE
2026-01-27 14:30:00,Facility_E,Data Center Cooling,"Nuevo Leon, Mexico",17910.79,776.79,18.75,24.02,91.57885857835656,78.57,7.84,NONE
2026-01-27 14:45:00,Facility_C,Refinery & Petrochemicals,"Maharashtra, India",18079.07,885.06,34.17,22.12,99.08689162299399,76.34,7.35,NONE
2026-01-27 15:00:00,Facility_E,Data Center Cooling,"Nuevo Leon, Mexico",22839.93,770.57,28.21,21.28,92.63428244108394,76.8,7.32,NONE
2026-01-27 15:15:00,Facility_D,Pharmaceuticals & Healthcare,"Flanders, Belgium",20745.88,590.83,33.81,21.12,92.99702880022346,71.64,7.44,NONE
2026-01-27 15:30:00,Facility_B,Mfg Heavy,"Indiana, USA",23567.51,788.31,32.92,23.59,91.25127339063266,74.08,7.74,NONE
2026-01-27 15:45:00,Facility_B,Heavy Manufacturing,"Indiana, USA",26699.21,889.81,25.34,25.02,100.0,70.44,7.02,NONE
2026-01-27 16:00:00,Facility_E,Data Center Cooling,"Nuevo Leon, Mexico",21544.47,815.66,28.12,21.14,93.15253068230275,76.69,7.24,NONE
2026-01-27 16:15:00,Facility_E,Data Center Cooling,"Nuevo Leon, Mexico",22637.57,837.35,29.51,22.86,96.1539005607241,70.15,7.08,NONE
2026-01-27 16:30:00,Facility_E,Data Center Cooling,"Nuevo Leon, Mexico",20425.04,713.11,25.13,26.1,100.0,72.41,7.38,NONE
2026-01-27 16:45:00,FACILITY_A,F&B Processing,"Illinois, USA",18828.79,791.96,36.98,19.51,95.02323456021,68.12,7.84,NONE
2026-01-27 17:00:00,Facility_E,Data Center Cooling,"Nuevo Leon, Mexico",22214.71,688.25,27.49,22.12,95.18036141723461,78.69,7.03,NONE
2026-01-27 17:15:00,Facility_C,Refinery & Petrochemicals,"Maharashtra, India",22981.19,901.76,31.82,22.71,98.97458734116582,79.55,7.26,NONE
2026-01-27 17:30:00,Facility_D,PHARMACEUTICALS,"Flanders, Belgium",20548.24,739.54,37.94,21.4,94.05174352669248,75.11,7.2,NONE
2026-01-27 17:45:00,Facility_B,Heavy Manufacturing,"Indiana, USA",27156.74,734.63,25.7,116.78,87.8844132750648,78.06,6.79,SENSOR_TEMP_SPIKE
2026-01-27 18:00:00,Facility_B,Heavy Manufacturing,"Indiana, USA",26677.79,951.32,28.74,22.06,95.35465999355138,70.08,7.39,NONE
2026-01-27 18:15:00,Facility_D,Pharmaceuticals & Healthcare,"Flanders, Belgium",16024.71,573.7,36.95,21.06,94.02813003692077,74.71,7.68,NONE
2026-01-27 18:30:00,facility_c,Refinery & Petrochemicals,"Maharashtra, India",15199.49,771.09,32.31,24.1,95.91251860861483,76.29,7.15,NONE
2026-01-27 18:45:00,Facility_E,Data Center Cooling,"Nuevo Leon, Mexico",23342.01,635.24,21.21,20.28,93.3928806069539,77.04,6.52,NONE
2026-01-27 19:00:00,facility_b,Heavy Manufacturing,"Indiana, USA",29883.62,851.01,21.92,22.82,96.99608132697094,76.7,7.66,NONE
2026-01-27 19:15:00,Facility_A,Food & Beverage Processing,"Illinois, USA",16104.84,683.48,27.62,25.8,95.54596109915721,86.81,7.22,NONE
2026-01-27 19:30:00,Facility_C,Refinery & Petrochemicals,"Maharashtra, India",17189.79,765.9,41.29,22.15,93.89820031330223,74.44,7.36,NONE
2026-01-27 19:45:00,Facility_B,Heavy Manufacturing,"Indiana, USA",23770.96,828.47,27.74,22.9,96.51925381808867,81.92,7.11,NONE
2026-01-27 20:00:00,FAC_A,FOOD & BEV,"Illinois, USA",18356.88,654.18,32.29,22.07,94.26734986797436,78.97,6.64,NONE
2026-01-27 20:15:00,Facility_A,Food & Beverage Processing,"Illinois, USA",20399.78,680.19,33.43,21.56,97.328035162582,78.11,7.51,NONE
2026-01-27 20:30:00,FACILITY_D,Pharmaceuticals & Healthcare,"Flanders, Belgium",20500.81,526.57,34.9,24.68,91.04326674314044,80.51,7.26,NONE
2026-01-27 20:45:00,Facility_C,Refinery & Petrochemicals,"Maharashtra, India",19960.9,940.11,32.53,23.62,96.87338612683938,78.28,7.26,NONE
2026-01-27 21:00:00,facility_c,Refinery & Petrochemicals,"Maharashtra, India",17659.58,758.89,41.58,23.17,93.74997021594709,72.08,7.55,NONE
2026-01-27 21:15:00,Facility_C,Refinery & Petrochemicals,"Maharashtra, India",19178.37,699.03,31.43,20.27,90.83977149079803,77.57,7.72,NONE
2026-01-27 21:30:00,Facility_D,Pharmaceuticals & Healthcare,"Flanders, Belgium",20258.96,600.56,36.97,25.46,94.41609031386203,82.12,7.32,NONE
2026-01-27 21:45:00,Facility_D,Pharmaceuticals & Healthcare,"Flanders, Belgium",21735.77,618.74,40.59,20.66,96.47340659695267,73.43,7.23,NONE
2026-01-27 22:00:00,Facility_A,Food & Beverage Processing,"Illinois, USA",15835.16,712.6,31.64,22.15,88.78550344674018,76.19,7.59,NONE
2026-01-27 22:15:00,Facility_E,Data Center Cooling,"Nuevo Leon, Mexico",21581.8,836.31,28.14,24.63,90.56551030802947,66.98,7.87,NONE
2026-01-27 22:30:00,Facility_B,Heavy Manufacturing,"Indiana, USA",29291.14,723.03,29.15,24.79,92.62322408587826,72.16,7.46,NONE
2026-01-27 22:45:00,Facility_E,Data Center Cooling,"Nuevo Leon, Mexico",23171.62,780.18,307.12,24.93,96.49780581415253,76.09,7.37,CHEMICAL_DOSING_BREACH
2026-01-27 23:00:00,Facility_B,Heavy Manufacturing,"Indiana, USA",129137.6,909.01,23.98,24.72,57.67136531791869,126.2,6.91,PRESSURE_BURST_SURGE
2026-01-27 23:15:00,Facility_B_Unit2,Heavy Manufacturing,"Indiana, USA",25985.21,812.26,32.88,25.27,95.58472718946403,74.76,7.37,NONE
2026-01-27 23:30:00,facility_e,Data Center Cooling,"Nuevo Leon, Mexico",25118.86,677.39,24.13,24.34,94.60503122390504,74.24,7.55,NONE
2026-01-27 23:45:00,Facility_A,Food & Beverage Processing,"Illinois, USA",19087.21,699.05,32.88,29.29,89.78066672575741,69.86,7.36,NONE
2026-01-28 00:00:00,Facility_A,Food & Beverage Processing,"Illinois, USA",23961.18,636.59,31.46,24.92,94.77417212164899,64.71,7.06,NONE
2026-01-28 00:15:00,Facility_D,Pharmaceuticals & Healthcare,"Flanders, Belgium",21590.52,569.53,34.37,26.68,93.29745517162945,76.52,6.77,NONE
2026-01-28 00:30:00,Facility_A,F&B Processing,"Illinois, USA",16866.68,644.92,34.14,27.01,98.10991965465405,77.73,7.25,NONE
2026-01-28 00:45:00,facility_c,Refinery & Petrochemicals,"Maharashtra, India",18715.06,877.53,41.52,27.11,90.34788116588233,64.55,6.76,NONE
2026-01-28 01:00:00,Facility_C,Refinery & Petrochemicals,"Maharashtra, India",19893.55,812.12,32.66,29.88,92.83778348951965,71.35,7.68,NONE
2026-01-28 01:15:00,Facility_E,Data Center Cooling,"Nuevo Leon, Mexico",23729.64,746.13,30.67,28.94,100.0,73.41,7.02,NONE
2026-01-28 01:30:00,Facility_D,Pharmaceuticals & Healthcare,"Flanders, Belgium",20124.0,572.54,37.97,27.97,88.40776125849001,75.18,7.25,NONE
2026-01-28 01:45:00,monterrey_e,Hyperscale Cooling,"Nuevo Leon, Mexico",20317.44,720.14,28.34,28.74,93.40622234665159,79.2,7.56,NONE
2026-01-28 02:00:00,Facility_A,Food & Beverage Processing,"Illinois, USA",19094.02,639.18,33.94,27.93,92.95361571732907,68.07,7.47,NONE
2026-01-28 02:15:00,Facility_A,Food & Beverage Processing,"Illinois, USA",25257.77,676.9,34.11,30.96,91.82647327851794,63.09,7.54,NONE
2026-01-28 02:30:00,Facility_C,Refinery & Petrochemicals,"Maharashtra, India",19006.18,801.19,35.73,31.02,93.18792567781776,83.77,7.55,NONE
2026-01-28 02:45:00,Facility_E,Data Center Cooling,"Nuevo Leon, Mexico",23661.08,750.49,29.81,26.1,ERROR_SENSOR,78.85,7.33,NONE
2026-01-28 03:00:00,Facility_E,Data Center Cooling,"Nuevo Leon, Mexico",18251.81,698.68,25.59,29.26,90.83054410635371,80.4,7.41,NONE
2026-01-28 03:15:00,Facility_D,PHARMACEUTICALS,"Flanders, Belgium",15584.28,656.41,,30.42,94.4815721900035,75.88,7.25,NONE
2026-01-28 03:30:00,Facility_E,Data Center Cooling,"Nuevo Leon, Mexico",21937.49,738.81,30.02,29.34,92.57186659945772,67.42,7.35,NONE
2026-01-28 03:45:00,Facility_E,Data Center Cooling,"Nuevo Leon, Mexico",21668.72,888.67,30.51,28.52,90.25303159907287,75.2,7.14,NONE
2026-01-28 04:00:00,Facility_C,Refinery & Petrochemicals,"Maharashtra, India",94514.75,718.87,,31.29,40.43571699480483,141.87,7.29,PRESSURE_BURST_SURGE
2026-01-28 04:15:00,FACILITY_C,Petrochem / Refining,"Maharashtra, India",17394.46,876.62,33.2,31.41,95.53693452184214,79.48,7.25,NONE
2026-01-28 04:30:00,Facility_B,Heavy Manufacturing,"Indiana, USA",20224.0,845.9,24.24,28.89,92.53609873902981,72.47,7.39,NONE
2026-01-28 04:45:00,Facility_C,Refinery & Petrochemicals,"Maharashtra, India",20415.6,748.43,37.16,30.31,96.49358206681103,73.15,7.33,NONE
2026-01-28 05:00:00,Facility_E,Data Center Cooling,"Nuevo Leon, Mexico",20152.02,737.83,25.21,28.78,95.98244923290471,69.13,7.26,NONE
2026-01-28 05:15:00,Facility_C,Refinery & Petrochemicals,"Maharashtra, India",21120.9,749.6,38.98,29.36,90.13627645967938,66.82,7.72,NONE
2026-01-28 05:30:00,Facility_E,Data Center Cooling,"Nuevo Leon, Mexico",18221.44,806.04,24.3,32.84,100.0,66.41,7.05,NONE
2026-01-28 05:45:00,Facility_E,Data Center Cooling,"Nuevo Leon, Mexico",23057.57,788.48,31.76,29.46,99.86010931527477,74.53,7.01,NONE
2026-01-28 06:00:00,Facility_A,Food & Beverage Processing,"Illinois, USA",18677.83,627.19,38.18,29.31,95.07594715118279,71.88,7.18,NONE
2026-01-28 06:15:00,Facility_C,Refinery & Petrochemicals,"Maharashtra, India",14511.28,823.48,40.96,28.84,88.55526683200425,77.61,6.89,NONE
2026-01-28 06:30:00,Facility_D,Pharmaceuticals & Healthcare,"Flanders, Belgium",21458.41,517.54,32.87,30.91,90.1779542879634,70.82,7.45,NONE
2026-01-28 06:45:00,Facility_C,Refinery & Petrochemicals,"Maharashtra, India",13339.05,904.62,35.68,28.1,90.24481481828211,78.46,7.52,NONE
2026-01-28 07:00:00,Facility_D,Pharmaceuticals & Healthcare,"Flanders, Belgium",21834.1,530.15,38.75,31.13,95.72485600080716,79.07,7.15,NONE
2026-01-28 07:15:00,Facility_D,Pharmaceuticals & Healthcare,"Flanders, Belgium",18462.54,534.28,37.28,31.54,88.20708639916575,78.99,7.03,NONE
2026-01-28 07:30:00,FACILITY_C,refinery,"Maharashtra, India",18132.58,873.65,36.88,30.81,89.72199665505565,69.3,7.61,NONE
2026-01-28 07:45:00,Facility_B,Heavy Manufacturing,"Indiana, USA",23966.72,798.43,32.55,28.2,94.36155242523603,74.19,7.35,NONE
2026-01-28 08:00:00,Facility_C,Petrochem / Refining,"Maharashtra, India",,731.95,30.97,30.83,91.36192258714644,78.36,7.29,NONE
2026-01-28 08:15:00,FACILITY_C,Refinery & Petrochemicals,"Maharashtra, India",16435.71,758.52,33.77,31.64,92.3191993943951,72.76,7.75,NONE
2026-01-28 08:30:00,Facility_C,Refinery & Petrochemicals,"Maharashtra, India",19975.3,906.19,40.79,28.08,96.66784273408035,80.86,7.78,NONE
2026-01-28 08:45:00,Facility_A,Food & Beverage Processing,"Illinois, USA",21547.04,781.98,-5.48,28.0,92.37290457952814,66.51,7.73,CHEMICAL_DOSING_BREACH
2026-01-28 09:00:00,Facility_E,Data Center Cooling,"Nuevo Leon, Mexico",17981.84,831.2,26.42,-17.05,98.70677776691123,78.98,7.41,SENSOR_TEMP_SPIKE
2026-01-28 09:15:00,Facility_C,Refinery & Petrochemicals,"Maharashtra, India",18903.67,715.44,33.77,32.67,100.0,81.03,7.48,NONE
2026-01-28 09:30:00,Fac_D,PHARMACEUTICALS,"Flanders, Belgium",,523.58,34.42,27.94,100.0,82.13,7.56,NONE
2026-01-28 09:45:00,Facility_E,Data Center Cooling,"Nuevo Leon, Mexico",18667.73,816.98,27.5,24.85,94.41872203968403,70.21,7.12,NONE
2026-01-28 10:00:00,Facility_A,Food & Beverage Processing,"Illinois, USA",18684.17,677.47,31.36,28.35,87.49741090288758,80.84,7.07,NONE
2026-01-28 10:15:00,Facility_B,Heavy Manufacturing,"Indiana, USA",22842.52,812.4,28.04,30.9,94.36215504657568,76.55,7.43,NONE
2026-01-28 10:30:00,Facility_D,Pharmaceuticals & Healthcare,"Flanders, Belgium",19238.93,586.62,29.38,129.04,97.2192355538277,91.74,7.01,SENSOR_TEMP_SPIKE
2026-01-28 10:45:00,Facility_A,Food & Beverage Processing,"Illinois, USA",20240.97,616.48,34.12,25.25,ERROR_SENSOR,73.85,7.65,NONE
2026-01-28 11:00:00,Facility_B,Heavy Manufacturing,"Indiana, USA",22456.38,895.72,28.58,28.03,96.56666468699245,68.23,7.58,NONE
2026-01-28 11:15:00,Facility_B,Heavy Manufacturing,"Indiana, USA",,932.05,29.91,26.9,91.61191689890937,77.7,7.7,NONE
2026-01-28 11:30:00,Facility_B_Unit2,heavy mfg,"Indiana, USA",24140.93,744.83,31.42,24.41,89.32236019973449,69.22,7.23,NONE
2026-01-28 11:45:00,Facility_A,Food & Beverage Processing,"Illinois, USA",16173.99,574.76,26.73,27.92,89.43105896919434,72.47,7.9,NONE
2026-01-28 12:00:00,Facility_A,Food & Beverage Processing,"Illinois, USA",19149.33,737.42,27.53,30.39,91.76785763475702,72.97,7.72,NONE
2026-01-28 12:15:00,Facility_C,Refinery & Petrochemicals,"Maharashtra, India",18416.42,780.72,34.32,25.74,94.6856064346499,76.49,7.17,NONE
2026-01-28 12:30:00,Facility_C,Refinery & Petrochemicals,"Maharashtra, India",17096.24,729.67,29.61,23.12,94.4509348711197,78.22,7.59,NONE
2026-01-28 12:45:00,Facility_C,Refinery & Petrochemicals,"Maharashtra, India",95396.22,757.96,30.87,25.98,57.946874603059435,125.69,7.34,PRESSURE_BURST_SURGE
2026-01-28 13:00:00,FAC_A,FOOD & BEV,"Illinois, USA",14047.16,754.23,26.35,24.64,84.44501662749612,76.55,7.14,NONE
2026-01-28 13:15:00,Facility_A,Food and Beverage,"Illinois, USA",18107.66,719.46,23.22,25.33,95.57438893877571,74.78,7.24,NONE
2026-01-28 13:30:00, Facility_A ,Food & Beverage Processing,"Illinois, USA",19358.13,707.62,34.69,27.23,92.18533303496906,75.04,7.16,NONE
2026-01-28 13:45:00,Facility_E,Data Center Cooling,"Nuevo Leon, Mexico",,784.51,27.8,25.67,93.51021711485777,73.78,7.1,NONE
2026-01-28 14:00:00,facility_c,Refinery & Petrochemicals,"Maharashtra, India",19215.51,732.1,39.15,22.98,--,72.83,7.42,NONE
2026-01-28 14:15:00,Facility_B,heavy mfg,"Indiana, USA",25609.57,771.29,33.09,22.68,95.55623772529492,66.36,7.27,NONE
2026-01-28 14:30:00,Facility_D,Pharmaceuticals & Healthcare,"Flanders, Belgium",22153.98,553.33,37.91,26.95,93.04296624652987,75.17,7.52,NONE
2026-01-28 14:45:00, Facility_A ,Food & Beverage Processing,"Illinois, USA",16073.76,678.38,32.05,20.99,97.88337454461629,77.4,7.52,NONE
2026-01-28 15:00:00,antwerp_hub_d,Pharmaceuticals & Healthcare,"Flanders, Belgium",21684.08,610.15,36.53,20.73,91.32012191465259,71.06,7.52,NONE
2026-01-28 15:15:00,Facility_C,refinery,"Maharashtra, India",19009.76,655.36,39.13,25.89,98.22172465333955,68.92,7.44,NONE
2026-01-28 15:30:00,FACILITY_B,Mfg Heavy,"Indiana, USA",22675.49,1002.89,28.63,125.49,91.7265121514021,75.5,7.49,SENSOR_TEMP_SPIKE
2026-01-28 15:45:00,Facility_A,Food & Beverage Processing,"Illinois, USA",15453.42,812.02,38.68,23.0,96.24210258618986,71.41,7.22,NONE
2026-01-28 16:00:00,monterrey_e,Data Center Cooling,"Nuevo Leon, Mexico",25081.26,694.57,29.33,21.4,91.40206301809242,71.73,7.76,NONE
2026-01-28 16:15:00,Fac_D,Pharmaceuticals & Healthcare,"Flanders, Belgium",19873.07,616.9,29.91,22.97,92.27601708779831,76.22,8.02,NONE
2026-01-28 16:30:00,Facility_C,Refinery & Petrochemicals,"Maharashtra, India",13426.16,808.04,44.76,21.89,,77.04,6.75,NONE
2026-01-28 16:45:00,Facility_A,food & beverage,"Illinois, USA",19878.3,656.38,40.1,22.34,91.2269112426589,77.81,7.49,NONE
2026-01-28 17:00:00,Facility_C,Refinery & Petrochemicals,"Maharashtra, India",20851.13,925.44,33.04,25.73,99.50783371507028,70.54,7.16,NONE
2026-01-28 17:15:00,Facility_E,DATA_CENTER_COOLING,"Nuevo Leon, Mexico",21219.57,735.02,,21.02,94.2829082549261,70.56,7.38,NONE
2026-01-28 17:30:00,Facility_C,Petrochem / Refining,"Maharashtra, India",23665.61,918.65,37.09,23.67,95.00876857103668,72.63,7.89,NONE
2026-01-28 17:45:00,facility_e,Data Center Cooling,"Nuevo Leon, Mexico",24441.1,767.58,27.59,22.24,94.58407943647875,73.84,7.67,NONE
2026-01-28 18:00:00,Facility_A,Food & Beverage Processing,"Illinois, USA",20370.3,645.0,26.68,24.28,89.79972192151442,72.43,7.23,NONE
2026-01-28 18:15:00,Facility_B,Heavy Manufacturing,"Indiana, USA",21957.11,866.06,27.98,21.36,100.0,63.06,7.11,NONE
2026-01-28 18:30:00,Facility_C,Refinery & Petrochemicals,"Maharashtra, India",17523.99,671.45,,26.58,91.3097296338736,79.71,7.52,NONE
2026-01-28 18:45:00,Facility_B,Heavy Manufacturing,"Indiana, USA",30915.34,830.99,30.31,25.1,97.49870378635879,74.68,7.09,NONE
2026-01-28 19:00:00,FACILITY_B,Heavy Manufacturing,"Indiana, USA",23427.56,684.67,31.81,23.02,94.425644032693,73.89,7.03,NONE
2026-01-28 19:15:00,Facility_C,refinery,"Maharashtra, India",,824.03,,22.66,91.42528422717199,73.03,7.03,NONE
2026-01-28 19:30:00,Facility_D,Pharmaceuticals & Healthcare,"Flanders, Belgium",18116.55,661.6,35.39,21.58,91.52202393869311,73.14,7.85,NONE
2026-01-28 19:45:00,FAC_A,Food & Beverage Processing,"Illinois, USA",22512.36,702.77,28.8,19.74,90.58378475052136,65.11,7.56,NONE
2026-01-28 20:00:00,facility_a,Food & Beverage Processing,"Illinois, USA",22350.22,686.25,33.11,21.08,87.29236486782092,74.25,7.46,NONE
2026-01-28 20:15:00,Facility_D,Pharmaceuticals & Healthcare,"Flanders, Belgium",22546.6,686.4,36.33,24.82,94.50828874710264,74.01,7.34,NONE
2026-01-28 20:30:00,Facility_D,Pharmaceuticals & Healthcare,"Flanders, Belgium",18393.4,563.2,44.46,23.71,99.07395718844813,69.96,6.56,NONE
2026-01-28 20:45:00,Facility_A,Food & Beverage Processing,"Illinois, USA",18192.99,653.39,25.23,25.83,89.22354646936508,76.62,7.91,NONE
2026-01-28 21:00:00,FAC_A,Food & Beverage Processing,"Illinois, USA",16604.9,696.53,37.18,22.92,94.56364636497747,76.88,7.4,NONE
2026-01-28 21:15:00,Facility_A,Food & Beverage Processing,"Illinois, USA",18226.7,657.32,26.9,24.94,91.39476527780042,79.38,7.79,NONE
2026-01-28 21:30:00,Facility_A,Food & Beverage Processing,"Illinois, USA",16588.96,765.63,40.15,22.53,97.34205423756563,76.53,7.62,NONE
2026-01-28 21:45:00,Facility_E,Data Center Cooling,"Nuevo Leon, Mexico",19184.79,892.89,25.69,25.43,93.29764616554414,76.41,7.07,NONE
2026-01-28 22:00:00,FACILITY_A,Food & Beverage Processing,"Illinois, USA",16425.87,733.47,,23.78,95.24341869580704,67.27,7.69,NONE
2026-01-28 22:15:00,Facility_E,Data Center Cooling,"Nuevo Leon, Mexico",21402.61,807.21,30.71,25.78,89.66493666048383,79.24,7.43,NONE
2026-01-28 22:30:00,Facility_B,HEAVY_MANUFACTURING,"Indiana, USA",24319.99,829.48,,25.29,95.41117469040601,81.44,7.06,NONE
2026-01-28 22:45:00,Facility_E,Data Center Cooling,"Nuevo Leon, Mexico",22999.7,741.95,33.3,28.14,94.12759201724238,76.79,7.69,NONE
2026-01-28 23:00:00,Facility_C,REFINERY_PETRO,"Maharashtra, India",21082.26,874.65,34.25,24.53,89.86424244311836,73.12,7.33,NONE
2026-01-28 23:15:00,Facility_C,Refinery & Petrochemicals,"Maharashtra, India",18502.57,815.25,37.68,25.6,94.60966688928288,77.72,7.13,NONE
2026-01-28 23:30:00,Facility_D,Pharmaceuticals & Healthcare,"Flanders, Belgium",20815.27,534.21,,26.28,93.70512567055509,65.95,7.53,NONE
2026-01-28 23:45:00,Facility_B,Heavy Manufacturing,"Indiana, USA",26084.18,854.63,28.11,27.36,96.14150893438443,76.18,7.72,NONE
2026-01-29 00:00:00,Facility_A,Food & Beverage Processing,"Illinois, USA",17600.3,670.73,33.21,27.69,95.15342570920411,68.21,7.01,NONE
2026-01-29 00:15:00,Facility_A,Food & Beverage Processing,"Illinois, USA",18835.85,585.42,32.6,26.63,90.57372162729209,71.52,7.38,NONE
2026-01-29 00:30:00,FAC-B,Heavy Manufacturing,"Indiana, USA",21167.84,789.31,27.39,112.59,null,80.12,7.62,SENSOR_TEMP_SPIKE
2026-01-29 00:45:00,Facility_B,Mfg Heavy,"Indiana, USA",23799.62,943.08,,27.43,92.5142282461738,79.39,7.62,NONE
2026-01-29 01:00:00,Facility_E,Hyperscale Cooling,"Nuevo Leon, Mexico",17382.67,839.75,18.7,28.64,95.74656154835205,81.58,7.41,NONE
2026-01-29 01:15:00,Facility_C,Refinery & Petrochemicals,"Maharashtra, India",17325.89,698.65,41.63,30.84,92.06487926083547,74.1,7.73,NONE
2026-01-29 01:30:00,Facility_D,Pharmaceuticals & Healthcare,"Flanders, Belgium",20446.54,558.37,34.31,26.52,96.55073556135156,72.35,7.24,NONE
2026-01-29 01:45:00,Facility_A,Food and Beverage,"Illinois, USA",20677.45,718.75,33.14,27.69,92.33004377921898,70.7,7.55,NONE
2026-01-29 02:00:00,Facility_C,refinery,"Maharashtra, India",19019.16,799.78,31.22,29.75,94.49865457210959,77.29,7.45,NONE
2026-01-29 02:15:00,FACILITY_E,Data Center Cooling,"Nuevo Leon, Mexico",21824.19,613.49,33.28,26.35,96.81864093832503,73.67,6.9,NONE
2026-01-29 02:30:00,Facility_D,PHARMACEUTICALS,"Flanders, Belgium",18525.52,483.64,42.15,28.01,90.16820868744226,76.97,7.34,NONE
2026-01-29 02:45:00,Facility_D,Pharmaceuticals & Healthcare,"Flanders, Belgium",19887.44,562.52,42.36,28.41,88.45715670861597,69.08,7.47,NONE
2026-01-29 03:00:00,Facility_D,Pharmaceuticals & Healthcare,"Flanders, Belgium",17241.4,642.02,32.58,31.16,92.11424219283721,79.88,7.49,NONE
2026-01-29 03:15:00,Facility_A,Food & Beverage Processing,"Illinois, USA",19707.99,760.37,,29.42,87.49360791517583,79.4,7.27,NONE
2026-01-29 03:30:00,Facility_A,Food & Beverage Processing,"Illinois, USA",25180.36,670.03,29.9,31.01,95.93706512680761,75.9,7.19,NONE
2026-01-29 03:45:00,Facility_C,Refinery & Petrochemicals,"Maharashtra, India",16205.84,724.39,29.13,33.54,90.22120493267595,72.68,7.54,NONE
2026-01-29 04:00:00,Facility_D,Pharmaceuticals & Healthcare,"Flanders, Belgium",18730.73,535.35,36.88,28.87,92.68573804904018,75.76,7.06,NONE
2026-01-29 04:15:00,Facility_E,Data Center Cooling,"Nuevo Leon, Mexico",23835.68,755.45,26.05,29.52,97.23584133720531,77.68,7.42,NONE
2026-01-29 04:30:00,Facility_C,Refinery & Petrochemicals,"Maharashtra, India",17470.39,821.15,35.56,33.34,93.37985613464323,81.58,7.4,NONE
2026-01-29 04:45:00,Facility_B,HEAVY_MANUFACTURING,"Indiana, USA",,1116.92,22.42,26.73,86.86084536920785,86.33,7.94,NONE
2026-01-29 05:00:00,Facility_B,Heavy Manufacturing,"Indiana, USA",26235.69,876.47,29.55,27.18,98.1682481493712,79.98,7.01,NONE
2026-01-29 05:15:00,Facility_A,Food & Beverage Processing,"Illinois, USA",20015.84,707.77,30.61,29.2,93.14056602495498,71.63,7.65,NONE
2026-01-29 05:30:00,Facility_A,food & beverage,"Illinois, USA",19199.11,663.62,31.39,30.21,92.91316805192669,77.05,7.27,NONE
2026-01-29 05:45:00,pune_fac_c,Petrochem / Refining,"Maharashtra, India",17536.79,671.32,35.46,32.73,93.10380952055081,71.74,7.14,NONE
2026-01-29 06:00:00,Facility_C,Refinery & Petrochemicals,"Maharashtra, India",14932.44,868.41,37.54,31.89,94.30342259512622,70.38,7.26,NONE
2026-01-29 06:15:00,Facility_E,Data Center Cooling,"Nuevo Leon, Mexico",19832.63,718.74,26.77,32.48,99.96948795569364,70.07,7.3,NONE
2026-01-29 06:30:00,Facility_D,Pharmaceuticals & Healthcare,"Flanders, Belgium",19205.95,513.21,37.72,31.1,93.25036387767584,76.82,7.35,NONE
2026-01-29 06:45:00,Facility_A,Food & Beverage Processing,"Illinois, USA",12638.46,644.52,37.52,31.36,84.37626301681075,67.2,7.55,NONE
2026-01-29 07:00:00,Facility_D,Pharmaceuticals & Healthcare,"Flanders, Belgium",17424.8,415.24,41.95,31.67,90.84620019342152,79.6,7.13,NONE
2026-01-29 07:15:00,Facility_A,Food & Beverage Processing,"Illinois, USA",17823.12,678.37,23.54,31.03,95.16433626393007,71.94,7.55,NONE
2026-01-29 07:30:00,Facility_E,Data Center Cooling,"Nuevo Leon, Mexico",17071.27,801.46,29.87,28.95,94.82516949533361,70.03,7.66,NONE
2026-01-29 07:45:00,Facility_D,Pharmaceuticals & Healthcare,"Flanders, Belgium",,589.69,35.56,31.48,97.35187371326431,81.23,7.2,NONE
2026-01-29 08:00:00,Facility_D,Pharmaceuticals & Healthcare,"Flanders, Belgium",20557.66,648.4,36.48,32.49,94.00836695398341,69.42,7.15,NONE
2026-01-29 08:15:00,Facility_E,Data Center Cooling,"Nuevo Leon, Mexico",,747.08,27.83,30.16,97.85744678378344,73.93,7.28,NONE
2026-01-29 08:30:00,Facility_A,Food & Beverage Processing,"Illinois, USA",18801.83,580.86,,29.4,93.75706163686152,73.1,7.39,NONE
2026-01-29 08:45:00,Facility_A,Food & Beverage Processing,"Illinois, USA",16230.79,712.92,28.96,29.57,90.25212027766821,76.15,7.36,NONE
2026-01-29 09:00:00,Facility_E,Data Center Cooling,"Nuevo Leon, Mexico",17819.85,820.98,26.34,28.68,96.05429425142611,78.83,7.22,NONE
2026-01-29 09:15:00,FAC-B,Heavy Manufacturing,"Indiana, USA",26135.02,897.29,33.81,29.3,95.00955652632135,69.89,6.93,NONE
2026-01-29 09:30:00,Facility_A,Food & Beverage Processing,"Illinois, USA",20545.68,655.47,27.62,30.09,93.02816349510233,75.02,6.99,NONE
2026-01-29 09:45:00, Facility_A ,Food & Beverage Processing,"Illinois, USA",17157.0,829.26,28.74,28.36,94.25956161750818,69.19,7.73,NONE
2026-01-29 10:00:00,facility_b,Heavy Manufacturing,"Indiana, USA",283.04,2754.73,32.99,30.14,48.99261297346342,72.03,7.96,BROWNOUT_WATER_STALL
2026-01-29 10:15:00,Facility_D,Pharmaceuticals & Healthcare,"Flanders, Belgium",86643.98,544.43,30.51,30.96,51.02316050065657,121.44,7.23,PRESSURE_BURST_SURGE
2026-01-29 10:30:00,Facility_A,Food & Beverage Processing,"Illinois, USA",23517.58,694.34,35.41,27.67,93.57864685527406,79.07,7.41,NONE
2026-01-29 10:45:00,facility_b,Heavy Manufacturing,"Indiana, USA",30412.99,774.2,23.04,24.64,97.5158903316106,78.06,7.28,NONE
2026-01-29 11:00:00,Facility_A,FOOD & BEV,"Illinois, USA",19953.59,789.25,30.7,24.37,87.9086228203764,69.07,7.38,NONE
2026-01-29 11:15:00,Facility_C,Refinery & Petrochemicals,"Maharashtra, India",16699.64,857.3,30.15,26.03,87.67167933074515,72.0,7.35,NONE
2026-01-29 11:30:00,Facility_B,Heavy Manufacturing,"Indiana, USA",29125.45,850.08,31.61,28.83,,69.97,7.46,NONE
2026-01-29 11:45:00,Facility_D,Pharmaceuticals & Healthcare,"Flanders, Belgium",22061.03,551.08,39.83,27.71,92.31927471515722,78.22,7.24,NONE
2026-01-29 12:00:00,Facility_C,Refinery & Petrochemicals,"Maharashtra, India",19850.55,758.4,35.68,28.18,87.26970049363769,76.78,7.55,NONE
2026-01-29 12:15:00,Facility_C,Refinery & Petrochemicals,"Maharashtra, India",17528.16,774.56,31.4,24.8,94.36706111757034,85.81,7.54,NONE
2026-01-29 12:30:00,Facility_C,REFINERY_PETRO,"Maharashtra, India",16910.45,837.28,37.94,-28.13,92.48918078448199,73.36,7.38,SENSOR_TEMP_SPIKE
2026-01-29 12:45:00,Facility_B,Heavy Manufacturing,"Indiana, USA",25692.47,812.69,27.38,27.81,91.26800259066604,72.9,7.25,NONE
2026-01-29 13:00:00,Facility_B,Heavy Manufacturing,"Indiana, USA",30702.61,895.87,24.58,26.18,90.2628133378782,75.17,7.73,NONE
2026-01-29 13:15:00,Facility_D,Pharmaceuticals & Healthcare,"Flanders, Belgium",14324.56,511.63,38.15,24.5,94.18461536345274,73.63,6.88,NONE
2026-01-29 13:30:00,FACILITY_E,Data Center Cooling,"Nuevo Leon, Mexico",22674.86,649.89,29.36,24.15,100.0,73.46,7.45,NONE
2026-01-29 13:45:00,Facility_E,Data Center Cooling,"Nuevo Leon, Mexico",22502.65,775.32,28.39,22.95,93.14221029652552,65.6,7.49,NONE
2026-01-29 14:00:00,Facility_C,Refinery & Petrochemicals,"Maharashtra, India",25425.09,790.73,36.93,21.71,90.88892876228205,78.03,6.94,NONE
2026-01-29 14:15:00,Facility_A,Food and Beverage,"Illinois, USA",17580.23,753.49,34.9,24.08,93.89263381998354,74.54,7.0,NONE
2026-01-29 14:30:00,Facility_E,Data Center Cooling,"Nuevo Leon, Mexico",20914.32,768.14,28.13,20.6,98.41406731206679,69.08,7.37,NONE
2026-01-29 14:45:00,Facility_C,Refinery & Petrochemicals,"Maharashtra, India",19554.0,741.66,36.53,22.47,100.0,72.83,7.6,NONE
2026-01-29 15:00:00,Facility_C,Refinery & Petrochemicals,"Maharashtra, India",16358.49,833.04,32.49,21.16,90.0917331755202,70.18,7.38,NONE
2026-01-29 15:15:00,Facility_C,Refinery & Petrochemicals,"Maharashtra, India",25324.1,989.56,34.15,25.22,89.48791336901907,64.53,7.36,NONE
2026-01-29 15:30:00,Facility_E,Data Center Cooling,"Nuevo Leon, Mexico",22483.21,808.74,-3.31,22.73,93.73053259515562,77.7,7.68,CHEMICAL_DOSING_BREACH
2026-01-29 15:45:00,facility_b,Heavy Manufacturing,"Indiana, USA",22982.6,852.39,25.89,23.18,95.19513569287561,70.58,7.01,NONE
2026-01-29 16:00:00,Facility_D,Pharmaceuticals & Healthcare,"Flanders, Belgium",23345.31,579.67,41.44,23.41,96.86101569931834,74.36,7.51,NONE
2026-01-29 16:15:00,Facility_E,Data Center Cooling,"Nuevo Leon, Mexico",18290.67,617.62,,20.35,86.72565836528541,75.36,6.85,NONE
2026-01-29 16:30:00,Facility_E,Data Center Cooling,"Nuevo Leon, Mexico",23504.12,858.09,22.44,23.32,99.44538926515662,71.88,7.52,NONE
2026-01-29 16:45:00,Facility_B,Heavy Manufacturing,"Indiana, USA",33195.56,699.12,190.83,23.73,100.0,70.8,8.03,CHEMICAL_DOSING_BREACH
2026-01-29 17:00:00,Facility_C,Refinery & Petrochemicals,"Maharashtra, India",19125.12,624.14,42.18,21.8,94.93528089149453,66.53,7.14,NONE
2026-01-29 17:15:00,Facility_C,REFINERY_PETRO,"Maharashtra, India",15445.21,652.45,35.91,23.6,91.75037392636143,67.53,6.99,NONE
2026-01-29 17:30:00,facility_c,Refinery & Petrochemicals,"Maharashtra, India",19666.6,785.6,37.13,25.34,95.34111855097986,75.84,8.01,NONE
2026-01-29 17:45:00,Facility_B,Heavy Manufacturing,"Indiana, USA",24939.6,1040.23,34.48,21.97,96.07548429174875,73.03,6.95,NONE
2026-01-29 18:00:00,FACILITY_B,Heavy Manufacturing,"Indiana, USA",25765.12,716.76,29.48,23.94,92.80589921665772,75.04,7.41,NONE
2026-01-29 18:15:00,Facility_D,PHARMACEUTICALS,"Flanders, Belgium",20615.65,574.09,36.18,23.95,94.00738619433388,64.39,7.25,NONE
2026-01-29 18:30:00,Facility_E,Data Center Cooling,"Nuevo Leon, Mexico",19790.52,761.06,28.67,19.02,null,69.71,7.37,NONE
2026-01-29 18:45:00,Facility_A,Food & Beverage Processing,"Illinois, USA",21745.25,598.66,255.15,22.49,90.51952320318095,74.39,7.53,CHEMICAL_DOSING_BREACH
2026-01-29 19:00:00,Facility_E,DATA_CENTER_COOLING,"Nuevo Leon, Mexico",20810.04,663.82,27.91,23.46,98.0239776152411,81.4,7.19,NONE
2026-01-29 19:15:00,Facility_D,Pharmaceuticals & Healthcare,"Flanders, Belgium",17308.46,571.3,35.22,24.9,93.8222103643517,74.25,7.53,NONE
2026-01-29 19:30:00,Facility_A,Food & Beverage Processing,"Illinois, USA",,734.76,32.61,22.54,,81.92,7.1,NONE
2026-01-29 19:45:00,Facility_C,Refinery & Petrochemicals,"Maharashtra, India",22564.3,803.53,32.97,23.91,96.01493147809205,81.73,6.98,NONE
2026-01-29 20:00:00,Facility_E,DATA_CENTER_COOLING,"Nuevo Leon, Mexico",20745.51,853.29,31.64,23.91,98.23116048367562,73.19,6.68,NONE
2026-01-29 20:15:00,monterrey_e,Data Center Cooling,"Nuevo Leon, Mexico",20172.0,900.88,-7.61,21.66,97.76921429784707,77.8,7.39,CHEMICAL_DOSING_BREACH
2026-01-29 20:30:00,Facility_E,Data Center Cooling,"Nuevo Leon, Mexico",22581.55,673.71,26.98,23.21,97.01735135152101,71.53,7.34,NONE
2026-01-29 20:45:00,Facility_D,Pharmaceuticals & Healthcare,"Flanders, Belgium",21955.87,712.63,33.84,23.74,88.6745506743099,73.93,7.27,NONE
2026-01-29 21:00:00,Facility_A,Food & Beverage Processing,"Illinois, USA",22154.84,629.37,26.0,26.41,91.47397692886273,74.89,7.43,NONE
2026-01-29 21:15:00,Facility_A_Line1,Food & Beverage Processing,"Illinois, USA",17443.07,656.94,36.23,25.08,93.44980012877292,73.38,7.44,NONE
2026-01-29 21:30:00,Facility_B,Heavy Manufacturing,"Indiana, USA",26972.83,945.94,28.41,24.86,95.79817214457178,77.31,7.76,NONE
2026-01-29 21:45:00,Facility_E,Data Center Cooling,"Nuevo Leon, Mexico",96.4,2798.66,27.0,25.43,52.805937647544205,84.29,7.35,BROWNOUT_WATER_STALL
2026-01-29 22:00:00,Facility_D,Pharmaceuticals & Healthcare,"Flanders, Belgium",,501.77,36.59,23.89,,64.07,7.14,NONE
2026-01-29 22:15:00,Facility_E,Data Center Cooling,"Nuevo Leon, Mexico",19262.99,839.03,23.82,25.14,93.0899890738567,78.69,7.52,NONE
2026-01-29 22:30:00,Facility_C,Refinery & Petrochemicals,"Maharashtra, India",19100.92,733.9,27.72,99.93,95.19756735529559,66.91,7.0,SENSOR_TEMP_SPIKE
2026-01-29 22:45:00,Facility_B,Heavy Manufacturing,"Indiana, USA",26570.91,791.78,20.79,27.69,89.34040189642096,76.44,7.34,NONE
2026-01-29 23:00:00,Facility_C,Refinery & Petrochemicals,"Maharashtra, India",21740.5,715.44,35.76,22.41,87.29671412179279,76.68,6.85,NONE
2026-01-29 23:15:00,Facility_B,Heavy Manufacturing,"Indiana, USA",25083.71,924.95,,24.52,88.41678996349384,76.29,7.73,NONE
2026-01-29 23:30:00,Facility_E,Data Center Cooling,"Nuevo Leon, Mexico",19423.21,689.75,26.3,27.01,97.43125634052772,68.42,6.93,NONE
2026-01-29 23:45:00,FACILITY_B,Heavy Manufacturing,"Indiana, USA",33031.82,825.1,29.56,24.99,95.06787939024869,78.32,7.43,NONE
2026-01-30 00:00:00,monterrey_e,DATA_CENTER_COOLING,"Nuevo Leon, Mexico",25507.85,725.49,27.4,26.92,94.98787726561952,75.03,6.99,NONE
2026-01-30 00:15:00,Facility_C,Refinery & Petrochemicals,"Maharashtra, India",19533.05,747.93,33.06,26.82,90.42312740054652,68.89,6.62,NONE
2026-01-30 00:30:00,Facility_A_Line1,Food & Beverage Processing,"Illinois, USA",23301.84,752.62,31.01,25.82,84.29669669745147,70.72,7.55,NONE
2026-01-30 00:45:00,Facility_A,Food & Beverage Processing,"Illinois, USA",21440.89,758.8,32.17,29.63,92.44868088931668,78.88,7.24,NONE
2026-01-30 01:00:00,Facility_D,Pharmaceuticals & Healthcare,"Flanders, Belgium",16739.71,511.77,33.03,28.72,91.12321417248936,69.35,7.55,NONE
2026-01-30 01:15:00,Facility_B_Unit2,Heavy Manufacturing,"Indiana, USA",26805.0,920.86,30.65,26.43,93.74352773269948,74.56,7.09,NONE
2026-01-30 01:30:00,FACILITY_C,Refinery & Petrochemicals,"Maharashtra, India",16331.39,724.11,44.05,27.29,97.44517373243748,71.89,7.6,NONE
2026-01-30 01:45:00,antwerp_hub_d,Healthcare & Pharma,"Flanders, Belgium",20746.25,623.2,39.13,30.75,94.71073270192873,81.71,6.9,NONE
2026-01-30 02:00:00,Facility_C,Refinery & Petrochemicals,"Maharashtra, India",19613.86,799.01,31.57,29.54,88.73173543815483,71.06,6.79,NONE
2026-01-30 02:15:00,Facility_C,Refinery & Petrochemicals,"Maharashtra, India",22348.31,759.01,44.6,30.17,94.93391428272328,71.36,7.06,NONE
2026-01-30 02:30:00,Facility_A,Food & Beverage Processing,"Illinois, USA",293.51,1892.85,25.88,26.2,59.14401745898064,82.19,7.97,BROWNOUT_WATER_STALL
2026-01-30 02:45:00,Facility_C,Refinery & Petrochemicals,"Maharashtra, India",19290.12,682.18,32.93,28.88,96.10460343847623,72.87,7.37,NONE
2026-01-30 03:00:00,Facility_A,Food & Beverage Processing,"Illinois, USA",22153.16,688.85,37.69,26.44,92.24319539854874,67.86,7.38,NONE
2026-01-30 03:15:00,Facility_E,Data Center Cooling,"Nuevo Leon, Mexico",23001.51,737.91,26.51,27.06,98.88027171570108,73.9,7.22,NONE
2026-01-30 03:30:00,Fac_D,Pharmaceuticals & Healthcare,"Flanders, Belgium",22228.89,548.97,33.68,28.39,90.75683214213258,69.2,7.16,NONE
2026-01-30 03:45:00,Facility_B,Heavy Manufacturing,"Indiana, USA",33263.79,743.41,22.23,30.33,93.25690758699315,76.97,7.19,NONE
2026-01-30 04:00:00,Facility_B,Heavy Manufacturing,"Indiana, USA",23102.12,980.59,21.73,30.61,95.70896936989419,77.7,7.27,NONE
2026-01-30 04:15:00,Facility_C,Refinery & Petrochemicals,"Maharashtra, India",16006.97,893.51,33.63,32.84,94.67783662902745,71.82,7.46,NONE
2026-01-30 04:30:00,Facility_B,Heavy Manufacturing,"Indiana, USA",29351.5,846.9,25.4,26.98,92.1423780067287,77.63,7.07,NONE
2026-01-30 04:45:00,Facility_A,Food & Beverage Processing,"Illinois, USA",20837.55,715.01,34.63,26.08,88.95492757515049,71.92,7.87,NONE
2026-01-30 05:00:00,Facility_B,Heavy Manufacturing,"Indiana, USA",23455.69,829.35,37.53,31.14,96.2508163019614,71.11,7.68,NONE
2026-01-30 05:15:00,monterrey_e,Data Center Cooling,"Nuevo Leon, Mexico",24471.09,787.62,28.14,94.7,88.29780526528432,78.9,7.11,SENSOR_TEMP_SPIKE
2026-01-30 05:30:00,FACILITY_D,Pharmaceuticals & Healthcare,"Flanders, Belgium",18093.19,643.97,42.11,27.55,90.46854872859605,76.88,6.86,NONE
2026-01-30 05:45:00,FACILITY_A,Food & Beverage Processing,"Illinois, USA",22543.9,721.41,37.43,29.15,91.40025072770388,78.65,7.27,NONE
2026-01-30 06:00:00,facility_e,Data Center Cooling,"Nuevo Leon, Mexico",17957.99,792.11,21.81,33.1,94.08946701648365,70.0,7.67,NONE
2026-01-30 06:15:00,Facility_B,Heavy Mfg.,"Indiana, USA",29388.59,840.31,38.06,34.55,94.53471570017071,78.79,7.72,NONE
2026-01-30 06:30:00,Facility_B_Unit2,Heavy Manufacturing,"Indiana, USA",22277.64,864.08,25.64,98.27,93.88914180662229,74.89,6.9,SENSOR_TEMP_SPIKE
2026-01-30 06:45:00,Facility_B,Heavy Manufacturing,"Indiana, USA",26853.73,818.92,34.37,32.52,90.7607728449722,79.91,7.5,NONE
2026-01-30 07:00:00,Facility_A,Food & Beverage Processing,"Illinois, USA",18758.43,676.48,26.68,28.17,ERROR_SENSOR,74.09,6.77,NONE
2026-01-30 07:15:00,Facility_B,Heavy Manufacturing,"Indiana, USA",23108.31,895.18,34.77,28.22,95.45074472688444,72.61,7.21,NONE
2026-01-30 07:30:00,Facility_D,PHARMACEUTICALS,"Flanders, Belgium",19066.43,531.74,37.15,30.32,97.21385976609494,80.2,7.18,NONE
2026-01-30 07:45:00,pune_fac_c,Refinery & Petrochemicals,"Maharashtra, India",18217.14,839.49,34.74,31.37,96.38703905857304,78.59,7.37,NONE
2026-01-30 08:00:00,Facility_B,Heavy Manufacturing,"Indiana, USA",22189.27,825.9,26.37,31.36,98.38150534941839,80.99,7.6,NONE
2026-01-30 08:15:00,Facility_A,Food & Beverage Processing,"Illinois, USA",17102.2,813.04,33.29,28.34,96.25816817150955,73.01,6.8,NONE
2026-01-30 08:30:00,Facility_B,Heavy Manufacturing,"Indiana, USA",22756.21,834.51,28.06,27.76,95.90343270253265,76.34,6.95,NONE
2026-01-30 08:45:00,Fac_D,Pharmaceuticals & Healthcare,"Flanders, Belgium",24634.33,499.89,35.58,30.18,92.04543407547622,80.54,7.3,NONE
2026-01-30 09:00:00,Facility_A,Food & Beverage Processing,"Illinois, USA",17132.39,756.82,19.32,30.29,97.62775952298763,63.62,7.24,NONE
2026-01-30 09:15:00,Facility_C,Refinery & Petrochemicals,"Maharashtra, India",15107.89,778.02,44.92,29.55,92.80049105178388,61.29,7.04,NONE
2026-01-30 09:30:00,Facility_A,Food & Beverage Processing,"Illinois, USA",18955.52,719.64,32.94,30.32,90.60186132589115,74.18,7.21,NONE
2026-01-30 09:45:00,FACILITY_B,Heavy Manufacturing,"Indiana, USA",22886.01,766.76,30.77,24.11,87.56377573528621,88.25,7.16,NONE
2026-01-30 10:00:00,FACILITY_D,Pharmaceuticals & Healthcare,"Flanders, Belgium",22018.48,565.32,35.14,29.68,93.75789723513802,73.19,7.34,NONE
2026-01-30 10:15:00,Facility_C,Refinery & Petrochemicals,"Maharashtra, India",19717.22,723.53,-9.46,26.51,89.63614181940223,82.33,7.1,CHEMICAL_DOSING_BREACH
2026-01-30 10:30:00,Facility_B,Heavy Manufacturing,"Indiana, USA",28880.45,810.11,30.77,28.03,87.76790621783535,74.13,7.52,NONE
2026-01-30 10:45:00,facility_c,Refinery & Petrochemicals,"Maharashtra, India",16669.47,957.4,38.91,-26.63,96.46694943104403,63.5,7.55,SENSOR_TEMP_SPIKE
2026-01-30 11:00:00,FACILITY_C,Refinery & Petrochemicals,"Maharashtra, India",18233.28,690.34,30.41,25.14,92.21862015471872,69.19,7.31,NONE
2026-01-30 11:15:00,Facility_A,Food & Beverage Processing,"Illinois, USA",19734.42,590.38,28.29,26.24,91.556760846805,74.08,7.38,NONE
2026-01-30 11:30:00,Facility_D,Pharmaceuticals & Healthcare,"Flanders, Belgium",17765.92,530.74,37.41,29.62,88.84254100207568,79.09,6.89,NONE
2026-01-30 11:45:00,Fac_D,PHARMACEUTICALS,"Flanders, Belgium",19531.78,628.72,31.94,27.39,90.15200150438075,79.27,6.9,NONE
2026-01-30 12:00:00,Facility_D,PHARMACEUTICALS,"Flanders, Belgium",16714.26,576.48,40.49,26.67,95.08445007509648,71.53,7.04,NONE
2026-01-30 12:15:00,Facility_A,Food & Beverage Processing,"Illinois, USA",22648.54,748.56,29.45,23.26,97.41415397669999,79.69,7.29,NONE
2026-01-30 12:30:00,facility_e,DATA_CENTER_COOLING,"Nuevo Leon, Mexico",19427.33,730.55,27.61,27.36,ERROR_SENSOR,71.37,7.3,NONE
2026-01-30 12:45:00,Facility_C,Refinery & Petrochemicals,"Maharashtra, India",19410.77,844.32,36.81,28.87,90.32705092541033,80.58,7.08,NONE
2026-01-30 13:00:00,Facility_B,Heavy Manufacturing,"Indiana, USA",24566.61,872.53,,24.76,94.75604773785608,72.58,6.71,NONE
2026-01-30 13:15:00,Facility_D,Pharmaceuticals & Healthcare,"Flanders, Belgium",18632.66,498.36,42.84,27.52,90.824807396987,69.55,7.17,NONE
2026-01-30 13:30:00,FAC-B,Heavy Manufacturing,"Indiana, USA",27437.66,885.05,42.81,24.41,93.7923829260695,82.69,7.43,NONE
2026-01-30 13:45:00,Facility_B,Heavy Manufacturing,"Indiana, USA",22422.62,868.73,31.46,24.12,96.04489490341027,77.18,7.22,NONE
2026-01-30 14:00:00,Facility_A,Food & Beverage Processing,"Illinois, USA",22849.85,657.13,33.34,23.42,88.08269532017684,75.61,7.89,NONE
2026-01-30 14:15:00,Facility_E,DATA_CENTER_COOLING,"Nuevo Leon, Mexico",20963.67,637.99,29.43,22.8,96.87213490347797,72.97,6.85,NONE
2026-01-30 14:30:00,Facility_B,Heavy Manufacturing,"Indiana, USA",27363.78,857.55,27.24,22.2,99.22523966963578,71.97,7.6,NONE
2026-01-30 14:45:00,Facility_C,Refinery & Petrochemicals,"Maharashtra, India",17780.38,829.9,35.72,23.91,90.8552841025904,76.38,7.74,NONE
2026-01-30 15:00:00,Facility_B,Heavy Manufacturing,"Indiana, USA",22588.8,770.09,-0.4,21.87,91.72535354298284,80.23,7.75,CHEMICAL_DOSING_BREACH
2026-01-30 15:15:00,Facility_D,Pharmaceuticals & Healthcare,"Flanders, Belgium",13264.85,560.5,42.39,22.87,91.86175883477443,72.55,7.25,NONE
2026-01-30 15:30:00,Facility_D,Pharmaceuticals & Healthcare,"Flanders, Belgium",19499.26,644.3,,23.3,95.24844404578963,77.51,7.51,NONE
2026-01-30 15:45:00,Facility_E,Data Center Cooling,"Nuevo Leon, Mexico",19410.38,781.85,19.6,25.94,98.39945992517511,78.0,7.7,NONE
2026-01-30 16:00:00,Facility_E,Data Center Cooling,"Nuevo Leon, Mexico",20912.22,693.71,23.23,24.85,91.09803224317383,72.32,7.41,NONE
2026-01-30 16:15:00,Facility_B,Heavy Manufacturing,"Indiana, USA",25674.04,862.24,20.91,22.49,96.13732261391834,72.06,7.11,NONE
2026-01-30 16:30:00,Facility_C,Refinery & Petrochemicals,"Maharashtra, India",20984.11,744.04,36.27,22.43,93.49861238906044,80.88,7.51,NONE
2026-01-30 16:45:00,Facility_E,Data Center Cooling,"Nuevo Leon, Mexico",18006.44,722.09,26.77,23.1,96.40810665529642,74.14,7.35,NONE
2026-01-30 17:00:00,Facility_C,Refinery & Petrochemicals,"Maharashtra, India",13785.38,879.88,34.79,23.1,94.32009480733261,70.54,7.28,NONE
2026-01-30 17:15:00,Facility_D,Pharmaceuticals & Healthcare,"Flanders, Belgium",16973.43,647.71,28.16,20.86,92.46937656046833,80.74,7.55,NONE
2026-01-30 17:30:00,Facility_B_Unit2,Heavy Manufacturing,"Indiana, USA",20720.59,830.3,31.53,26.54,92.4128068410214,68.67,7.44,NONE
2026-01-30 17:45:00,Facility_E,Data Center Cooling,"Nuevo Leon, Mexico",20990.4,784.75,31.4,23.08,95.1902295157354,81.36,7.27,NONE
2026-01-30 18:00:00,Facility_A,Food & Beverage Processing,"Illinois, USA",16432.65,735.39,26.12,20.48,90.86927939568635,68.37,7.68,NONE
2026-01-30 18:15:00,Facility_D,Pharmaceuticals & Healthcare,"Flanders, Belgium",18828.87,609.22,39.64,22.13,96.57361233624573,71.83,7.3,NONE
2026-01-30 18:30:00, Facility_A ,Food & Beverage Processing,"Illinois, USA",17626.78,812.84,31.05,23.61,91.6393227425102,77.81,7.57,NONE
2026-01-30 18:45:00,facility_e,Data Center Cooling,"Nuevo Leon, Mexico",16984.29,750.31,28.99,22.04,97.93107306969738,68.52,7.22,NONE
2026-01-30 19:00:00,Facility_B,Heavy Manufacturing,"Indiana, USA",23161.47,926.51,,19.34,94.88043237888168,73.37,7.64,NONE
2026-01-30 19:15:00,Facility_A,Food & Beverage Processing,"Illinois, USA",21140.78,709.97,25.44,20.56,87.82578908102477,73.38,7.17,NONE
2026-01-30 19:30:00,Facility_B,Heavy Manufacturing,"Indiana, USA",25230.71,854.58,36.47,23.85,93.72827876809083,66.96,7.36,NONE
2026-01-30 19:45:00,Facility_E,Data Center Cooling,"Nuevo Leon, Mexico",,779.31,24.1,22.23,93.73479338027094,72.16,7.18,NONE
2026-01-30 20:00:00,Facility_E,Data Center Cooling,"Nuevo Leon, Mexico",15663.29,692.39,29.55,24.61,93.743708832788,78.77,7.33,NONE
2026-01-30 20:15:00,Facility_D,Pharmaceuticals & Healthcare,"Flanders, Belgium",16747.38,542.03,39.6,22.69,91.44400846445032,66.99,7.1,NONE
2026-01-30 20:30:00,Facility_A_Line1,Food & Beverage Processing,"Illinois, USA",18345.13,671.55,27.41,26.13,95.42128303773154,83.86,6.9,NONE
2026-01-30 20:45:00,Facility_B,Heavy Manufacturing,"Indiana, USA",26759.12,803.49,28.58,26.82,87.93362282735492,71.42,7.14,NONE
2026-01-30 21:00:00,Facility_C,Refinery & Petrochemicals,"Maharashtra, India",17539.13,613.0,40.9,26.06,95.36202015864333,67.98,7.43,NONE
2026-01-30 21:15:00,Facility_C,Refinery & Petrochemicals,"Maharashtra, India",20783.47,807.18,35.29,26.4,N/A,73.24,7.53,NONE
2026-01-30 21:30:00,Facility_B,Heavy Manufacturing,"Indiana, USA",26773.65,887.04,,25.01,92.3325811018271,70.86,7.39,NONE
2026-01-30 21:45:00,Facility_B,Heavy Manufacturing,"Indiana, USA",30466.83,837.91,31.02,24.48,100.0,73.38,7.52,NONE
2026-01-30 22:00:00,Facility_D,Pharmaceuticals & Healthcare,"Flanders, Belgium",,505.25,-1.32,26.63,95.52748461160816,64.61,7.56,CHEMICAL_DOSING_BREACH
2026-01-30 22:15:00,Facility_D,Pharmaceuticals & Healthcare,"Flanders, Belgium",15279.16,560.48,40.55,24.26,93.97796382768425,67.53,7.28,NONE
2026-01-30 22:30:00,Facility_D,Pharmaceuticals & Healthcare,"Flanders, Belgium",20794.25,493.26,40.94,21.34,89.69329331894365,72.58,7.39,NONE
2026-01-30 22:45:00,Facility_C,Refinery & Petrochemicals,"Maharashtra, India",17533.1,730.38,40.15,27.35,92.14193525820957,72.23,7.27,NONE
2026-01-30 23:00:00,Facility_E,Hyperscale Cooling,"Nuevo Leon, Mexico",26715.33,751.27,35.1,26.78,93.16443126060472,71.09,7.57,NONE
2026-01-30 23:15:00,Facility_D,Pharmaceuticals & Healthcare,"Flanders, Belgium",16953.13,547.01,,25.29,92.23615120619978,72.61,7.16,NONE
2026-01-30 23:30:00,Facility_D,Pharmaceuticals & Healthcare,"Flanders, Belgium",19728.62,571.06,31.8,25.1,92.32546753253614,72.32,7.52,NONE
2026-01-30 23:45:00,Facility_C,Refinery & Petrochemicals,"Maharashtra, India",17240.58,987.09,41.32,28.72,90.19216379901664,64.86,7.26,NONE
2026-01-31 00:00:00,Facility_A,Food & Beverage Processing,"Illinois, USA",19941.5,701.45,29.27,23.37,91.34914792515269,72.91,7.21,NONE
2026-01-31 00:15:00,FAC-B,Heavy Manufacturing,"Indiana, USA",24239.32,772.94,35.45,28.04,96.55923180041475,75.23,6.98,NONE
2026-01-31 00:30:00,Facility_B,Heavy Manufacturing,"Indiana, USA",28075.3,953.25,34.78,28.14,93.50316050930884,73.99,7.5,NONE
2026-01-31 00:45:00,Facility_B,Heavy Manufacturing,"Indiana, USA",20711.41,893.64,26.46,31.26,92.5384083540627,74.88,7.39,NONE
2026-01-31 01:00:00,Facility_E,Data Center Cooling,"Nuevo Leon, Mexico",19347.51,784.3,29.94,29.38,95.80543181841884,74.84,7.12,NONE
2026-01-31 01:15:00,Facility_B,Heavy Manufacturing,"Indiana, USA",23345.99,979.19,28.87,-39.59,90.88157222823641,83.87,7.09,SENSOR_TEMP_SPIKE
2026-01-31 01:30:00,Facility_C,Refinery & Petrochemicals,"Maharashtra, India",21080.68,829.69,27.46,27.0,89.83432569758784,67.78,7.35,NONE
2026-01-31 01:45:00,monterrey_e,Data Center Cooling,"Nuevo Leon, Mexico",363.13,1954.59,31.63,31.18,58.54231943563185,69.64,7.64,BROWNOUT_WATER_STALL
2026-01-31 02:00:00,Facility_D,Healthcare & Pharma,"Flanders, Belgium",17576.8,578.71,38.62,30.82,95.91429065259238,67.22,7.29,NONE
2026-01-31 02:15:00,Facility_B,Heavy Manufacturing,"Indiana, USA",22915.6,887.72,32.38,28.91,92.64199350199088,74.31,7.41,NONE
2026-01-31 02:30:00,Facility_B,Heavy Manufacturing,"Indiana, USA",23809.02,737.63,19.89,31.22,95.08837197963189,75.63,7.7,NONE
2026-01-31 02:45:00,Facility_A,Food & Beverage Processing,"Illinois, USA",16360.91,589.25,33.11,29.67,87.95981820904719,75.62,7.24,NONE
2026-01-31 03:00:00,Facility_B,HEAVY_MANUFACTURING,"Indiana, USA",23292.22,811.99,,-32.35,91.24625737765055,76.51,7.31,SENSOR_TEMP_SPIKE
2026-01-31 03:15:00,Facility_D,Pharmaceuticals & Healthcare,"Flanders, Belgium",20154.08,600.64,36.2,31.03,87.72527068995448,77.29,7.17,NONE
2026-01-31 03:30:00,Facility_B,Heavy Manufacturing,"Indiana, USA",23511.62,923.25,33.38,31.54,100.0,79.7,7.13,NONE
2026-01-31 03:45:00,Facility_A,Food & Beverage Processing,"Illinois, USA",19590.41,687.32,,31.81,92.89558356251695,77.95,7.0,NONE
2026-01-31 04:00:00,Facility_C,Refinery & Petrochemicals,"Maharashtra, India",19392.4,704.12,28.41,31.38,96.40749150460016,76.06,7.3,NONE
2026-01-31 04:15:00,Facility_E,Data Center Cooling,"Nuevo Leon, Mexico",17893.58,662.9,24.43,29.67,96.94377194753572,78.77,6.89,NONE
2026-01-31 04:30:00,Facility_C,refinery,"Maharashtra, India",17260.82,721.04,24.87,31.21,92.71228856218073,73.49,7.73,NONE
2026-01-31 04:45:00,Facility_C,refinery,"Maharashtra, India",19026.51,743.53,37.9,32.19,94.44869621135751,77.1,7.31,NONE
2026-01-31 05:00:00,Facility_A,Food & Beverage Processing,"Illinois, USA",19073.78,721.06,28.34,29.34,97.90921485381912,83.04,7.8,NONE
2026-01-31 05:15:00,Facility_B,Heavy Manufacturing,"Indiana, USA",21694.78,720.73,23.5,30.67,84.51208130445548,71.35,7.74,NONE
2026-01-31 05:30:00,Facility_E,Data Center Cooling,"Nuevo Leon, Mexico",23587.54,711.82,26.68,31.49,96.49286001678144,71.6,7.28,NONE
2026-01-31 05:45:00,FACILITY_D,Pharmaceuticals & Healthcare,"Flanders, Belgium",17447.58,493.25,36.58,29.96,89.4659388288363,76.91,7.49,NONE
2026-01-31 06:00:00,Facility_C,REFINERY_PETRO,"Maharashtra, India",,717.32,27.17,31.34,91.37483931318492,69.99,7.0,NONE
2026-01-31 06:15:00,Facility_B,Heavy Manufacturing,"Indiana, USA",24937.93,972.5,,28.53,95.5861868832961,74.78,6.76,NONE
2026-01-31 06:30:00,Facility_D,Pharmaceuticals & Healthcare,"Flanders, Belgium",20206.82,690.11,26.58,28.24,84.38471331631486,73.66,7.63,NONE
2026-01-31 06:45:00,Facility_E,Data Center Cooling,"Nuevo Leon, Mexico",21367.13,854.4,31.99,33.49,97.2126744579427,72.19,7.37,NONE
2026-01-31 07:00:00,Facility_E,DATA_CENTER_COOLING,"Nuevo Leon, Mexico",18900.51,732.7,,30.21,97.79521128417156,72.51,7.09,NONE
2026-01-31 07:15:00,Facility_E,Data Center Cooling,"Nuevo Leon, Mexico",18898.14,799.13,22.61,29.93,97.74800078545735,75.32,7.33,NONE
2026-01-31 07:30:00,Facility_A,Food & Beverage Processing,"Illinois, USA",19179.99,639.59,27.9,29.84,94.36807369634974,78.27,7.38,NONE
2026-01-31 07:45:00,Facility_B,Mfg Heavy,"Indiana, USA",,974.84,-0.07,32.29,90.3297167315581,68.83,7.5,CHEMICAL_DOSING_BREACH
2026-01-31 08:00:00,Facility_A,Food & Beverage Processing,"Illinois, USA",16162.71,692.3,34.74,32.51,92.68650991907819,71.08,7.44,NONE
2026-01-31 08:15:00,Facility_B,Heavy Manufacturing,"Indiana, USA",22467.6,825.44,28.47,29.78,null,70.24,7.15,NONE
2026-01-31 08:30:00,Facility_E,Data Center Cooling,"Nuevo Leon, Mexico",19208.3,628.49,,31.28,96.04819226513132,72.82,7.12,NONE
2026-01-31 08:45:00,Facility_E,Data Center Cooling,"Nuevo Leon, Mexico",22984.6,797.92,29.41,32.65,93.4154383316254,72.84,7.24,NONE
2026-01-31 09:00:00,Facility_E,Data Center Cooling,"Nuevo Leon, Mexico",17147.86,799.6,28.06,30.25,99.39400960669197,72.24,6.7,NONE
2026-01-31 09:15:00,Facility_D,Pharmaceuticals & Healthcare,"Flanders, Belgium",19799.62,578.49,34.42,29.85,96.015508224334,69.74,7.27,NONE
2026-01-31 09:30:00,facility_d,Pharmaceuticals & Healthcare,"Flanders, Belgium",22036.2,527.94,37.78,24.21,ERROR_SENSOR,74.71,7.69,NONE
2026-01-31 09:45:00,Facility_A,Food & Beverage Processing,"Illinois, USA",16114.59,718.32,29.92,30.44,89.60302942296772,75.94,7.17,NONE
2026-01-31 10:00:00,Facility_A,food & beverage,"Illinois, USA",19778.57,717.91,30.44,29.36,93.63968874976948,73.4,7.25,NONE
2026-01-31 10:15:00,Facility_C,refinery,"Maharashtra, India",19002.31,794.25,31.35,27.64,90.12340497718024,73.82,7.18,NONE
2026-01-31 10:30:00,Facility_A,Food & Beverage Processing,"Illinois, USA",21044.71,760.97,27.62,28.03,95.54325305359477,73.21,7.15,NONE
2026-01-31 10:45:00,Facility_B,Mfg Heavy,"Indiana, USA",319.27,3284.4,32.29,27.41,61.628835596676964,60.66,7.72,BROWNOUT_WATER_STALL
2026-01-31 11:00:00,Facility_A,Food & Beverage Processing,"Illinois, USA",,684.68,29.88,27.44,94.0487142094324,72.09,7.61,NONE
2026-01-31 11:15:00,Facility_C,Refinery & Petrochemicals,"Maharashtra, India",18086.32,700.87,38.0,30.67,89.76383329530566,73.44,7.65,NONE
2026-01-31 11:30:00,Facility_B,Heavy Manufacturing,"Indiana, USA",27553.54,892.18,28.63,22.24,94.32512762533838,75.68,7.67,NONE
2026-01-31 11:45:00,Facility_E,Data Center Cooling,"Nuevo Leon, Mexico",19198.55,876.21,27.2,25.89,91.19354801104487,78.71,7.04,NONE
2026-01-31 12:00:00,Fac_D,Pharmaceuticals & Healthcare,"Flanders, Belgium",20138.48,523.05,37.31,23.76,null,73.32,7.51,NONE
2026-01-31 12:15:00,Facility_A_Line1,F&B Processing,"Illinois, USA",,750.63,-6.87,27.57,95.20811565094414,74.88,7.1,CHEMICAL_DOSING_BREACH
2026-01-31 12:30:00,Facility_A,Food & Beverage Processing,"Illinois, USA",22565.51,768.64,31.66,24.97,90.97273198587203,74.55,7.87,NONE
2026-01-31 12:45:00,Facility_A,food & beverage,"Illinois, USA",19276.71,798.7,32.66,26.73,91.97706461868742,73.11,7.12,NONE
2026-01-31 13:00:00,monterrey_e,Data Center Cooling,"Nuevo Leon, Mexico",21871.21,731.74,30.01,23.69,94.95832836638735,74.76,7.39,NONE
2026-01-31 13:15:00,FACILITY_A,F&B Processing,"Illinois, USA",20163.07,696.06,47.49,26.06,93.83635832678519,77.34,7.2,NONE
2026-01-31 13:30:00,Facility_C,Refinery & Petrochemicals,"Maharashtra, India",17574.54,839.19,39.23,27.11,88.93945900358905,73.43,7.44,NONE
2026-01-31 13:45:00,Fac_D,PHARMACEUTICALS,"Flanders, Belgium",20337.03,598.96,33.93,25.66,94.52795352286215,75.43,7.04,NONE
2026-01-31 14:00:00,Facility_C,Refinery & Petrochemicals,"Maharashtra, India",16715.82,917.81,39.64,24.39,93.3531579176235,84.0,7.36,NONE
2026-01-31 14:15:00,Facility_E,Data Center Cooling,"Nuevo Leon, Mexico",20804.29,690.49,27.52,21.25,95.16653759504011,79.67,7.71,NONE
2026-01-31 14:30:00,Facility_A,Food and Beverage,"Illinois, USA",17639.22,549.39,32.92,26.44,88.36675538493559,72.32,7.45,NONE
2026-01-31 14:45:00,Facility_C,Refinery & Petrochemicals,"Maharashtra, India",16926.84,642.72,32.38,22.84,87.46428370313478,78.82,7.79,NONE
2026-01-31 15:00:00,FAC-B,Mfg Heavy,"Indiana, USA",25881.47,901.28,22.29,23.42,91.64750547711897,75.85,6.59,NONE
2026-01-31 15:15:00,Facility_D,Pharmaceuticals & Healthcare,"Flanders, Belgium",18035.97,604.76,38.5,24.9,91.58519813833423,61.3,7.66,NONE
2026-01-31 15:30:00,Facility_B,Heavy Manufacturing,"Indiana, USA",28139.41,971.78,28.81,24.08,100.0,65.67,7.47,NONE
2026-01-31 15:45:00,Facility_C,REFINERY_PETRO,"Maharashtra, India",21578.17,793.52,35.78,20.5,98.19511407908172,78.81,7.71,NONE
2026-01-31 16:00:00,Facility_A,Food & Beverage Processing,"Illinois, USA",19213.18,690.13,31.47,26.09,92.66701511321342,80.67,7.31,NONE
2026-01-31 16:15:00,pune_fac_c,Refinery & Petrochemicals,"Maharashtra, India",16890.25,615.6,37.91,24.3,89.81828809376222,80.65,6.96,NONE
2026-01-31 16:30:00,Facility_A,Food & Beverage Processing,"Illinois, USA",20900.6,767.01,36.01,19.26,96.91399260863682,73.35,7.25,NONE
2026-01-31 16:45:00,Facility_D,Pharmaceuticals & Healthcare,"Flanders, Belgium",20572.2,623.66,29.15,20.39,97.33748013311221,76.14,7.4,NONE
2026-01-31 17:00:00,Facility_E,Data Center Cooling,"Nuevo Leon, Mexico",18604.28,782.91,33.62,26.81,92.36660193596857,77.95,7.87,NONE
2026-01-31 17:15:00,Facility_E,Data Center Cooling,"Nuevo Leon, Mexico",17431.91,884.93,29.34,22.71,91.7664678845544,72.36,7.14,NONE
2026-01-31 17:30:00,Facility_E,Data Center Cooling,"Nuevo Leon, Mexico",18686.94,783.72,33.17,20.65,91.27546350298725,75.15,7.04,NONE
2026-01-31 17:45:00,antwerp_hub_d,Pharmaceuticals & Healthcare,"Flanders, Belgium",19267.38,553.65,30.62,23.36,91.70473735377409,78.61,7.3,NONE
2026-01-31 18:00:00,Facility_A,Food & Beverage Processing,"Illinois, USA",17618.76,710.63,158.0,25.82,95.39782756232991,71.35,7.36,CHEMICAL_DOSING_BREACH
2026-01-31 18:15:00,Facility_B,Heavy Manufacturing,"Indiana, USA",25485.42,758.9,32.6,24.06,93.57412027404844,79.66,7.52,NONE
2026-01-31 18:30:00,Facility_B,Heavy Manufacturing,"Indiana, USA",22334.86,810.23,34.72,21.89,91.28134399259598,77.25,7.27,NONE
2026-01-31 18:45:00,Facility_B,Heavy Manufacturing,"Indiana, USA",27525.52,836.97,25.15,21.33,88.10560263201249,69.03,7.53,NONE
2026-01-31 19:00:00,Facility_E,Data Center Cooling,"Nuevo Leon, Mexico",24153.01,704.22,22.73,24.68,97.23576983693053,77.25,6.94,NONE
2026-01-31 19:15:00,Facility_B,Heavy Manufacturing,"Indiana, USA",27384.19,886.33,32.28,22.98,91.09943989125303,72.18,7.68,NONE
2026-01-31 19:30:00,Facility_A,Food & Beverage Processing,"Illinois, USA",20140.33,619.74,38.67,24.88,98.81999572104631,79.1,7.09,NONE
2026-01-31 19:45:00,Facility_B,Heavy Manufacturing,"Indiana, USA",26811.3,890.69,22.85,20.8,95.87887434766361,77.7,8.01,NONE
2026-01-31 20:00:00,facility_e,Data Center Cooling,"Nuevo Leon, Mexico",20440.7,623.78,27.87,24.55,92.3348840963682,74.46,7.17,NONE
2026-01-31 20:15:00,Facility_C,REFINERY_PETRO,"Maharashtra, India",168.24,2736.63,32.06,22.23,52.85903271717784,65.63,7.14,BROWNOUT_WATER_STALL
2026-01-31 20:30:00,Facility_A,Food & Beverage Processing,"Illinois, USA",,726.27,39.55,24.97,98.11326778669505,75.3,7.08,NONE
2026-01-31 20:45:00,Facility_B,Heavy Manufacturing,"Indiana, USA",26186.47,889.76,31.46,22.64,95.06411671610368,69.8,7.06,NONE
2026-01-31 21:00:00,Facility_B,Heavy Manufacturing,"Indiana, USA",22336.87,842.07,23.55,22.91,96.38933296452467,69.37,7.21,NONE
2026-01-31 21:15:00,Facility_A,Food & Beverage Processing,"Illinois, USA",19428.58,730.6,29.4,25.28,95.38944736251112,79.13,7.33,NONE
2026-01-31 21:30:00,Facility_B,Mfg Heavy,"Indiana, USA",24202.93,782.66,29.79,23.39,91.67865671142147,71.98,7.16,NONE
2026-01-31 21:45:00,pune_fac_c,refinery,"Maharashtra, India",19276.64,667.24,36.77,25.5,91.64118675783264,82.65,7.35,NONE
2026-01-31 22:00:00,Facility_D,Pharmaceuticals & Healthcare,"Flanders, Belgium",15211.79,553.0,37.76,25.31,92.67622232284529,69.45,7.04,NONE
2026-01-31 22:15:00,Facility_D,Healthcare & Pharma,"Flanders, Belgium",17250.83,537.26,32.73,23.41,95.61026727820594,81.42,7.56,NONE
2026-01-31 22:30:00,Facility_A,Food & Beverage Processing,"Illinois, USA",22281.58,782.45,35.0,24.36,93.95091481083823,72.11,7.29,NONE
2026-01-31 22:45:00,Facility_D,Pharmaceuticals & Healthcare,"Flanders, Belgium",18872.12,609.6,39.28,24.92,93.67772397085334,75.95,7.54,NONE
2026-01-31 23:00:00,Facility_C,Refinery & Petrochemicals,"Maharashtra, India",15395.23,693.29,40.15,25.36,92.14295490122566,72.81,7.28,NONE
2026-01-31 23:15:00,Facility_E,Data Center Cooling,"Nuevo Leon, Mexico",22512.7,666.9,28.6,26.16,94.76805733300961,75.0,7.49,NONE
2026-01-31 23:30:00,Facility_A,Food & Beverage Processing,"Illinois, USA",,645.85,41.82,25.44,92.90974569390538,77.05,7.8,NONE
2026-01-31 23:45:00,pune_fac_c,Refinery & Petrochemicals,"Maharashtra, India",17596.78,699.39,30.28,29.11,90.17805764332469,73.88,7.08,NONE
2026-02-01 00:00:00,Facility_D,Healthcare & Pharma,"Flanders, Belgium",15465.59,552.36,33.56,25.26,99.9195363117357,75.91,7.61,NONE
2026-02-01 00:15:00,FAC_A,Food & Beverage Processing,"Illinois, USA",21169.25,705.81,29.65,27.21,94.03904246378399,71.44,7.39,NONE
2026-02-01 00:30:00,Facility_A,Food & Beverage Processing,"Illinois, USA",17630.28,700.78,,24.74,85.97629371804106,69.77,7.86,NONE
2026-02-01 00:45:00,Facility_B,Heavy Manufacturing,"Indiana, USA",24831.6,905.18,19.58,25.47,89.16563322444048,73.09,8.03,NONE
2026-02-01 01:00:00,Facility_E,Data Center Cooling,"Nuevo Leon, Mexico",22265.33,877.17,27.43,29.99,100.0,73.51,7.2,NONE
2026-02-01 01:15:00,Facility_B,Heavy Manufacturing,"Indiana, USA",21711.64,814.04,28.84,31.44,89.35608328289253,74.27,6.84,NONE
2026-02-01 01:30:00,Facility_E,Data Center Cooling,"Nuevo Leon, Mexico",20019.44,773.35,30.65,29.09,94.7716929052379,76.61,7.36,NONE
2026-02-01 01:45:00,Facility_A,Food & Beverage Processing,"Illinois, USA",16840.79,580.98,29.2,28.03,97.51258175096154,73.55,7.29,NONE
2026-02-01 02:00:00,Facility_A,Food & Beverage Processing,"Illinois, USA",20154.17,693.75,34.9,32.06,100.0,74.44,7.44,NONE
2026-02-01 02:15:00,Facility_E,Data Center Cooling,"Nuevo Leon, Mexico",25097.66,738.75,31.35,26.68,92.50531472552001,79.2,7.15,NONE
2026-02-01 02:30:00,Facility_D,Pharmaceuticals & Healthcare,"Flanders, Belgium",18431.36,479.43,45.92,31.21,94.10191861168879,76.28,7.46,NONE
2026-02-01 02:45:00,Facility_B,Heavy Manufacturing,"Indiana, USA",30074.17,796.42,31.58,31.08,97.38904310552466,63.83,7.18,NONE
2026-02-01 03:00:00,Facility_A,FOOD & BEV,"Illinois, USA",16907.13,723.67,23.03,25.65,100.0,76.78,7.38,NONE
2026-02-01 03:15:00,Facility_C,Refinery & Petrochemicals,"Maharashtra, India",19648.62,788.37,39.69,28.37,94.09716744343542,75.02,7.06,NONE
2026-02-01 03:30:00,Facility_E,Data Center Cooling,"Nuevo Leon, Mexico",24333.32,716.57,32.77,29.88,98.72747146370898,69.31,7.05,NONE
2026-02-01 03:45:00,Facility_B,Heavy Manufacturing,"Indiana, USA",22987.05,851.2,34.97,-17.89,86.108100478597,75.12,6.45,SENSOR_TEMP_SPIKE
2026-02-01 04:00:00,Facility_E,Data Center Cooling,"Nuevo Leon, Mexico",23113.02,833.86,28.33,-18.05,93.73564445740877,70.47,7.47,SENSOR_TEMP_SPIKE
2026-02-01 04:15:00,Facility_C,Refinery & Petrochemicals,"Maharashtra, India",18304.19,710.1,29.05,26.73,97.70002990065419,71.94,7.44,NONE
2026-02-01 04:30:00,Facility_B,Heavy Manufacturing,"Indiana, USA",31308.74,792.72,25.86,29.96,93.59418464134397,82.49,7.79,NONE
2026-02-01 04:45:00,Facility_E,Data Center Cooling,"Nuevo Leon, Mexico",22672.06,858.71,27.75,30.83,92.53515633747618,68.19,7.69,NONE
2026-02-01 05:00:00,Facility_B,Heavy Mfg.,"Indiana, USA",27435.5,841.52,28.49,27.65,90.37207893391131,75.51,7.2,NONE
2026-02-01 05:15:00,facility_d,Pharmaceuticals & Healthcare,"Flanders, Belgium",18229.96,563.05,34.63,28.68,88.34045558103881,73.34,7.52,NONE
2026-02-01 05:30:00,Facility_A,Food & Beverage Processing,"Illinois, USA",15463.64,711.29,32.68,28.68,98.05085379695389,72.26,7.32,NONE
2026-02-01 05:45:00,Facility_E,Data Center Cooling,"Nuevo Leon, Mexico",20691.67,617.19,32.74,28.77,92.74313435070164,76.69,7.76,NONE
2026-02-01 06:00:00,Facility_E,DATA_CENTER_COOLING,"Nuevo Leon, Mexico",18365.61,716.51,34.31,31.33,95.64774834896515,69.27,7.24,NONE
2026-02-01 06:15:00,Facility_D,Pharmaceuticals & Healthcare,"Flanders, Belgium",18341.99,520.19,30.47,29.57,97.83372223867018,74.27,7.73,NONE
2026-02-01 06:30:00,Facility_D,Pharmaceuticals & Healthcare,"Flanders, Belgium",19121.13,525.49,,30.85,96.57788426376767,69.19,7.64,NONE
2026-02-01 06:45:00,Facility_B,Heavy Manufacturing,"Indiana, USA",29098.0,864.34,25.11,30.34,95.45613167116238,75.06,7.52,NONE
2026-02-01 07:00:00,Facility_B,Heavy Manufacturing,"Indiana, USA",28922.7,785.53,23.65,30.3,92.44482189161643,77.54,7.05,NONE
2026-02-01 07:15:00,Facility_A,Food & Beverage Processing,"Illinois, USA",21621.67,809.51,31.5,30.4,91.04385119606351,71.56,7.24,NONE
2026-02-01 07:30:00,Facility_E,Data Center Cooling,"Nuevo Leon, Mexico",24753.52,744.61,22.95,-39.35,96.14412839879128,73.89,7.76,SENSOR_TEMP_SPIKE
2026-02-01 07:45:00,Facility_D,Pharmaceuticals & Healthcare,"Flanders, Belgium",20465.5,581.87,30.5,30.69,87.86293623278513,78.61,7.6,NONE
2026-02-01 08:00:00,Facility_A,Food and Beverage,"Illinois, USA",20429.83,664.81,32.21,29.04,90.20139111215978,72.48,7.55,NONE
2026-02-01 08:15:00,FACILITY_B,Heavy Manufacturing,"Indiana, USA",25925.6,961.86,31.72,31.01,88.35143504177407,72.72,7.05,NONE
2026-02-01 08:30:00,FACILITY_C,Refinery & Petrochemicals,"Maharashtra, India",18413.55,723.13,33.91,31.58,95.02079977281866,78.53,6.9,NONE
2026-02-01 08:45:00,Facility_C,Refinery & Petrochemicals,"Maharashtra, India",18957.98,852.11,41.83,26.72,92.37525236428425,78.65,7.3,NONE
2026-02-01 09:00:00,Facility_C,Refinery & Petrochemicals,"Maharashtra, India",16770.15,656.57,31.52,26.29,93.68707346186888,78.03,7.0,NONE
2026-02-01 09:15:00,Facility_B,Heavy Manufacturing,"Indiana, USA",26587.62,911.0,28.49,26.24,94.73587697492,73.75,7.31,NONE
2026-02-01 09:30:00,Facility_E,Data Center Cooling,"Nuevo Leon, Mexico",19715.41,756.51,30.64,33.24,93.85946261883906,80.8,7.45,NONE
2026-02-01 09:45:00,Facility_D,Pharmaceuticals & Healthcare,"Flanders, Belgium",18495.43,577.45,32.37,29.27,87.1253917925716,70.12,7.38,NONE
2026-02-01 10:00:00,Facility_D,Pharmaceuticals & Healthcare,"Flanders, Belgium",21401.02,650.4,36.51,28.78,96.64995990266249,68.02,7.46,NONE
2026-02-01 10:15:00,Facility_E,Data Center Cooling,"Nuevo Leon, Mexico",19003.78,737.11,26.57,29.05,95.2609717568291,78.01,7.45,NONE
2026-02-01 10:30:00,Fac_E_Cooling,Data Center Cooling,"Nuevo Leon, Mexico",21534.63,889.05,22.1,31.08,92.57256989162113,76.57,7.26,NONE
2026-02-01 10:45:00,Facility_A,Food & Beverage Processing,"Illinois, USA",17639.03,747.55,35.88,28.64,91.76522948261477,90.25,7.69,NONE
2026-02-01 11:00:00,Facility_A,Food & Beverage Processing,"Illinois, USA",21420.48,687.83,28.87,27.03,96.96050094205594,69.54,7.05,NONE
2026-02-01 11:15:00,Facility_E,Data Center Cooling,"Nuevo Leon, Mexico",22466.13,773.94,25.26,25.32,98.10127037877898,75.61,6.97,NONE
2026-02-01 11:30:00,Fac_E_Cooling,Data Center Cooling,"Nuevo Leon, Mexico",17824.54,722.89,31.58,28.09,97.1213713184039,67.29,7.41,NONE
2026-02-01 11:45:00,antwerp_hub_d,Pharmaceuticals & Healthcare,"Flanders, Belgium",21921.99,644.84,39.01,30.99,null,78.69,7.36,NONE
2026-02-01 12:00:00,Facility_A,Food & Beverage Processing,"Illinois, USA",17457.73,650.6,32.26,26.12,87.84052585627686,69.38,7.26,NONE
2026-02-01 12:15:00,FACILITY_E,Data Center Cooling,"Nuevo Leon, Mexico",22941.47,748.79,28.2,24.46,93.57413145619871,79.94,7.39,NONE
2026-02-01 12:30:00,Facility_E,Data Center Cooling,"Nuevo Leon, Mexico",17283.48,656.14,30.97,25.57,93.26134326366875,71.24,7.49,NONE
2026-02-01 12:45:00,Facility_A,Food & Beverage Processing,"Illinois, USA",18567.41,699.69,27.92,27.38,92.79237506682745,76.74,7.02,NONE
2026-02-01 13:00:00,Facility_A,FOOD & BEV,"Illinois, USA",23270.97,804.08,23.48,24.02,95.02843005123164,68.06,7.31,NONE
2026-02-01 13:15:00,Facility_E,Data Center Cooling,"Nuevo Leon, Mexico",22180.23,736.15,30.76,23.97,86.31861906506201,78.42,7.62,NONE
2026-02-01 13:30:00,Facility_C,Refinery & Petrochemicals,"Maharashtra, India",111558.78,605.5,38.65,21.43,50.62020899977473,115.59,7.08,PRESSURE_BURST_SURGE
2026-02-01 13:45:00,Facility_E,Data Center Cooling,"Nuevo Leon, Mexico",23075.52,771.8,26.38,20.07,97.08166295675134,76.5,6.98,NONE
2026-02-01 14:00:00,Fac_D,Pharmaceuticals & Healthcare,"Flanders, Belgium",17909.69,628.87,38.05,21.44,89.61779892227635,82.36,7.37,NONE
2026-02-01 14:15:00,Facility_B_Unit2,Heavy Manufacturing,"Indiana, USA",163330.44,994.42,26.57,24.91,null,124.48,7.51,PRESSURE_BURST_SURGE
2026-02-01 14:30:00,Facility_A,Food & Beverage Processing,"Illinois, USA",20581.17,766.83,35.64,21.52,94.31542149871039,81.72,7.32,NONE
2026-02-01 14:45:00,Facility_C,Refinery & Petrochemicals,"Maharashtra, India",19919.33,837.64,31.19,27.16,95.09840255030049,76.34,6.88,NONE
2026-02-01 15:00:00,Facility_A,Food & Beverage Processing,"Illinois, USA",149.05,1857.41,38.32,23.11,58.04445648886457,70.93,7.21,BROWNOUT_WATER_STALL
2026-02-01 15:15:00,Facility_C,Refinery & Petrochemicals,"Maharashtra, India",16299.26,730.04,36.38,24.5,88.0445005429251,70.44,6.86,NONE
2026-02-01 15:30:00,Facility_E,Data Center Cooling,"Nuevo Leon, Mexico",19328.97,717.2,30.61,19.2,95.59045953186757,71.71,7.25,NONE
2026-02-01 15:45:00,monterrey_e,Data Center Cooling,"Nuevo Leon, Mexico",23559.32,850.87,25.75,21.98,92.36648864710197,71.0,6.95,NONE
2026-02-01 16:00:00,Facility_E,Data Center Cooling,"Nuevo Leon, Mexico",21020.44,700.5,,26.11,93.16192115051219,70.6,7.27,NONE
2026-02-01 16:15:00,Facility_B,Heavy Manufacturing,"Indiana, USA",26188.27,826.1,26.14,19.93,95.52773741199539,69.98,7.76,NONE
2026-02-01 16:30:00,Facility_B,Heavy Manufacturing,"Indiana, USA",24648.23,796.61,26.52,23.07,90.72745097637647,70.96,7.52,NONE
2026-02-01 16:45:00,Facility_A,Food & Beverage Processing,"Illinois, USA",16910.49,752.09,34.98,23.91,94.2476011956933,65.88,7.01,NONE
2026-02-01 17:00:00,Facility_B,Heavy Manufacturing,"Indiana, USA",21595.38,808.22,28.63,20.49,92.94743252150614,77.08,7.07,NONE
2026-02-01 17:15:00,facility_a,Food & Beverage Processing,"Illinois, USA",17371.09,797.2,27.61,23.19,97.4656170542832,68.68,7.04,NONE
2026-02-01 17:30:00,Facility_B,Heavy Manufacturing,"Indiana, USA",25073.61,845.68,25.81,26.08,95.22360506612233,70.38,6.97,NONE
2026-02-01 17:45:00,Facility_C,Refinery & Petrochemicals,"Maharashtra, India",,811.1,43.23,22.65,92.72275531895662,69.61,7.45,NONE
2026-02-01 18:00:00,Facility_C,Refinery & Petrochemicals,"Maharashtra, India",21123.95,638.12,35.81,20.66,89.15581777134267,81.62,7.6,NONE
2026-02-01 18:15:00,Facility_E,Data Center Cooling,"Nuevo Leon, Mexico",19565.04,737.89,27.17,20.48,91.76943778654218,77.53,7.19,NONE
2026-02-01 18:30:00,facility_e,Data Center Cooling,"Nuevo Leon, Mexico",22274.92,708.15,23.53,24.68,86.68283913327441,82.03,7.63,NONE
2026-02-01 18:45:00,Facility_A,Food & Beverage Processing,"Illinois, USA",19685.35,681.21,29.95,22.94,94.09127541851602,69.68,7.37,NONE
2026-02-01 19:00:00,Facility_C,Refinery & Petrochemicals,"Maharashtra, India",19411.49,753.64,44.9,22.4,87.85727503420372,69.45,7.55,NONE
2026-02-01 19:15:00,Facility_E,Data Center Cooling,"Nuevo Leon, Mexico",,675.47,34.36,23.02,91.5761005508322,61.54,7.52,NONE
2026-02-01 19:30:00,Facility_B,Heavy Manufacturing,"Indiana, USA",25837.92,949.26,23.9,22.13,94.45558229465043,79.65,7.42,NONE
2026-02-01 19:45:00,Facility_B,Heavy Manufacturing,"Indiana, USA",23600.61,949.01,,23.24,95.90215113738681,81.03,7.45,NONE
2026-02-01 20:00:00,Facility_E,Data Center Cooling,"Nuevo Leon, Mexico",27651.0,743.28,29.73,21.92,94.53229098964195,75.34,7.64,NONE
2026-02-01 20:15:00,Facility_A,Food & Beverage Processing,"Illinois, USA",20290.52,675.41,32.58,21.96,95.25838049207242,71.48,6.96,NONE
2026-02-01 20:30:00,Facility_C,Refinery & Petrochemicals,"Maharashtra, India",16273.82,685.7,33.28,21.8,93.42926306205636,72.24,7.49,NONE
2026-02-01 20:45:00,FACILITY_B,Heavy Manufacturing,"Indiana, USA",,812.79,33.72,21.83,96.7206207676905,74.7,7.24,NONE
2026-02-01 21:00:00,Facility_D,Pharmaceuticals & Healthcare,"Flanders, Belgium",21256.0,600.7,32.98,24.33,--,78.53,7.51,NONE
2026-02-01 21:15:00,Facility_D,Pharmaceuticals & Healthcare,"Flanders, Belgium",20194.59,543.89,36.62,23.41,88.38416279792477,79.79,7.04,NONE
2026-02-01 21:30:00,Facility_A,Food & Beverage Processing,"Illinois, USA",19884.17,689.39,30.5,25.28,91.00298476552811,76.05,7.48,NONE
2026-02-01 21:45:00,Facility_C,Refinery & Petrochemicals,"Maharashtra, India",17074.75,847.8,41.24,27.92,92.66149584964379,74.86,7.42,NONE
2026-02-01 22:00:00,Facility_B,HEAVY_MANUFACTURING,"Indiana, USA",27850.43,986.88,30.54,25.43,89.99705511662671,83.22,7.22,NONE
2026-02-01 22:15:00,Facility_D,Pharmaceuticals & Healthcare,"Flanders, Belgium",12744.74,439.51,38.87,22.44,93.67211240282647,67.27,7.44,NONE
2026-02-01 22:30:00,Facility_D,Pharmaceuticals & Healthcare,"Flanders, Belgium",19986.52,579.01,34.58,26.55,92.22203682778478,73.15,7.21,NONE
2026-02-01 22:45:00,Facility_E,Data Center Cooling,"Nuevo Leon, Mexico",20421.64,890.34,28.48,22.93,90.43039936927592,72.76,7.13,NONE
2026-02-01 23:00:00,Facility_B,Heavy Manufacturing,"Indiana, USA",28729.01,720.98,28.0,27.28,91.48369960464184,75.98,7.34,NONE
2026-02-01 23:15:00,Facility_D,Pharmaceuticals & Healthcare,"Flanders, Belgium",18648.12,598.13,,27.89,87.42964060640314,79.11,7.47,NONE
2026-02-01 23:30:00,Facility_B,Heavy Mfg.,"Indiana, USA",27254.28,975.62,33.47,27.44,92.5575062290703,72.38,7.59,NONE
2026-02-01 23:45:00,Facility_D,Pharmaceuticals & Healthcare,"Flanders, Belgium",19736.22,586.14,37.26,25.5,89.05200272134317,76.9,7.3,NONE
2026-02-02 00:00:00,Facility_D,Pharmaceuticals & Healthcare,"Flanders, Belgium",18164.88,465.87,37.89,24.05,92.10918469477672,77.57,7.37,NONE
2026-02-02 00:15:00,pune_fac_c,Refinery & Petrochemicals,"Maharashtra, India",18588.92,720.54,33.2,29.62,95.99515480865692,71.92,7.32,NONE
2026-02-02 00:30:00,Facility_A,Food & Beverage Processing,"Illinois, USA",19834.73,744.24,31.4,23.84,93.39926629853014,73.58,7.93,NONE
2026-02-02 00:45:00,FACILITY_B,Heavy Manufacturing,"Indiana, USA",34120.44,893.94,25.66,28.5,88.06482373859772,71.6,6.89,NONE
2026-02-02 01:00:00,Facility_E,Data Center Cooling,"Nuevo Leon, Mexico",,659.2,27.29,27.46,93.40742707083277,71.87,7.44,NONE
2026-02-02 01:15:00,Fac_D,Pharmaceuticals & Healthcare,"Flanders, Belgium",15901.63,667.97,33.16,27.86,95.49988183293947,77.07,7.57,NONE
2026-02-02 01:30:00,Facility_A,Food & Beverage Processing,"Illinois, USA",15581.22,647.59,32.07,28.9,97.52281058643511,71.69,7.1,NONE
2026-02-02 01:45:00,Facility_B,Heavy Manufacturing,"Indiana, USA",24097.67,1029.79,34.8,27.96,97.61137183958799,71.42,7.62,NONE
2026-02-02 02:00:00,Facility_A,FOOD & BEV,"Illinois, USA",278.95,2219.31,35.78,27.91,58.98397805514466,71.47,7.43,BROWNOUT_WATER_STALL
2026-02-02 02:15:00,Facility_C,REFINERY_PETRO,"Maharashtra, India",17739.08,750.26,26.57,29.77,93.09924891291102,69.6,7.19,NONE
2026-02-02 02:30:00,Facility_C,REFINERY_PETRO,"Maharashtra, India",22067.71,688.63,37.47,29.33,92.35635947307766,76.9,7.81,NONE
2026-02-02 02:45:00,Facility_E,DATA_CENTER_COOLING,"Nuevo Leon, Mexico",20350.6,731.76,31.11,30.79,93.09133693712437,72.63,6.73,NONE
2026-02-02 03:00:00,FACILITY_B,Heavy Manufacturing,"Indiana, USA",23382.22,744.3,31.38,127.76,92.59433086227543,73.96,7.11,SENSOR_TEMP_SPIKE
2026-02-02 03:15:00,Facility_B,heavy mfg,"Indiana, USA",30596.99,897.41,28.38,32.41,91.32090612507847,70.08,7.18,NONE
2026-02-02 03:30:00,Facility_B,HEAVY_MANUFACTURING,"Indiana, USA",27408.18,775.98,27.85,26.79,95.03951252937038,67.17,7.09,NONE
2026-02-02 03:45:00,Facility_A,Food & Beverage Processing,"Illinois, USA",22076.55,797.16,33.07,30.32,91.80092912910636,70.52,7.25,NONE
2026-02-02 04:00:00,Facility_C,Refinery & Petrochemicals,"Maharashtra, India",15407.29,796.62,35.71,28.28,98.51978214029235,76.73,7.54,NONE
2026-02-02 04:15:00,Facility_D,PHARMACEUTICALS,"Flanders, Belgium",17624.3,568.92,40.13,30.36,98.62608251126359,73.08,7.21,NONE
2026-02-02 04:30:00,Facility_A,Food & Beverage Processing,"Illinois, USA",20729.11,622.83,35.38,27.85,95.54347093138736,71.08,7.48,NONE
2026-02-02 04:45:00,Facility_B,Heavy Manufacturing,"Indiana, USA",28598.04,852.89,23.46,28.67,91.1682907486919,65.47,7.67,NONE
2026-02-02 05:00:00,Facility_C,Refinery & Petrochemicals,"Maharashtra, India",19075.76,688.77,41.61,29.1,94.30183196503958,70.29,6.78,NONE
2026-02-02 05:15:00,Facility_C,Refinery & Petrochemicals,"Maharashtra, India",15744.4,742.15,39.27,31.05,93.94865640374799,64.95,7.71,NONE
2026-02-02 05:30:00,Facility_C,Refinery & Petrochemicals,"Maharashtra, India",19332.35,767.72,40.26,32.71,97.19468879234941,72.89,7.07,NONE
2026-02-02 05:45:00,Facility_C,Refinery & Petrochemicals,"Maharashtra, India",21061.21,670.94,43.68,30.54,90.10517038176133,68.46,6.99,NONE
2026-02-02 06:00:00,Facility_C,Refinery & Petrochemicals,"Maharashtra, India",19144.11,776.5,30.31,29.86,89.12260676450771,76.65,7.33,NONE
2026-02-02 06:15:00,Facility_B,Heavy Manufacturing,"Indiana, USA",24618.92,731.8,27.24,29.74,94.51672544387071,74.75,7.57,NONE
2026-02-02 06:30:00,Facility_E,Data Center Cooling,"Nuevo Leon, Mexico",19873.05,610.47,32.66,28.78,89.95786543035118,73.81,7.43,NONE
2026-02-02 06:45:00,Facility_D,Pharmaceuticals & Healthcare,"Flanders, Belgium",17526.59,538.35,35.86,32.97,93.49143011981397,69.64,7.08,NONE
2026-02-02 07:00:00,Facility_D,Pharmaceuticals & Healthcare,"Flanders, Belgium",18155.44,582.53,39.53,30.59,90.80600527706531,72.09,7.56,NONE
2026-02-02 07:15:00,Facility_C,Refinery & Petrochemicals,"Maharashtra, India",16237.7,740.81,38.01,31.86,92.88267081250757,72.15,6.98,NONE
2026-02-02 07:30:00,Facility_A,Food & Beverage Processing,"Illinois, USA",20478.05,807.03,42.27,30.89,93.33718511473926,69.86,6.82,NONE
2026-02-02 07:45:00,Facility_E,data center,"Nuevo Leon, Mexico",21548.06,926.28,33.84,32.1,94.28592901458534,75.62,6.67,NONE
2026-02-02 08:00:00,Facility_D,Pharmaceuticals & Healthcare,"Flanders, Belgium",20431.81,536.04,,29.38,null,70.77,7.35,NONE
2026-02-02 08:15:00,facility_d,Pharmaceuticals & Healthcare,"Flanders, Belgium",17464.95,574.71,,29.44,89.991854113004,71.11,7.39,NONE
2026-02-02 08:30:00,Facility_E,Data Center Cooling,"Nuevo Leon, Mexico",17038.68,688.32,,27.13,99.18917484889218,79.42,7.21,NONE
2026-02-02 08:45:00,Facility_D,Pharmaceuticals & Healthcare,"Flanders, Belgium",16950.71,580.49,31.42,25.9,92.03012760303179,73.4,7.38,NONE
2026-02-02 09:00:00,Facility_B,Heavy Manufacturing,"Indiana, USA",23887.5,947.01,22.22,27.28,95.0572350596634,68.77,7.01,NONE
2026-02-02 09:15:00,Facility_B,Heavy Manufacturing,"Indiana, USA",26171.76,751.5,27.94,27.88,90.74267614920723,64.54,7.39,NONE
2026-02-02 09:30:00,Facility_D,Pharmaceuticals & Healthcare,"Flanders, Belgium",15917.46,559.43,35.35,28.56,93.02103880315757,74.87,7.15,NONE
2026-02-02 09:45:00,Facility_E,Data Center Cooling,"Nuevo Leon, Mexico",24246.51,611.44,27.55,30.23,95.02567216960833,69.61,7.12,NONE
2026-02-02 10:00:00,Facility_A,Food and Beverage,"Illinois, USA",16935.74,755.72,28.39,28.96,94.34576452504305,84.66,7.44,NONE
2026-02-02 10:15:00,Facility_E,Data Center Cooling,"Nuevo Leon, Mexico",127805.98,640.49,27.34,28.05,47.51678795454278,124.68,7.43,PRESSURE_BURST_SURGE
2026-02-02 10:30:00,Facility_A_Line1,F&B Processing,"Illinois, USA",21475.54,647.84,33.19,31.13,90.9455609336348,70.22,7.06,NONE
2026-02-02 10:45:00,Facility_B,Heavy Manufacturing,"Indiana, USA",24743.99,946.29,23.82,26.9,96.62236462328141,76.81,7.21,NONE
2026-02-02 11:00:00,Facility_C,Refinery & Petrochemicals,"Maharashtra, India",18350.48,848.16,42.14,30.6,97.91536497020132,70.98,7.86,NONE
2026-02-02 11:15:00,Facility_C,refinery,"Maharashtra, India",17157.7,648.71,35.97,29.94,95.62359909862793,73.67,7.43,NONE
2026-02-02 11:30:00,Facility_A,Food & Beverage Processing,"Illinois, USA",20493.06,723.52,30.26,25.69,93.85942997963556,73.45,7.35,NONE
2026-02-02 11:45:00,Fac_E_Cooling,DATA_CENTER_COOLING,"Nuevo Leon, Mexico",23748.46,731.43,27.63,27.1,100.0,69.09,7.66,NONE
2026-02-02 12:00:00, Facility_A ,Food & Beverage Processing,"Illinois, USA",18571.86,708.65,,29.88,94.21211469164636,76.96,6.93,NONE
2026-02-02 12:15:00,Facility_D,Pharmaceuticals & Healthcare,"Flanders, Belgium",17276.29,592.47,,27.04,100.0,76.27,7.22,NONE
2026-02-02 12:30:00,Facility_E,Data Center Cooling,"Nuevo Leon, Mexico",19450.75,692.6,26.7,25.28,93.8805282123986,76.38,7.47,NONE
2026-02-02 12:45:00,Facility_C,Refinery & Petrochemicals,"Maharashtra, India",19125.47,792.63,46.15,24.42,93.38207012000764,65.97,7.24,NONE
2026-02-02 13:00:00,Facility_A,Food & Beverage Processing,"Illinois, USA",17185.37,660.96,26.52,23.03,93.89138941116137,77.2,7.13,NONE
2026-02-02 13:15:00,Facility_B,Heavy Manufacturing,"Indiana, USA",19514.46,849.33,30.47,26.43,90.23194218373186,71.27,7.04,NONE
2026-02-02 13:30:00,Facility_A,FOOD & BEV,"Illinois, USA",17554.13,656.69,29.36,24.52,93.86697970962084,70.2,7.31,NONE
2026-02-02 13:45:00,Facility_A,Food & Beverage Processing,"Illinois, USA",17166.82,587.85,33.77,23.54,87.95410683150126,76.52,7.28,NONE
2026-02-02 14:00:00,Facility_E,data center,"Nuevo Leon, Mexico",22246.52,781.38,23.9,26.17,87.63534011853896,72.21,7.22,NONE
2026-02-02 14:15:00,FACILITY_C,Refinery & Petrochemicals,"Maharashtra, India",17072.45,872.27,36.77,21.74,89.45696472080692,83.69,7.22,NONE
2026-02-02 14:30:00,Facility_E,Data Center Cooling,"Nuevo Leon, Mexico",19084.4,836.73,21.04,26.56,90.94684617964246,76.32,7.22,NONE
2026-02-02 14:45:00,Facility_A_Line1,Food & Beverage Processing,"Illinois, USA",15623.76,725.72,35.48,19.64,89.80162792447683,79.57,7.46,NONE
2026-02-02 15:00:00,Facility_C ,REFINERY_PETRO,"Maharashtra, India",19875.29,849.33,37.46,23.94,97.07165124137899,72.24,7.35,NONE
2026-02-02 15:15:00,Facility_B,Heavy Manufacturing,"Indiana, USA",28345.86,775.75,34.48,24.02,89.82354218220739,73.13,6.96,NONE
2026-02-02 15:30:00,Facility_E,Data Center Cooling,"Nuevo Leon, Mexico",21317.49,721.59,24.87,20.12,90.96631111514237,73.19,7.25,NONE
2026-02-02 15:45:00,Facility_C,Petrochem / Refining,"Maharashtra, India",15618.53,778.66,31.36,24.83,96.92121419543776,72.84,7.79,NONE
2026-02-02 16:00:00,Facility_D,Pharmaceuticals & Healthcare,"Flanders, Belgium",18402.36,495.0,42.48,25.94,96.68279174167999,70.56,7.0,NONE
2026-02-02 16:15:00,Facility_D,Pharmaceuticals & Healthcare,"Flanders, Belgium",17932.14,709.91,32.56,24.39,,78.25,7.0,NONE
2026-02-02 16:30:00,Facility_E,Data Center Cooling,"Nuevo Leon, Mexico",20468.26,682.65,24.97,24.13,89.91905158960371,75.3,7.37,NONE
2026-02-02 16:45:00,Facility_B,Heavy Manufacturing,"Indiana, USA",22838.16,778.03,29.9,22.67,93.62254235920655,72.95,7.27,NONE
2026-02-02 17:00:00,Facility_A,Food & Beverage Processing,"Illinois, USA",19213.16,815.62,33.72,22.4,--,72.11,7.09,NONE
2026-02-02 17:15:00,Facility_A,Food & Beverage Processing,"Illinois, USA",17421.64,579.64,31.45,26.3,94.12774079509188,77.27,7.62,NONE
2026-02-02 17:30:00,FAC-B,Heavy Manufacturing,"Indiana, USA",24902.73,821.54,22.63,22.89,93.678845694528,70.15,7.67,NONE
2026-02-02 17:45:00,Facility_E,Data Center Cooling,"Nuevo Leon, Mexico",,963.55,30.19,22.47,99.70461481803429,63.73,7.27,NONE
2026-02-02 18:00:00,Facility_D,PHARMACEUTICALS,"Flanders, Belgium",17745.13,558.69,38.45,22.12,97.9832065806373,75.96,7.49,NONE
2026-02-02 18:15:00,FAC-B,Heavy Manufacturing,"Indiana, USA",27220.87,731.77,29.35,22.93,89.90221629977167,77.99,6.78,NONE
2026-02-02 18:30:00,FACILITY_B,Heavy Manufacturing,"Indiana, USA",33587.99,836.85,24.91,23.65,95.50369188423419,83.21,7.85,NONE
2026-02-02 18:45:00,Facility_D,Pharmaceuticals & Healthcare,"Flanders, Belgium",15731.82,553.63,33.68,23.91,98.02801840903695,68.08,7.33,NONE
2026-02-02 19:00:00,Facility_A,F&B Processing,"Illinois, USA",17802.41,773.21,33.22,24.75,92.15259920134076,73.48,7.46,NONE
2026-02-02 19:15:00,Facility_A,Food & Beverage Processing,"Illinois, USA",,734.32,36.83,26.55,91.93734150609905,83.66,7.21,NONE
2026-02-02 19:30:00,Facility_B,Heavy Manufacturing,"Indiana, USA",28479.15,798.47,24.18,25.01,93.34272067987662,79.78,7.56,NONE
2026-02-02 19:45:00,Facility_B,Mfg Heavy,"Indiana, USA",27062.32,886.3,33.07,24.58,92.20550475664702,75.9,7.77,NONE
2026-02-02 20:00:00,Facility_D,PHARMACEUTICALS,"Flanders, Belgium",,540.89,34.89,24.56,,75.63,7.27,NONE
2026-02-02 20:15:00,Facility_A,F&B Processing,"Illinois, USA",21976.65,723.71,37.5,25.68,93.21793625931386,80.0,7.26,NONE
2026-02-02 20:30:00,Facility_E,Data Center Cooling,"Nuevo Leon, Mexico",21773.88,691.52,30.99,23.87,95.14543647476539,67.88,6.79,NONE
2026-02-02 20:45:00,Facility_C,Refinery & Petrochemicals,"Maharashtra, India",16268.11,815.78,38.33,25.53,92.20556426457884,74.94,7.15,NONE
2026-02-02 21:00:00,FAC_A,Food & Beverage Processing,"Illinois, USA",22423.82,662.42,36.45,23.22,98.54078594166111,74.82,7.4,NONE
2026-02-02 21:15:00,Facility_D,Pharmaceuticals & Healthcare,"Flanders, Belgium",,692.3,41.66,24.78,94.26657478846835,71.03,7.54,NONE
2026-02-02 21:30:00,Facility_E,Data Center Cooling,"Nuevo Leon, Mexico",20931.11,754.31,32.24,24.58,93.5580824517145,80.46,7.12,NONE
2026-02-02 21:45:00,Facility_D,Pharmaceuticals & Healthcare,"Flanders, Belgium",15001.68,523.71,38.14,25.53,N/A,90.59,7.4,NONE
2026-02-02 22:00:00,Facility_E,Data Center Cooling,"Nuevo Leon, Mexico",21484.31,653.28,22.44,21.29,97.88854080609343,79.46,7.35,NONE
2026-02-02 22:15:00,Facility_A,Food & Beverage Processing,"Illinois, USA",16454.66,693.21,37.47,23.82,90.61346309984157,72.29,7.27,NONE
2026-02-02 22:30:00,Facility_D,PHARMACEUTICALS,"Flanders, Belgium",20376.95,443.41,38.21,23.72,91.78626565354529,77.4,6.99,NONE
2026-02-02 22:45:00,Facility_A,Food & Beverage Processing,"Illinois, USA",19678.92,747.31,33.93,26.49,95.33009603775439,77.24,7.1,NONE
2026-02-02 23:00:00,Facility_C,Refinery & Petrochemicals,"Maharashtra, India",21912.38,684.96,37.06,24.24,88.0029960573291,71.43,7.32,NONE
2026-02-02 23:15:00,Facility_B,Heavy Manufacturing,"Indiana, USA",30082.21,992.85,27.96,23.22,89.32041357163278,77.47,7.55,NONE
2026-02-02 23:30:00,Facility_A,Food & Beverage Processing,"Illinois, USA",17859.03,629.28,35.67,23.77,92.07820098932187,76.13,6.79,NONE
2026-02-02 23:45:00,Facility_D,Pharmaceuticals & Healthcare,"Flanders, Belgium",20860.49,704.44,37.98,26.18,93.6418413899695,75.01,7.15,NONE
2026-02-03 00:00:00,Facility_A,Food & Beverage Processing,"Illinois, USA",16664.04,687.82,32.15,24.7,89.1908523939539,72.02,6.98,NONE
2026-02-03 00:15:00,facility_e,Data Center Cooling,"Nuevo Leon, Mexico",22800.99,491.88,23.59,29.31,92.79050081980229,74.83,7.31,NONE
2026-02-03 00:30:00,Facility_B,Heavy Manufacturing,"Indiana, USA",23848.58,932.0,26.1,25.53,95.60163833079204,65.31,7.27,NONE
2026-02-03 00:45:00,Facility_E,Data Center Cooling,"Nuevo Leon, Mexico",19786.0,727.19,26.45,27.96,97.01899590412788,76.07,7.26,NONE
2026-02-03 01:00:00,Facility_B,HEAVY_MANUFACTURING,"Indiana, USA",27744.16,902.88,30.02,29.42,85.98833393147717,74.12,7.44,NONE
2026-02-03 01:15:00,Facility_C,Refinery & Petrochemicals,"Maharashtra, India",15480.53,794.15,39.34,27.38,95.60092602283528,78.6,7.73,NONE
2026-02-03 01:30:00,Facility_E,data center,"Nuevo Leon, Mexico",24042.57,852.42,26.4,27.33,85.58497314026181,69.21,7.69,NONE
2026-02-03 01:45:00,Facility_E,Data Center Cooling,"Nuevo Leon, Mexico",19568.5,779.82,29.51,30.5,87.03477673504561,75.59,7.44,NONE
2026-02-03 02:00:00,facility_b,Heavy Manufacturing,"Indiana, USA",23135.29,920.66,22.62,30.42,86.60180556923078,69.93,7.31,NONE
2026-02-03 02:15:00,Facility_B,Heavy Manufacturing,"Indiana, USA",26463.61,683.08,32.88,30.08,99.59060186055758,77.16,7.14,NONE
2026-02-03 02:30:00,Facility_D,PHARMACEUTICALS,"Flanders, Belgium",16312.56,545.07,46.66,29.02,93.78881245550289,80.21,7.02,NONE
2026-02-03 02:45:00,Facility_B,Heavy Manufacturing,"Indiana, USA",27457.97,883.37,,30.67,93.3121883106262,67.78,7.19,NONE
2026-02-03 03:00:00,facility_d,pharma,"Flanders, Belgium",20610.58,674.51,32.36,27.01,88.46350904256553,70.55,7.62,NONE
2026-02-03 03:15:00,facility_d,Healthcare & Pharma,"Flanders, Belgium",89907.42,450.72,32.44,27.0,52.11850123602929,131.43,7.24,PRESSURE_BURST_SURGE
2026-02-03 03:30:00,Facility_B,Heavy Manufacturing,"Indiana, USA",27600.98,828.47,29.72,31.35,90.31184315345493,75.19,7.54,NONE
2026-02-03 03:45:00,Facility_C,Refinery & Petrochemicals,"Maharashtra, India",22317.07,928.35,289.64,31.88,84.95546261321105,80.99,7.15,CHEMICAL_DOSING_BREACH
2026-02-03 04:00:00,FACILITY_B,Mfg Heavy,"Indiana, USA",25043.85,877.05,27.86,30.32,98.58061749832366,72.27,7.05,NONE
2026-02-03 04:15:00,Facility_A,Food & Beverage Processing,"Illinois, USA",23454.93,750.56,39.57,31.64,,76.9,7.07,NONE
2026-02-03 04:30:00,Facility_E,Data Center Cooling,"Nuevo Leon, Mexico",21118.82,744.32,21.71,28.73,100.0,75.07,7.3,NONE
2026-02-03 04:45:00,Facility_D,Pharmaceuticals & Healthcare,"Flanders, Belgium",22791.26,546.45,37.12,32.07,92.21764544442767,70.64,6.72,NONE
2026-02-03 05:00:00,Facility_D,Pharmaceuticals & Healthcare,"Flanders, Belgium",,515.17,38.17,29.26,100.0,69.24,7.74,NONE
2026-02-03 05:15:00,Facility_C,Petrochem / Refining,"Maharashtra, India",19323.47,839.69,38.63,26.43,93.46303142727501,72.82,7.03,NONE
2026-02-03 05:30:00,Facility_A,Food & Beverage Processing,"Illinois, USA",20325.45,835.39,20.27,29.5,89.51354827483641,74.32,7.26,NONE
2026-02-03 05:45:00,Facility_D,Pharmaceuticals & Healthcare,"Flanders, Belgium",17358.48,608.23,44.37,35.28,91.13318704490052,65.81,7.51,NONE
2026-02-03 06:00:00,Facility_C,refinery,"Maharashtra, India",22465.47,840.22,42.25,30.09,91.54936179272599,74.52,7.26,NONE
2026-02-03 06:15:00,Facility_C,Refinery & Petrochemicals,"Maharashtra, India",20325.09,852.35,39.9,31.41,94.28663144536095,77.57,6.8,NONE
2026-02-03 06:30:00,FACILITY_A,Food & Beverage Processing,"Illinois, USA",19749.75,716.74,32.39,30.31,94.88193757907717,71.41,7.67,NONE
2026-02-03 06:45:00,Facility_B,Heavy Manufacturing,"Indiana, USA",27255.85,852.66,25.57,31.89,94.16131103518237,70.6,7.33,NONE
2026-02-03 07:00:00,Facility_E,Data Center Cooling,"Nuevo Leon, Mexico",22692.84,791.37,30.55,30.53,96.78262250656607,79.57,7.56,NONE
2026-02-03 07:15:00,Facility_C ,Refinery & Petrochemicals,"Maharashtra, India",17499.81,694.79,33.22,33.8,94.40142692424753,83.57,7.32,NONE
2026-02-03 07:30:00,Facility_B,heavy mfg,"Indiana, USA",24989.02,833.78,28.11,28.8,89.82368554186664,76.26,7.65,NONE
2026-02-03 07:45:00,FACILITY_C,Refinery & Petrochemicals,"Maharashtra, India",24350.8,743.3,34.02,28.7,97.10232777399541,77.67,7.1,NONE
2026-02-03 08:00:00,Facility_C ,Refinery & Petrochemicals,"Maharashtra, India",16788.72,851.01,37.11,31.33,90.67514086931548,65.55,7.11,NONE
2026-02-03 08:15:00,Facility_B,Heavy Manufacturing,"Indiana, USA",27918.5,1017.33,26.7,33.92,96.1554232559734,67.73,7.41,NONE
2026-02-03 08:30:00,Facility_D,Pharmaceuticals & Healthcare,"Flanders, Belgium",20659.73,430.99,40.21,31.78,94.77637799721965,73.72,7.3,NONE
2026-02-03 08:45:00,Facility_E,Data Center Cooling,"Nuevo Leon, Mexico",20514.29,661.8,25.61,28.76,93.86318190792238,71.49,7.11,NONE
2026-02-03 09:00:00,Facility_D,Pharmaceuticals & Healthcare,"Flanders, Belgium",20425.66,590.09,35.24,30.24,92.049894740205,74.28,7.62,NONE
2026-02-03 09:15:00,Facility_B,Mfg Heavy,"Indiana, USA",23921.54,741.52,27.89,26.68,92.61216477007687,72.74,6.66,NONE
2026-02-03 09:30:00,Facility_B,Heavy Manufacturing,"Indiana, USA",,824.65,33.46,29.32,95.85394742500975,79.36,7.31,NONE
2026-02-03 09:45:00,Facility_C,Refinery & Petrochemicals,"Maharashtra, India",18825.14,654.74,40.71,28.46,90.28166223888645,77.33,6.74,NONE
2026-02-03 10:00:00,Facility_C,Refinery & Petrochemicals,"Maharashtra, India",17857.17,847.58,33.66,27.21,92.16830464923856,64.96,7.55,NONE
2026-02-03 10:15:00,Facility_A,Food & Beverage Processing,"Illinois, USA",18978.94,693.58,30.37,28.29,95.59099958615062,73.77,6.97,NONE
2026-02-03 10:30:00,Facility_A,Food & Beverage Processing,"Illinois, USA",20593.34,748.55,32.36,29.97,93.59721176452148,79.0,7.74,NONE
2026-02-03 10:45:00,FACILITY_E,Data Center Cooling,"Nuevo Leon, Mexico",22574.42,693.9,27.95,30.02,88.70759082857758,72.24,7.25,NONE
2026-02-03 11:00:00,FACILITY_B,Heavy Manufacturing,"Indiana, USA",23112.35,913.32,30.08,26.26,95.43764134475468,73.29,7.1,NONE
2026-02-03 11:15:00,Facility_D,Pharmaceuticals & Healthcare,"Flanders, Belgium",17117.59,593.81,41.44,26.4,95.24221226774084,81.12,7.0,NONE
2026-02-03 11:30:00,Facility_B,Heavy Manufacturing,"Indiana, USA",26890.73,909.78,,29.25,100.0,75.55,7.28,NONE
2026-02-03 11:45:00,Facility_B,Heavy Manufacturing,"Indiana, USA",210.76,1940.38,17.92,26.76,63.94936340754722,75.79,7.3,BROWNOUT_WATER_STALL
2026-02-03 12:00:00,Facility_C,Refinery & Petrochemicals,"Maharashtra, India",19493.76,822.67,28.77,27.67,91.15269201713002,72.93,7.16,NONE
2026-02-03 12:15:00,Facility_B,Heavy Manufacturing,"Indiana, USA",29113.46,741.52,34.3,30.54,88.53641576359809,71.36,7.52,NONE
2026-02-03 12:30:00,Fac_E_Cooling,Data Center Cooling,"Nuevo Leon, Mexico",18584.58,729.61,29.24,24.69,N/A,78.27,7.33,NONE
2026-02-03 12:45:00,Facility_C,Refinery & Petrochemicals,"Maharashtra, India",16480.43,867.51,41.33,26.38,90.35826447912682,70.05,6.69,NONE
2026-02-03 13:00:00,Facility_C,Refinery & Petrochemicals,"Maharashtra, India",17489.24,859.8,32.63,23.74,96.77323013302076,79.18,7.2,NONE
2026-02-03 13:15:00,Facility_E,Data Center Cooling,"Nuevo Leon, Mexico",22389.92,684.92,27.06,21.94,94.65232686743288,73.54,7.16,NONE
2026-02-03 13:30:00, Facility_A ,Food & Beverage Processing,"Illinois, USA",19050.27,697.67,28.03,25.69,92.54656261482732,73.4,6.94,NONE
2026-02-03 13:45:00,Facility_A,food & beverage,"Illinois, USA",18972.63,700.21,28.03,25.69,86.75501273077613,71.83,7.44,NONE
2026-02-03 14:00:00,FAC-B,Heavy Manufacturing,"Indiana, USA",32284.47,725.28,28.87,25.49,93.70271336846436,68.45,7.21,NONE
2026-02-03 14:15:00,Facility_E,Hyperscale Cooling,"Nuevo Leon, Mexico",14917.75,750.29,22.55,25.1,91.40904838800564,70.64,7.4,NONE
2026-02-03 14:30:00,FAC_A,Food & Beverage Processing,"Illinois, USA",19864.6,775.12,30.4,23.87,89.0637629415091,80.52,7.09,NONE
2026-02-03 14:45:00,Fac_D,Pharmaceuticals & Healthcare,"Flanders, Belgium",223.23,3060.55,39.18,23.44,53.58392125249192,73.71,6.82,BROWNOUT_WATER_STALL
2026-02-03 15:00:00,Facility_A,Food & Beverage Processing,"Illinois, USA",19337.95,696.4,32.91,22.81,96.1843867541697,68.75,7.7,NONE
2026-02-03 15:15:00,FACILITY_D,Pharmaceuticals & Healthcare,"Flanders, Belgium",22200.91,517.05,33.66,24.23,89.70089468882276,71.78,7.66,NONE
2026-02-03 15:30:00,Facility_A,Food & Beverage Processing,"Illinois, USA",20968.02,854.19,32.22,22.23,93.66397923728967,73.32,7.31,NONE
2026-02-03 15:45:00,Facility_B,Heavy Manufacturing,"Indiana, USA",25716.33,761.73,29.69,20.64,91.20615485469403,73.47,6.72,NONE
2026-02-03 16:00:00,Facility_C,Refinery & Petrochemicals,"Maharashtra, India",20564.34,617.47,38.31,20.71,92.20426018974881,76.34,7.97,NONE
2026-02-03 16:15:00,Facility_C,Refinery & Petrochemicals,"Maharashtra, India",19090.09,622.95,39.51,22.5,93.72370129426824,76.51,6.73,NONE
2026-02-03 16:30:00,Facility_B,Heavy Manufacturing,"Indiana, USA",25810.23,805.59,33.63,24.11,88.29359384709905,79.68,7.48,NONE
2026-02-03 16:45:00,FAC-B,Heavy Manufacturing,"Indiana, USA",148655.96,844.68,32.85,20.53,36.95862650507222,125.78,7.13,PRESSURE_BURST_SURGE
2026-02-03 17:00:00,Facility_E,Data Center Cooling,"Nuevo Leon, Mexico",122.51,3011.01,24.97,24.82,57.446070264696,81.5,7.73,BROWNOUT_WATER_STALL
2026-02-03 17:15:00,FAC-B,Heavy Manufacturing,"Indiana, USA",29067.13,893.2,28.98,24.85,96.08374138362377,76.48,6.88,NONE
2026-02-03 17:30:00,Facility_C,Refinery & Petrochemicals,"Maharashtra, India",18625.93,733.65,36.56,21.79,92.61697351650142,76.07,7.23,NONE
2026-02-03 17:45:00,Facility_E,Data Center Cooling,"Nuevo Leon, Mexico",21407.87,636.04,25.0,23.69,89.56338522657128,79.61,7.62,NONE
2026-02-03 18:00:00,Facility_B,Mfg Heavy,"Indiana, USA",24959.88,1091.89,,20.79,95.88775697184015,74.3,7.13,NONE
2026-02-03 18:15:00,Facility_B,Heavy Manufacturing,"Indiana, USA",22478.85,923.57,25.99,22.33,90.55271702967511,70.63,7.31,NONE
2026-02-03 18:30:00,FAC_A,Food & Beverage Processing,"Illinois, USA",20160.31,528.45,31.57,21.19,97.98756049104072,87.24,7.25,NONE
2026-02-03 18:45:00,facility_d,pharma,"Flanders, Belgium",14850.39,575.65,36.64,26.13,98.83308589880174,77.89,7.19,NONE
2026-02-03 19:00:00,Facility_B_Unit2,Heavy Manufacturing,"Indiana, USA",27887.55,862.26,29.51,19.83,96.89774508305167,74.49,7.32,NONE
2026-02-03 19:15:00,Facility_D,Healthcare & Pharma,"Flanders, Belgium",17370.88,523.84,38.83,19.56,96.02639603088014,69.26,6.77,NONE
2026-02-03 19:30:00,Facility_E,Data Center Cooling,"Nuevo Leon, Mexico",25713.04,685.64,25.47,24.85,99.43417888165325,67.1,7.08,NONE
2026-02-03 19:45:00,Facility_D,Pharmaceuticals & Healthcare,"Flanders, Belgium",16736.26,622.19,-8.23,20.97,98.0271850814983,70.81,7.44,CHEMICAL_DOSING_BREACH
2026-02-03 20:00:00,pune_fac_c,Refinery & Petrochemicals,"Maharashtra, India",18575.97,752.51,37.12,21.22,90.67208544580211,75.97,7.73,NONE
2026-02-03 20:15:00,Facility_D,Pharmaceuticals & Healthcare,"Flanders, Belgium",18667.75,597.66,40.68,24.67,90.44872087732276,70.5,7.16,NONE
2026-02-03 20:30:00,Facility_A,Food & Beverage Processing,"Illinois, USA",23721.15,749.23,,23.99,N/A,82.72,7.48,NONE
2026-02-03 20:45:00,Facility_D,Pharmaceuticals & Healthcare,"Flanders, Belgium",20343.42,468.54,40.77,22.85,89.26709448087604,69.71,7.0,NONE
2026-02-03 21:00:00,Facility_A,Food & Beverage Processing,"Illinois, USA",16300.08,717.32,29.88,24.27,98.86312278741761,73.42,6.72,NONE
2026-02-03 21:15:00,Facility_B,heavy mfg,"Indiana, USA",25041.19,940.25,28.14,26.62,94.94941309804102,65.73,7.38,NONE
2026-02-03 21:30:00,Facility_C,Refinery & Petrochemicals,"Maharashtra, India",19498.0,860.94,43.14,25.7,94.9095353516391,77.04,7.3,NONE
2026-02-03 21:45:00,Facility_C,Refinery & Petrochemicals,"Maharashtra, India",15522.01,780.22,37.03,22.11,97.74518924639982,78.52,6.97,NONE
2026-02-03 22:00:00,Facility_C,Refinery & Petrochemicals,"Maharashtra, India",21912.74,753.04,32.23,26.44,93.33662587916781,82.55,7.11,NONE
2026-02-03 22:15:00,Facility_E,Data Center Cooling,"Nuevo Leon, Mexico",16715.44,728.97,31.81,23.06,89.2436787750404,75.03,6.94,NONE
2026-02-03 22:30:00,Facility_A,Food and Beverage,"Illinois, USA",19971.94,688.71,33.58,22.48,97.6541220846205,73.18,7.56,NONE
2026-02-03 22:45:00,Fac_E_Cooling,Data Center Cooling,"Nuevo Leon, Mexico",23530.4,663.19,32.21,22.65,89.11555922316835,82.84,7.66,NONE
2026-02-03 23:00:00,Facility_D,Pharmaceuticals & Healthcare,"Flanders, Belgium",,547.93,37.93,99.98,93.46097418689953,70.64,7.1,SENSOR_TEMP_SPIKE
2026-02-03 23:15:00,Facility_C,Refinery & Petrochemicals,"Maharashtra, India",19310.17,694.1,30.9,148.03,93.19549007524603,78.22,7.23,SENSOR_TEMP_SPIKE
2026-02-03 23:30:00,Facility_B,HEAVY_MANUFACTURING,"Indiana, USA",23991.13,875.58,25.09,24.79,91.52094595078587,73.06,7.85,NONE
2026-02-03 23:45:00,Facility_B,Heavy Manufacturing,"Indiana, USA",21529.11,948.82,31.6,29.06,100.0,80.44,7.61,NONE
2026-02-04 00:00:00,Facility_B,heavy mfg,"Indiana, USA",21728.09,740.36,30.01,96.13,95.46940560413191,64.39,7.67,SENSOR_TEMP_SPIKE
2026-02-04 00:15:00,Facility_E,data center,"Nuevo Leon, Mexico",20285.45,607.61,33.69,29.17,92.37523915134817,76.98,7.24,NONE
2026-02-04 00:30:00,Facility_B,Heavy Manufacturing,"Indiana, USA",26682.82,903.77,30.83,29.44,95.16041816225707,74.13,7.14,NONE
2026-02-04 00:45:00,Facility_E,Data Center Cooling,"Nuevo Leon, Mexico",87524.03,810.75,22.19,29.27,44.74815929304584,122.73,7.04,PRESSURE_BURST_SURGE
2026-02-04 01:00:00,Facility_D,PHARMACEUTICALS,"Flanders, Belgium",18404.55,600.99,33.35,30.97,93.51563437097661,71.18,7.17,NONE
2026-02-04 01:15:00,FACILITY_A,Food & Beverage Processing,"Illinois, USA",22431.02,654.19,32.75,29.38,95.27349036185475,71.47,7.58,NONE
2026-02-04 01:30:00,Facility_E,Data Center Cooling,"Nuevo Leon, Mexico",21494.43,621.0,33.64,26.93,N/A,75.39,7.2,NONE
2026-02-04 01:45:00,facility_b,Heavy Mfg.,"Indiana, USA",28132.48,747.28,26.09,30.48,93.5808864420751,69.24,7.37,NONE
2026-02-04 02:00:00,Facility_A,Food & Beverage Processing,"Illinois, USA",20191.45,599.92,38.45,31.72,93.88400237796787,73.1,7.36,NONE
2026-02-04 02:15:00,facility_b,Heavy Manufacturing,"Indiana, USA",28553.81,878.02,29.5,31.21,97.11900413619793,69.68,7.6,NONE
2026-02-04 02:30:00,Facility_C,Refinery & Petrochemicals,"Maharashtra, India",21428.79,798.62,38.02,28.38,89.64585525591669,82.49,6.97,NONE
2026-02-04 02:45:00,Facility_A,Food & Beverage Processing,"Illinois, USA",23149.33,708.35,36.74,29.18,96.49971449452853,76.02,7.16,NONE
2026-02-04 03:00:00,Facility_B,Heavy Manufacturing,"Indiana, USA",26205.07,827.99,31.2,29.58,--,69.38,6.99,NONE
2026-02-04 03:15:00,Facility_B,Heavy Manufacturing,"Indiana, USA",26008.58,855.25,24.08,30.54,95.46814272632328,74.7,7.35,NONE
2026-02-04 03:30:00,monterrey_e,Data Center Cooling,"Nuevo Leon, Mexico",17890.7,653.68,30.16,28.18,91.0751580786468,75.25,7.92,NONE
2026-02-04 03:45:00,Facility_B,Heavy Manufacturing,"Indiana, USA",24560.0,1012.26,28.18,30.84,N/A,78.65,7.44,NONE
2026-02-04 04:00:00,Facility_E,Data Center Cooling,"Nuevo Leon, Mexico",20518.44,812.11,30.28,29.18,98.00908106735972,76.06,7.14,NONE
2026-02-04 04:15:00,Facility_D,Pharmaceuticals & Healthcare,"Flanders, Belgium",16773.37,680.46,35.43,31.44,null,77.24,7.89,NONE
2026-02-04 04:30:00,Facility_E,Data Center Cooling,"Nuevo Leon, Mexico",23625.2,812.68,27.67,134.99,100.0,73.81,7.32,SENSOR_TEMP_SPIKE
2026-02-04 04:45:00,Fac_D,Pharmaceuticals & Healthcare,"Flanders, Belgium",19367.71,599.7,32.0,29.1,93.53427011020614,78.62,6.92,NONE
2026-02-04 05:00:00,Facility_E,Data Center Cooling,"Nuevo Leon, Mexico",22350.51,804.85,32.21,30.22,96.85756759026694,70.33,7.61,NONE
2026-02-04 05:15:00,Facility_A,Food & Beverage Processing,"Illinois, USA",19120.5,716.06,31.63,31.59,89.96461997168974,77.98,7.59,NONE
2026-02-04 05:30:00,FAC_A,Food & Beverage Processing,"Illinois, USA",18566.1,713.18,27.89,28.38,94.13172749386561,74.92,7.26,NONE
2026-02-04 05:45:00,Facility_E,Data Center Cooling,"Nuevo Leon, Mexico",17935.56,784.28,26.98,29.14,97.58298235475432,69.61,7.51,NONE
2026-02-04 06:00:00,Facility_B,heavy mfg,"Indiana, USA",21149.23,719.36,30.53,29.89,89.75968706557367,78.27,7.45,NONE
2026-02-04 06:15:00,Facility_E,Data Center Cooling,"Nuevo Leon, Mexico",15712.19,821.96,24.03,27.42,ERROR_SENSOR,73.81,7.37,NONE
2026-02-04 06:30:00,Facility_C ,Refinery & Petrochemicals,"Maharashtra, India",15133.45,667.2,32.3,29.21,95.93775626864824,72.14,7.56,NONE
2026-02-04 06:45:00,monterrey_e,Data Center Cooling,"Nuevo Leon, Mexico",80.88,1891.7,,29.88,50.26050465769134,73.76,6.77,BROWNOUT_WATER_STALL
2026-02-04 07:00:00,Facility_C,Refinery & Petrochemicals,"Maharashtra, India",15892.88,651.27,34.29,29.64,92.86948204711415,73.51,7.2,NONE
2026-02-04 07:15:00,Facility_D,Pharmaceuticals & Healthcare,"Flanders, Belgium",18241.87,520.43,43.9,28.85,92.3128617297109,70.74,7.14,NONE
2026-02-04 07:30:00,Facility_C,Refinery & Petrochemicals,"Maharashtra, India",18882.67,769.06,33.57,29.69,91.19659663682154,75.81,7.93,NONE
2026-02-04 07:45:00,Facility_E,Data Center Cooling,"Nuevo Leon, Mexico",18884.9,779.55,28.69,31.29,95.72973747358743,74.92,7.34,NONE
2026-02-04 08:00:00,Facility_D,Pharmaceuticals & Healthcare,"Flanders, Belgium",17743.1,525.47,37.09,27.65,91.5996608316241,78.98,7.38,NONE
2026-02-04 08:15:00,Facility_A,Food & Beverage Processing,"Illinois, USA",21326.45,817.79,30.76,30.2,92.53409313871119,70.34,7.08,NONE
2026-02-04 08:30:00,FACILITY_E,Data Center Cooling,"Nuevo Leon, Mexico",23234.86,765.65,36.26,31.42,91.16011843348362,77.78,7.26,NONE
2026-02-04 08:45:00,Facility_C,Refinery & Petrochemicals,"Maharashtra, India",21576.18,739.21,31.08,28.08,91.11707231227227,70.22,7.19,NONE
2026-02-04 09:00:00,Facility_D,Pharmaceuticals & Healthcare,"Flanders, Belgium",,671.19,31.91,31.6,91.97134810888183,75.57,6.89,NONE
2026-02-04 09:15:00,Facility_C,Petrochem / Refining,"Maharashtra, India",20010.92,621.19,36.82,29.6,94.11122442974549,70.69,7.5,NONE
2026-02-04 09:30:00,Facility_D,Pharmaceuticals & Healthcare,"Flanders, Belgium",19597.48,557.05,40.32,28.76,95.19208690850803,73.43,7.41,NONE
2026-02-04 09:45:00,Facility_D,Pharmaceuticals & Healthcare,"Flanders, Belgium",,546.36,,29.22,97.30605241156138,75.35,7.44,NONE
2026-02-04 10:00:00,Facility_C,Petrochem / Refining,"Maharashtra, India",18731.71,834.43,34.72,-17.68,97.03695440919957,71.61,7.6,SENSOR_TEMP_SPIKE
2026-02-04 10:15:00,Facility_A,Food & Beverage Processing,"Illinois, USA",21819.44,753.41,26.25,28.32,92.85360000941242,71.77,7.39,NONE
2026-02-04 10:30:00,Facility_D,Pharmaceuticals & Healthcare,"Flanders, Belgium",20446.85,542.91,36.78,27.6,97.2243873457418,72.84,7.0,NONE
2026-02-04 10:45:00,Facility_C,Refinery & Petrochemicals,"Maharashtra, India",15272.23,805.18,286.35,28.99,89.24009603677717,71.57,6.98,CHEMICAL_DOSING_BREACH
2026-02-04 11:00:00,facility_c,Refinery & Petrochemicals,"Maharashtra, India",19592.04,692.62,32.37,27.96,88.09922749400204,72.91,7.77,NONE
2026-02-04 11:15:00,Facility_B,HEAVY_MANUFACTURING,"Indiana, USA",25233.07,714.96,25.95,26.15,100.0,81.5,7.55,NONE
2026-02-04 11:30:00,Facility_C,Refinery & Petrochemicals,"Maharashtra, India",18051.91,870.29,30.74,28.96,96.46951531974415,73.32,7.67,NONE
2026-02-04 11:45:00,facility_c,refinery,"Maharashtra, India",17816.62,678.7,39.61,26.61,95.42569793055574,82.19,7.15,NONE
2026-02-04 12:00:00,Facility_D,Pharmaceuticals & Healthcare,"Flanders, Belgium",18396.93,658.31,40.31,25.24,90.44394334867367,71.62,7.14,NONE
2026-02-04 12:15:00,Facility_B,Heavy Manufacturing,"Indiana, USA",26524.54,846.59,29.67,24.72,93.27333149591918,64.75,7.39,NONE
2026-02-04 12:30:00,Facility_E,Data Center Cooling,"Nuevo Leon, Mexico",24076.22,643.14,30.53,24.88,96.06800369181879,74.71,7.46,NONE
2026-02-04 12:45:00,Facility_A,Food & Beverage Processing,"Illinois, USA",19412.84,807.71,32.96,24.45,93.81588816742722,72.34,7.4,NONE
2026-02-04 13:00:00,Facility_C,Refinery & Petrochemicals,"Maharashtra, India",17878.64,724.41,36.34,25.57,--,72.13,6.8,NONE
2026-02-04 13:15:00,Facility_B,Heavy Manufacturing,"Indiana, USA",24663.89,703.38,30.25,22.2,90.33721260027488,72.37,7.78,NONE
2026-02-04 13:30:00,Facility_A,food & beverage,"Illinois, USA",16782.95,713.88,33.94,27.64,95.9889432055085,78.92,7.59,NONE
2026-02-04 13:45:00,Facility_B,Heavy Manufacturing,"Indiana, USA",22048.01,870.21,,23.01,91.64476839448312,70.39,7.57,NONE
2026-02-04 14:00:00,Facility_A,Food & Beverage Processing,"Illinois, USA",19102.85,690.12,26.12,24.38,91.68371726404881,75.1,7.03,NONE
2026-02-04 14:15:00,Facility_D,PHARMACEUTICALS,"Flanders, Belgium",19118.63,544.02,32.25,21.89,89.73353475832738,73.07,7.38,NONE
2026-02-04 14:30:00,Facility_C,Refinery & Petrochemicals,"Maharashtra, India",19436.6,800.9,32.31,25.97,92.08487831677391,76.03,7.3,NONE
2026-02-04 14:45:00,Facility_E,Data Center Cooling,"Nuevo Leon, Mexico",22051.07,733.93,30.15,23.85,96.10428982608221,70.32,6.85,NONE
2026-02-04 15:00:00,Facility_D,Pharmaceuticals & Healthcare,"Flanders, Belgium",16532.57,629.82,36.85,23.84,90.12836283505156,74.29,7.06,NONE
2026-02-04 15:15:00,Facility_E,Data Center Cooling,"Nuevo Leon, Mexico",18882.52,719.81,182.44,24.49,95.35294367340107,66.85,7.35,CHEMICAL_DOSING_BREACH
2026-02-04 15:30:00,Facility_C,Refinery & Petrochemicals,"Maharashtra, India",18863.11,757.54,37.65,23.47,91.74217430309359,78.17,6.73,NONE
2026-02-04 15:45:00,Facility_B_Unit2,Heavy Mfg.,"Indiana, USA",25591.11,691.89,24.67,24.12,89.42256806258943,67.59,8.02,NONE
2026-02-04 16:00:00, Facility_A ,Food & Beverage Processing,"Illinois, USA",16120.92,830.68,30.78,-18.37,95.31371644988225,80.01,7.03,SENSOR_TEMP_SPIKE
2026-02-04 16:15:00,Facility_B,Heavy Manufacturing,"Indiana, USA",24210.88,932.56,30.66,26.17,94.07148351626768,75.0,7.44,NONE
2026-02-04 16:30:00,Facility_A,Food & Beverage Processing,"Illinois, USA",18933.63,773.47,32.5,24.22,96.52239953159732,75.93,7.49,NONE
2026-02-04 16:45:00,Facility_A,Food & Beverage Processing,"Illinois, USA",16927.56,673.76,35.04,25.27,87.29062327837325,71.44,7.36,NONE
2026-02-04 17:00:00,Facility_B,Heavy Manufacturing,"Indiana, USA",23068.82,770.91,30.49,25.48,86.99816461976914,73.23,7.48,NONE
2026-02-04 17:15:00,Fac_E_Cooling,Hyperscale Cooling,"Nuevo Leon, Mexico",23075.5,773.93,35.9,22.63,97.6983769292547,71.09,7.37,NONE
2026-02-04 17:30:00,facility_e,Data Center Cooling,"Nuevo Leon, Mexico",18029.41,817.56,27.99,23.18,92.49722037988776,76.64,7.46,NONE
2026-02-04 17:45:00,Facility_B,Heavy Manufacturing,"Indiana, USA",22711.75,761.31,28.38,23.7,99.46126576996431,75.36,7.63,NONE
2026-02-04 18:00:00,Facility_D,Pharmaceuticals & Healthcare,"Flanders, Belgium",15096.09,683.54,40.04,22.41,92.97297264813464,69.02,7.12,NONE
2026-02-04 18:15:00,Facility_A,Food & Beverage Processing,"Illinois, USA",23679.09,642.48,,21.24,89.66582159052393,74.07,7.65,NONE
2026-02-04 18:30:00,Facility_A_Line1,Food & Beverage Processing,"Illinois, USA",17851.81,615.08,32.73,22.43,null,71.95,7.28,NONE
2026-02-04 18:45:00,Facility_C,Refinery & Petrochemicals,"Maharashtra, India",18489.18,783.92,33.85,21.58,87.57879140837811,71.46,7.55,NONE
2026-02-04 19:00:00,Facility_A,Food & Beverage Processing,"Illinois, USA",21228.39,679.41,36.96,22.58,89.21889161018896,66.56,7.69,NONE
2026-02-04 19:15:00,Facility_D,Pharmaceuticals & Healthcare,"Flanders, Belgium",17881.13,499.92,28.01,22.0,94.79520274878836,70.86,7.06,NONE
2026-02-04 19:30:00,Facility_B,Heavy Manufacturing,"Indiana, USA",24089.79,944.43,22.65,21.65,97.37442476677629,76.22,7.4,NONE
2026-02-04 19:45:00,Facility_B,Heavy Mfg.,"Indiana, USA",23783.19,842.56,26.24,21.37,90.04381607903443,77.53,7.33,NONE
2026-02-04 20:00:00,facility_c,Petrochem / Refining,"Maharashtra, India",19537.56,788.79,37.35,22.58,91.95869615662536,70.33,6.95,NONE
2026-02-04 20:15:00,Facility_E,Data Center Cooling,"Nuevo Leon, Mexico",18259.01,722.59,21.77,20.69,96.83484765643257,75.01,7.22,NONE
2026-02-04 20:30:00,Facility_D,Pharmaceuticals & Healthcare,"Flanders, Belgium",23821.59,475.21,41.6,23.13,96.012150473321,74.49,6.83,NONE
2026-02-04 20:45:00,Facility_D,Pharmaceuticals & Healthcare,"Flanders, Belgium",18933.43,588.09,28.29,26.99,94.49586430135287,77.02,7.02,NONE
2026-02-04 21:00:00,Facility_D,Pharmaceuticals & Healthcare,"Flanders, Belgium",20270.32,630.99,262.69,23.65,90.64051800032507,73.03,7.21,CHEMICAL_DOSING_BREACH
2026-02-04 21:15:00,Facility_D,Pharmaceuticals & Healthcare,"Flanders, Belgium",20003.86,521.26,36.4,24.97,91.24785049604466,76.93,7.5,NONE
2026-02-04 21:30:00,Facility_E,Data Center Cooling,"Nuevo Leon, Mexico",20413.95,837.13,28.83,26.05,99.23908775960697,72.91,7.53,NONE
2026-02-04 21:45:00,Facility_A,Food & Beverage Processing,"Illinois, USA",17789.22,639.36,30.68,21.83,90.49965510512861,76.66,7.21,NONE
2026-02-04 22:00:00,Facility_C,Refinery & Petrochemicals,"Maharashtra, India",20432.22,800.26,43.27,25.44,97.06549782489381,75.81,7.44,NONE
2026-02-04 22:15:00,Facility_B,Heavy Manufacturing,"Indiana, USA",29394.62,896.18,29.38,25.1,95.22233379785733,70.98,7.15,NONE
2026-02-04 22:30:00,Facility_E,Data Center Cooling,"Nuevo Leon, Mexico",24709.13,889.83,24.6,23.77,97.15607302241327,76.4,7.54,NONE
2026-02-04 22:45:00,Facility_D,Pharmaceuticals & Healthcare,"Flanders, Belgium",20733.02,555.3,38.89,25.67,90.75282687921452,75.42,7.7,NONE
2026-02-04 23:00:00,Facility_D,Healthcare & Pharma,"Flanders, Belgium",17968.44,577.68,38.37,24.95,95.66608396062195,70.94,7.72,NONE
2026-02-04 23:15:00,FACILITY_A,Food & Beverage Processing,"Illinois, USA",20710.51,646.21,38.63,26.02,91.18656794484784,78.97,7.49,NONE
2026-02-04 23:30:00,Facility_A,Food & Beverage Processing,"Illinois, USA",15167.01,675.52,32.67,22.09,93.77222427323966,74.71,7.02,NONE
2026-02-04 23:45:00,Facility_A,Food & Beverage Processing,"Illinois, USA",19888.61,713.53,26.5,27.89,96.18113214325697,72.7,7.29,NONE
2026-02-05 00:00:00,Facility_B,HEAVY_MANUFACTURING,"Indiana, USA",28037.64,823.14,20.39,27.38,90.89757017363678,72.25,7.76,NONE
2026-02-05 00:15:00,Facility_D,Pharmaceuticals & Healthcare,"Flanders, Belgium",,569.1,39.64,27.67,90.55856714439109,73.73,7.36,NONE
2026-02-05 00:30:00,Facility_E,Data Center Cooling,"Nuevo Leon, Mexico",21788.77,771.69,,24.91,96.63629318463346,79.33,7.49,NONE
2026-02-05 00:45:00,Facility_E,Data Center Cooling,"Nuevo Leon, Mexico",19453.4,874.85,-6.5,26.05,97.249383031113,72.33,7.8,CHEMICAL_DOSING_BREACH
2026-02-05 01:00:00,Facility_B,Heavy Mfg.,"Indiana, USA",24144.69,875.06,27.57,26.65,98.04526857951528,80.81,7.23,NONE
2026-02-05 01:15:00,monterrey_e,Data Center Cooling,"Nuevo Leon, Mexico",16770.87,588.19,29.51,131.94,93.70159291385134,73.68,7.12,SENSOR_TEMP_SPIKE
2026-02-05 01:30:00,Facility_D,Pharmaceuticals & Healthcare,"Flanders, Belgium",13739.27,564.59,33.42,25.35,89.88407721348987,75.71,7.46,NONE
2026-02-05 01:45:00,Facility_B,HEAVY_MANUFACTURING,"Indiana, USA",30309.3,840.74,-3.25,27.84,89.06358696890949,68.57,7.51,CHEMICAL_DOSING_BREACH
2026-02-05 02:00:00,Facility_A,Food & Beverage Processing,"Illinois, USA",18436.63,769.36,29.76,30.51,94.60284460630893,73.07,7.41,NONE
2026-02-05 02:15:00,Facility_E,Data Center Cooling,"Nuevo Leon, Mexico",21054.78,869.71,29.53,28.72,92.73682925743745,77.79,7.55,NONE
2026-02-05 02:30:00,Facility_A,Food & Beverage Processing,"Illinois, USA",18630.0,630.6,27.71,28.6,97.81656801958107,72.87,7.18,NONE
2026-02-05 02:45:00,Facility_D,Pharmaceuticals & Healthcare,"Flanders, Belgium",14763.93,655.12,39.89,30.57,96.577401766174,73.26,7.37,NONE
2026-02-05 03:00:00,Facility_A,Food & Beverage Processing,"Illinois, USA",22703.99,725.8,33.97,134.64,95.55738026375246,73.42,7.34,SENSOR_TEMP_SPIKE
2026-02-05 03:15:00,Facility_C,Refinery & Petrochemicals,"Maharashtra, India",20583.88,819.82,38.01,28.7,91.64032156456992,77.51,7.19,NONE
2026-02-05 03:30:00,Facility_C,Refinery & Petrochemicals,"Maharashtra, India",18780.23,884.15,40.63,30.22,92.55235334453212,73.44,7.59,NONE
2026-02-05 03:45:00,Facility_C,Refinery & Petrochemicals,"Maharashtra, India",18744.54,733.62,40.61,30.15,91.65278137282641,76.16,7.62,NONE
2026-02-05 04:00:00,Facility_B,Heavy Manufacturing,"Indiana, USA",22671.45,823.16,27.46,30.78,95.52242663315154,71.52,6.93,NONE
2026-02-05 04:15:00,Facility_B,HEAVY_MANUFACTURING,"Indiana, USA",,745.92,29.64,29.85,94.01982049665304,81.43,8.2,NONE
2026-02-05 04:30:00,Facility_C ,refinery,"Maharashtra, India",15136.67,853.45,34.84,32.08,96.56324184377333,80.34,7.43,NONE
2026-02-05 04:45:00,Facility_B_Unit2,Heavy Manufacturing,"Indiana, USA",144848.13,917.92,29.0,29.87,37.894650990796094,121.55,7.8,PRESSURE_BURST_SURGE
2026-02-05 05:00:00,Facility_D,Pharmaceuticals & Healthcare,"Flanders, Belgium",16747.11,560.43,29.46,32.82,90.22132258193444,68.83,7.24,NONE
2026-02-05 05:15:00,Facility_C,Refinery & Petrochemicals,"Maharashtra, India",15794.23,827.06,31.44,31.33,96.4596188571592,71.53,7.15,NONE
2026-02-05 05:30:00, Facility_A ,Food & Beverage Processing,"Illinois, USA",17408.74,635.84,29.73,30.59,89.07434878274661,71.11,7.39,NONE
2026-02-05 05:45:00,pune_fac_c,Petrochem / Refining,"Maharashtra, India",18905.34,569.76,38.16,32.72,91.66754740564261,66.19,7.14,NONE
2026-02-05 06:00:00,Facility_C,Refinery & Petrochemicals,"Maharashtra, India",17033.43,870.23,30.91,29.86,98.8703569932265,74.72,7.4,NONE
2026-02-05 06:15:00,Facility_B,Heavy Manufacturing,"Indiana, USA",107004.14,922.13,30.2,33.83,37.33789418964906,133.82,7.34,PRESSURE_BURST_SURGE
2026-02-05 06:30:00,Facility_C ,Refinery & Petrochemicals,"Maharashtra, India",22240.02,788.47,32.98,27.9,88.8919662837759,75.7,7.76,NONE
2026-02-05 06:45:00,Facility_A,Food and Beverage,"Illinois, USA",18348.87,673.38,34.43,29.19,94.37834530441094,74.19,7.24,NONE
2026-02-05 07:00:00,Fac_E_Cooling,Data Center Cooling,"Nuevo Leon, Mexico",21060.66,882.24,31.04,32.33,90.5601780450558,78.93,7.53,NONE
2026-02-05 07:15:00,Facility_C,Petrochem / Refining,"Maharashtra, India",15439.05,818.94,33.34,27.51,93.91528234344838,76.43,7.39,NONE
2026-02-05 07:30:00,Facility_B,Heavy Manufacturing,"Indiana, USA",25452.24,812.23,38.86,28.07,96.29335034354305,74.07,7.11,NONE
2026-02-05 07:45:00,Facility_B,Heavy Manufacturing,"Indiana, USA",25640.21,722.99,,30.0,88.53642541248279,76.28,7.08,NONE
2026-02-05 08:00:00,Facility_A,Food & Beverage Processing,"Illinois, USA",,635.97,40.64,26.4,94.89559388406333,70.62,7.25,NONE
2026-02-05 08:15:00,Facility_B,Heavy Manufacturing,"Indiana, USA",27659.05,886.6,25.64,27.38,95.49085111584205,76.49,7.27,NONE
2026-02-05 08:30:00,Facility_B,HEAVY_MANUFACTURING,"Indiana, USA",27157.73,802.55,25.03,29.68,95.16090477149285,75.39,7.49,NONE
2026-02-05 08:45:00,Facility_A,F&B Processing,"Illinois, USA",17504.88,825.79,30.06,29.29,89.28030109050282,73.13,7.5,NONE
2026-02-05 09:00:00,facility_c,Refinery & Petrochemicals,"Maharashtra, India",20549.69,898.36,37.68,29.83,ERROR_SENSOR,71.02,7.62,NONE
2026-02-05 09:15:00,Facility_C,Refinery & Petrochemicals,"Maharashtra, India",20975.7,693.32,38.54,30.31,89.93581156795457,76.43,7.06,NONE
2026-02-05 09:30:00,Facility_A,Food & Beverage Processing,"Illinois, USA",13647.54,701.58,32.58,28.73,100.0,75.7,7.39,NONE
2026-02-05 09:45:00,Facility_D,Pharmaceuticals & Healthcare,"Flanders, Belgium",19683.98,543.89,41.4,29.37,N/A,71.19,6.91,NONE
2026-02-05 10:00:00,Facility_B,Heavy Manufacturing,"Indiana, USA",24238.31,863.74,26.63,29.03,92.75644199405983,75.94,7.08,NONE
2026-02-05 10:15:00,Facility_B,heavy mfg,"Indiana, USA",26386.96,786.16,22.04,-28.88,98.41621623621775,67.44,7.38,SENSOR_TEMP_SPIKE
2026-02-05 10:30:00,Facility_E,data center,"Nuevo Leon, Mexico",19851.89,702.6,23.6,30.08,90.72427414643496,72.33,6.83,NONE
2026-02-05 10:45:00,Facility_D,Pharmaceuticals & Healthcare,"Flanders, Belgium",20704.65,634.9,41.05,24.9,95.44288333049379,66.47,7.37,NONE
2026-02-05 11:00:00,facility_c,Refinery & Petrochemicals,"Maharashtra, India",19290.32,801.1,37.75,27.52,ERROR_SENSOR,76.41,7.38,NONE
2026-02-05 11:15:00,Facility_B,Heavy Manufacturing,"Indiana, USA",22996.57,708.17,34.97,29.5,--,70.96,6.65,NONE
2026-02-05 11:30:00,Facility_B,Heavy Manufacturing,"Indiana, USA",28156.53,870.8,26.93,29.05,96.21359210868113,74.79,7.36,NONE
2026-02-05 11:45:00,Facility_E,Data Center Cooling,"Nuevo Leon, Mexico",21229.05,801.0,24.9,27.53,90.55410897769731,80.01,7.5,NONE
2026-02-05 12:00:00,Facility_D,Pharmaceuticals & Healthcare,"Flanders, Belgium",17173.05,573.59,33.91,29.21,98.69320315030787,77.13,7.79,NONE
2026-02-05 12:15:00,Facility_C ,Refinery & Petrochemicals,"Maharashtra, India",19169.94,836.32,40.64,26.23,93.7275323434155,78.2,7.53,NONE
2026-02-05 12:30:00,pune_fac_c,Refinery & Petrochemicals,"Maharashtra, India",,607.08,34.76,22.2,90.32874452446225,70.07,7.19,NONE
2026-02-05 12:45:00,Facility_E,Data Center Cooling,"Nuevo Leon, Mexico",23177.35,827.83,30.64,26.86,95.59958546037967,62.76,7.35,NONE
2026-02-05 13:00:00,Facility_D,Pharmaceuticals & Healthcare,"Flanders, Belgium",14683.65,597.97,28.71,25.14,95.25286328326268,68.97,7.62,NONE
2026-02-05 13:15:00,Facility_D,Pharmaceuticals & Healthcare,"Flanders, Belgium",19857.02,590.67,40.43,24.57,93.9861403640218,74.05,7.35,NONE
2026-02-05 13:30:00,Facility_C,Refinery & Petrochemicals,"Maharashtra, India",,680.46,34.09,24.26,91.14246083994595,77.83,7.02,NONE
2026-02-05 13:45:00,Facility_C,Refinery & Petrochemicals,"Maharashtra, India",18439.52,867.62,39.32,26.92,91.60950215240247,77.53,7.05,NONE
2026-02-05 14:00:00,Facility_E,Data Center Cooling,"Nuevo Leon, Mexico",20401.49,736.37,26.08,23.85,91.92119703200846,69.58,7.59,NONE
2026-02-05 14:15:00,Facility_E,Hyperscale Cooling,"Nuevo Leon, Mexico",20638.04,765.11,29.19,24.38,--,72.63,7.75,NONE
2026-02-05 14:30:00,FACILITY_E,Data Center Cooling,"Nuevo Leon, Mexico",23026.21,751.38,26.62,23.85,94.83638885238959,80.75,6.97,NONE
2026-02-05 14:45:00,Facility_E,Data Center Cooling,"Nuevo Leon, Mexico",22770.55,834.5,22.26,23.54,90.09354248613428,75.94,7.25,NONE
2026-02-05 15:00:00,Facility_C,Refinery & Petrochemicals,"Maharashtra, India",18532.98,745.06,38.52,-25.98,94.23896564492689,74.72,7.51,SENSOR_TEMP_SPIKE
2026-02-05 15:15:00,Facility_C,Refinery & Petrochemicals,"Maharashtra, India",18235.14,642.9,27.9,19.75,95.65414340742481,76.48,7.69,NONE
2026-02-05 15:30:00,Facility_C,Refinery & Petrochemicals,"Maharashtra, India",16439.8,834.92,,23.63,95.50199326511874,70.6,8.07,NONE
2026-02-05 15:45:00,Facility_C,Refinery & Petrochemicals,"Maharashtra, India",21836.04,735.69,30.92,23.02,94.08322701946254,78.8,7.02,NONE
2026-02-05 16:00:00,Facility_B,Heavy Manufacturing,"Indiana, USA",26673.52,711.56,30.33,22.84,99.69737523931444,67.04,7.73,NONE
2026-02-05 16:15:00,Facility_E,Data Center Cooling,"Nuevo Leon, Mexico",16785.9,650.46,21.46,23.36,89.74416380558806,67.93,7.41,NONE
2026-02-05 16:30:00,Facility_A,FOOD & BEV,"Illinois, USA",20307.31,715.84,30.82,26.1,93.9666760519743,77.63,7.39,NONE
2026-02-05 16:45:00,Facility_C,Refinery & Petrochemicals,"Maharashtra, India",16346.63,819.73,32.75,22.55,94.47728858205896,65.26,6.9,NONE
2026-02-05 17:00:00,Facility_E,DATA_CENTER_COOLING,"Nuevo Leon, Mexico",23402.75,700.22,25.91,22.94,92.26584768921002,75.88,7.34,NONE
2026-02-05 17:15:00,Facility_D,Pharmaceuticals & Healthcare,"Flanders, Belgium",19165.12,529.06,38.31,24.57,91.68320570843457,78.12,7.34,NONE
2026-02-05 17:30:00,facility_a,Food & Beverage Processing,"Illinois, USA",20960.8,722.18,31.36,23.16,97.3835121993672,75.06,7.48,NONE
2026-02-05 17:45:00,Facility_E,DATA_CENTER_COOLING,"Nuevo Leon, Mexico",20167.0,867.82,31.19,22.65,93.10750824878504,78.4,7.18,NONE
2026-02-05 18:00:00,Facility_D,Pharmaceuticals & Healthcare,"Flanders, Belgium",14714.16,573.12,42.5,25.36,93.15665938101158,74.2,7.5,NONE
2026-02-05 18:15:00,FACILITY_B,Heavy Manufacturing,"Indiana, USA",24971.89,883.38,28.14,24.33,95.81353764191303,77.65,7.29,NONE
2026-02-05 18:30:00,Facility_C,Refinery & Petrochemicals,"Maharashtra, India",23178.13,814.6,36.54,21.16,93.18937017552463,74.51,7.13,NONE
2026-02-05 18:45:00,Facility_A,Food & Beverage Processing,"Illinois, USA",18587.29,701.18,31.73,19.4,93.06713426974635,72.3,7.34,NONE
2026-02-05 19:00:00,Facility_A,Food & Beverage Processing,"Illinois, USA",21656.1,859.34,34.35,20.41,92.39469775413589,76.68,7.49,NONE
2026-02-05 19:15:00,Facility_D,Pharmaceuticals & Healthcare,"Flanders, Belgium",20936.81,563.46,35.97,25.87,93.68774593078284,69.42,7.76,NONE
2026-02-05 19:30:00,Facility_E,Hyperscale Cooling,"Nuevo Leon, Mexico",17311.89,487.87,31.73,24.44,94.82484141422302,68.14,7.33,NONE
2026-02-05 19:45:00,Facility_D,Pharmaceuticals & Healthcare,"Flanders, Belgium",18094.16,538.43,43.43,21.03,94.51153424994048,79.37,7.46,NONE
2026-02-05 20:00:00,Facility_B,Heavy Manufacturing,"Indiana, USA",29631.01,887.35,30.3,23.7,95.46301845328048,72.27,6.99,NONE
2026-02-05 20:15:00,Facility_D,Pharmaceuticals & Healthcare,"Flanders, Belgium",20862.05,635.1,38.56,22.19,88.51530522710516,74.39,6.97,NONE
2026-02-05 20:30:00,Facility_D,Pharmaceuticals & Healthcare,"Flanders, Belgium",,2212.71,34.29,23.95,48.26751147904206,71.27,6.87,BROWNOUT_WATER_STALL
2026-02-05 20:45:00,FACILITY_C,Refinery & Petrochemicals,"Maharashtra, India",16900.12,841.84,34.66,24.78,90.091721970628,72.28,7.09,NONE
2026-02-05 21:00:00,facility_b,Heavy Manufacturing,"Indiana, USA",27160.13,824.78,35.95,22.46,90.17327018647403,75.34,7.3,NONE
2026-02-05 21:15:00,Facility_D,Pharmaceuticals & Healthcare,"Flanders, Belgium",19847.78,565.49,36.91,22.66,92.63731315538648,67.12,7.69,NONE
2026-02-05 21:30:00,Facility_B,Heavy Manufacturing,"Indiana, USA",29719.4,918.75,26.58,22.93,95.0971053053579,69.72,7.67,NONE
2026-02-05 21:45:00,Facility_B,Heavy Manufacturing,"Indiana, USA",18420.97,802.04,24.03,26.52,96.93511883270058,76.54,7.89,NONE
2026-02-05 22:00:00,Facility_A,Food and Beverage,"Illinois, USA",343.36,2129.79,24.79,23.92,64.99394419318138,69.87,7.42,BROWNOUT_WATER_STALL
2026-02-05 22:15:00,Facility_C,Refinery & Petrochemicals,"Maharashtra, India",14379.15,847.29,33.53,26.92,91.10963078973703,76.7,6.98,NONE
2026-02-05 22:30:00,Facility_E,Data Center Cooling,"Nuevo Leon, Mexico",23710.82,815.7,30.47,24.26,89.01359800503005,72.24,7.66,NONE
2026-02-05 22:45:00,Facility_C,Refinery & Petrochemicals,"Maharashtra, India",19120.62,656.33,30.78,27.47,95.06132080680923,68.45,6.86,NONE
2026-02-05 23:00:00,Facility_C,Refinery & Petrochemicals,"Maharashtra, India",17414.88,633.15,34.85,29.88,88.38974055776265,73.16,7.72,NONE
2026-02-05 23:15:00,Facility_A,Food & Beverage Processing,"Illinois, USA",20994.56,702.39,30.89,23.64,92.64350153598222,75.1,7.66,NONE
2026-02-05 23:30:00,Facility_D,Healthcare & Pharma,"Flanders, Belgium",17325.91,558.2,274.83,26.38,96.00809424098868,76.83,7.02,CHEMICAL_DOSING_BREACH
2026-02-05 23:45:00,facility_c,Refinery & Petrochemicals,"Maharashtra, India",19158.8,764.47,29.12,25.84,94.96711222143642,75.1,7.21,NONE
2026-02-06 00:00:00,Facility_E,Data Center Cooling,"Nuevo Leon, Mexico",19618.09,675.94,26.84,24.96,96.60427515576741,69.94,7.38,NONE
2026-02-06 00:15:00,Facility_B,Heavy Manufacturing,"Indiana, USA",25958.06,919.44,33.08,28.01,94.62937069852842,69.28,7.05,NONE
2026-02-06 00:30:00,Facility_A,Food & Beverage Processing,"Illinois, USA",17308.13,766.61,31.81,28.59,96.70896874982427,70.73,7.36,NONE
2026-02-06 00:45:00,Facility_E,Data Center Cooling,"Nuevo Leon, Mexico",21067.1,725.42,26.25,29.41,93.66630952548961,74.06,7.13,NONE
2026-02-06 01:00:00,Facility_C,REFINERY_PETRO,"Maharashtra, India",20352.47,698.9,,28.4,92.17995184216458,75.43,7.4,NONE
2026-02-06 01:15:00,Facility_B,Heavy Manufacturing,"Indiana, USA",25668.19,841.09,28.76,28.02,93.69277450029986,69.03,7.31,NONE
2026-02-06 01:30:00,Facility_E,Data Center Cooling,"Nuevo Leon, Mexico",21770.85,757.3,32.51,29.15,90.71468948782996,73.25,7.26,NONE
2026-02-06 01:45:00,Facility_D,pharma,"Flanders, Belgium",18709.23,568.83,40.07,28.59,97.43774401666737,75.08,7.12,NONE
2026-02-06 02:00:00,FAC_A,Food & Beverage Processing,"Illinois, USA",18182.85,756.05,24.72,26.08,93.53423106280074,78.28,7.72,NONE
2026-02-06 02:15:00,Facility_A,Food & Beverage Processing,"Illinois, USA",18761.15,788.64,31.8,25.97,93.47415508326922,71.21,7.61,NONE
2026-02-06 02:30:00,Facility_A,Food & Beverage Processing,"Illinois, USA",19203.65,621.88,25.2,28.9,85.75530409132894,71.67,7.41,NONE
2026-02-06 02:45:00,Facility_E,Data Center Cooling,"Nuevo Leon, Mexico",18423.63,824.55,33.5,27.31,92.54625864257125,78.48,7.35,NONE
2026-02-06 03:00:00,Facility_D,Pharmaceuticals & Healthcare,"Flanders, Belgium",15586.61,560.85,33.92,31.32,95.43898270183868,72.59,7.39,NONE
2026-02-06 03:15:00,monterrey_e,Data Center Cooling,"Nuevo Leon, Mexico",17787.84,693.47,35.02,29.6,96.47627457533237,75.04,7.72,NONE
2026-02-06 03:30:00,Facility_A,Food & Beverage Processing,"Illinois, USA",14642.57,699.58,38.41,130.78,97.74119122812861,73.97,7.2,SENSOR_TEMP_SPIKE
2026-02-06 03:45:00,antwerp_hub_d,Pharmaceuticals & Healthcare,"Flanders, Belgium",16411.7,598.2,37.22,30.74,93.9558456289666,78.33,7.62,NONE
2026-02-06 04:00:00,Facility_E,Data Center Cooling,"Nuevo Leon, Mexico",18401.21,770.52,21.49,30.2,95.43377369504508,68.09,7.23,NONE
2026-02-06 04:15:00,Facility_E,data center,"Nuevo Leon, Mexico",21124.12,767.54,27.33,27.98,93.32717695385837,66.56,7.28,NONE
2026-02-06 04:30:00,Facility_A,Food & Beverage Processing,"Illinois, USA",18242.74,703.43,29.15,27.48,92.32770137411356,78.19,7.7,NONE
2026-02-06 04:45:00,Facility_B,Heavy Manufacturing,"Indiana, USA",,982.1,23.47,29.55,93.42708596851911,73.61,7.37,NONE
2026-02-06 05:00:00,Facility_A,Food & Beverage Processing,"Illinois, USA",24828.29,635.85,28.5,33.32,91.52885970212847,75.77,7.64,NONE
2026-02-06 05:15:00,Facility_D,Pharmaceuticals & Healthcare,"Flanders, Belgium",19811.81,579.91,41.44,28.82,91.9116379856128,76.41,6.77,NONE
2026-02-06 05:30:00,Facility_D,Pharmaceuticals & Healthcare,"Flanders, Belgium",21901.04,586.26,38.14,27.53,89.38285079872084,72.21,7.58,NONE
2026-02-06 05:45:00,Facility_B,Mfg Heavy,"Indiana, USA",19363.29,906.22,26.99,30.09,94.31149741341058,75.21,7.15,NONE
2026-02-06 06:00:00,Facility_A,Food & Beverage Processing,"Illinois, USA",20707.52,547.63,29.61,30.78,,65.78,7.56,NONE
2026-02-06 06:15:00,Facility_D,Pharmaceuticals & Healthcare,"Flanders, Belgium",,565.16,38.14,30.53,97.24083496276421,73.76,7.47,NONE
2026-02-06 06:30:00,Facility_E,Data Center Cooling,"Nuevo Leon, Mexico",20958.45,795.97,34.35,30.71,96.0019211442656,80.55,7.73,NONE
2026-02-06 06:45:00,Facility_D,Pharmaceuticals & Healthcare,"Flanders, Belgium",17853.53,627.97,38.54,32.43,95.31963066740144,75.24,7.47,NONE
2026-02-06 07:00:00,Fac_D,Pharmaceuticals & Healthcare,"Flanders, Belgium",19292.34,585.75,36.83,29.91,99.14215977399255,76.15,7.19,NONE
2026-02-06 07:15:00,Facility_C,Refinery & Petrochemicals,"Maharashtra, India",18200.25,859.07,,27.62,88.99296275007346,66.22,6.99,NONE
2026-02-06 07:30:00,Facility_B,Heavy Manufacturing,"Indiana, USA",22135.46,956.36,28.31,29.54,88.88107819834056,73.36,6.86,NONE
2026-02-06 07:45:00,Facility_B,Heavy Manufacturing,"Indiana, USA",24646.73,1013.42,,29.71,95.73399553730034,71.65,7.13,NONE
2026-02-06 08:00:00,Facility_D,Pharmaceuticals & Healthcare,"Flanders, Belgium",22546.95,504.0,36.01,30.51,90.50405054157616,76.93,7.26,NONE
2026-02-06 08:15:00,Facility_E,Hyperscale Cooling,"Nuevo Leon, Mexico",22781.02,793.95,27.48,32.91,91.37092542901298,80.07,7.68,NONE
2026-02-06 08:30:00,Facility_A,Food & Beverage Processing,"Illinois, USA",23356.5,725.41,,33.41,92.42895530247563,70.34,7.3,NONE
2026-02-06 08:45:00,Facility_E,Data Center Cooling,"Nuevo Leon, Mexico",18614.36,789.46,233.36,28.99,96.59689235732787,76.81,7.35,CHEMICAL_DOSING_BREACH
2026-02-06 09:00:00,Facility_D,Pharmaceuticals & Healthcare,"Flanders, Belgium",17750.5,568.86,39.56,29.1,94.84325641673688,70.23,7.18,NONE
2026-02-06 09:15:00,Facility_E,Hyperscale Cooling,"Nuevo Leon, Mexico",187.56,2227.35,33.91,30.44,50.96073721594196,75.97,7.24,BROWNOUT_WATER_STALL
2026-02-06 09:30:00,Facility_C,Refinery & Petrochemicals,"Maharashtra, India",,798.42,26.78,28.44,92.33378879006231,75.63,7.36,NONE
2026-02-06 09:45:00,Facility_C,Petrochem / Refining,"Maharashtra, India",16670.54,601.5,32.26,26.44,89.63295714027338,70.69,7.58,NONE
2026-02-06 10:00:00,Facility_D,Pharmaceuticals & Healthcare,"Flanders, Belgium",15868.02,463.45,35.07,28.0,92.3952357576571,71.03,7.28,NONE
2026-02-06 10:15:00,Facility_D,Healthcare & Pharma,"Flanders, Belgium",19203.09,519.38,41.71,27.94,,75.19,7.0,NONE
2026-02-06 10:30:00,Facility_A,Food & Beverage Processing,"Illinois, USA",,788.93,27.67,27.86,91.5712660839028,80.04,7.33,NONE
2026-02-06 10:45:00,Facility_C,Refinery & Petrochemicals,"Maharashtra, India",15708.61,756.5,40.22,26.22,88.50257757824161,77.29,7.08,NONE
2026-02-06 11:00:00,Facility_A,F&B Processing,"Illinois, USA",15333.39,645.6,32.43,28.23,94.60058274795621,69.15,7.59,NONE
2026-02-06 11:15:00,Facility_B,Heavy Manufacturing,"Indiana, USA",27905.67,876.34,23.86,26.11,94.40103909162431,76.46,7.06,NONE
2026-02-06 11:30:00,Facility_C,Refinery & Petrochemicals,"Maharashtra, India",22707.31,763.82,0.38,24.73,94.06126530294968,68.17,7.38,CHEMICAL_DOSING_BREACH
2026-02-06 11:45:00,Facility_A,Food & Beverage Processing,"Illinois, USA",20262.58,747.79,28.28,23.43,94.43599767589691,72.07,7.23,NONE
2026-02-06 12:00:00,Facility_B,Heavy Manufacturing,"Indiana, USA",22843.37,832.97,-5.1,28.35,86.95103084171237,67.91,7.47,CHEMICAL_DOSING_BREACH
2026-02-06 12:15:00,Facility_C,Refinery & Petrochemicals,"Maharashtra, India",13785.28,753.09,38.31,23.16,95.64429788593854,72.17,7.42,NONE
2026-02-06 12:30:00,Facility_E,Data Center Cooling,"Nuevo Leon, Mexico",22433.87,709.16,30.42,23.91,93.57633184852268,76.21,7.19,NONE
2026-02-06 12:45:00,Facility_A,Food & Beverage Processing,"Illinois, USA",16968.2,678.33,35.95,27.35,95.83857545580214,80.79,7.35,NONE
2026-02-06 13:00:00,Facility_D,Pharmaceuticals & Healthcare,"Flanders, Belgium",19114.11,455.6,33.68,26.39,96.27830908330498,68.18,7.32,NONE
2026-02-06 13:15:00,Fac_E_Cooling,Data Center Cooling,"Nuevo Leon, Mexico",26567.64,743.42,34.57,25.84,95.29637962913384,69.91,6.9,NONE
2026-02-06 13:30:00,Facility_E,Data Center Cooling,"Nuevo Leon, Mexico",22929.14,773.03,28.75,22.58,92.35835859408479,71.22,7.2,NONE
2026-02-06 13:45:00,Facility_D,Pharmaceuticals & Healthcare,"Flanders, Belgium",19232.22,609.18,38.7,25.08,93.86325969152804,73.21,7.12,NONE
2026-02-06 14:00:00,Facility_E,Data Center Cooling,"Nuevo Leon, Mexico",21218.61,806.05,28.02,22.84,89.67393782084856,69.71,7.03,NONE
2026-02-06 14:15:00,Facility_C,Refinery & Petrochemicals,"Maharashtra, India",25358.94,708.8,35.34,24.12,98.02260746689115,75.93,7.47,NONE
2026-02-06 14:30:00,Facility_A,Food & Beverage Processing,"Illinois, USA",19666.1,732.61,32.85,22.94,90.5644495517221,74.26,7.2,NONE
2026-02-06 14:45:00,Facility_C,Refinery & Petrochemicals,"Maharashtra, India",19243.53,693.14,29.31,21.56,93.26358959578687,66.73,7.9,NONE
2026-02-06 15:00:00,Facility_A,Food & Beverage Processing,"Illinois, USA",23775.7,776.14,29.95,22.8,94.44891466226805,76.68,7.43,NONE
2026-02-06 15:15:00,Facility_A,Food & Beverage Processing,"Illinois, USA",16233.76,699.46,33.74,19.24,89.96300443356361,76.37,7.26,NONE
2026-02-06 15:30:00,Facility_B,Heavy Mfg.,"Indiana, USA",24827.14,933.11,28.27,22.47,92.51256461849678,72.76,7.12,NONE
2026-02-06 15:45:00,Facility_B_Unit2,Heavy Manufacturing,"Indiana, USA",25101.31,744.25,27.1,22.25,94.24033163695954,80.82,7.42,NONE
2026-02-06 16:00:00,Facility_D,Pharmaceuticals & Healthcare,"Flanders, Belgium",18950.7,582.31,33.88,24.3,94.80048525451718,73.8,7.45,NONE
2026-02-06 16:15:00,Facility_A,Food & Beverage Processing,"Illinois, USA",20020.37,736.49,35.68,21.55,97.69588073202587,66.79,7.54,NONE
2026-02-06 16:30:00,Facility_B,Heavy Manufacturing,"Indiana, USA",26309.18,759.12,32.82,19.54,98.70071278492154,84.16,7.3,NONE
2026-02-06 16:45:00,Facility_B,Heavy Manufacturing,"Indiana, USA",22609.42,791.47,32.6,22.13,84.10642937141537,75.73,7.6,NONE
2026-02-06 17:00:00,Facility_C,Refinery & Petrochemicals,"Maharashtra, India",19988.95,829.32,42.24,97.73,98.99864188846902,73.31,7.67,SENSOR_TEMP_SPIKE
2026-02-06 17:15:00,Facility_D,Pharmaceuticals & Healthcare,"Flanders, Belgium",18399.11,684.98,40.22,22.4,89.66133531063525,74.93,7.12,NONE
2026-02-06 17:30:00,Facility_A,Food & Beverage Processing,"Illinois, USA",20282.4,759.98,35.87,23.5,93.75618548003543,79.96,7.75,NONE
2026-02-06 17:45:00,FACILITY_A,Food & Beverage Processing,"Illinois, USA",16829.6,838.64,36.66,20.97,87.48677064213821,79.42,7.41,NONE
2026-02-06 18:00:00,Facility_B,Heavy Manufacturing,"Indiana, USA",348.85,2293.25,33.48,18.84,54.056255008229954,74.26,7.77,BROWNOUT_WATER_STALL
2026-02-06 18:15:00,Facility_B,Heavy Manufacturing,"Indiana, USA",28354.14,812.32,25.77,23.27,93.25508499434112,68.58,7.86,NONE
2026-02-06 18:30:00,Facility_A,Food & Beverage Processing,"Illinois, USA",17813.69,779.14,35.04,20.27,90.29235953722726,72.64,7.11,NONE
2026-02-06 18:45:00,Facility_E,Data Center Cooling,"Nuevo Leon, Mexico",25471.39,734.99,257.31,23.5,94.34487183678833,74.18,7.7,CHEMICAL_DOSING_BREACH
2026-02-06 19:00:00,Facility_E,Data Center Cooling,"Nuevo Leon, Mexico",17840.75,808.61,22.6,22.07,93.7985918017951,71.81,7.3,NONE
2026-02-06 19:15:00,Facility_B,Heavy Manufacturing,"Indiana, USA",21497.6,757.05,30.59,22.77,91.29031031737118,79.96,7.01,NONE
2026-02-06 19:30:00,Facility_B,Heavy Manufacturing,"Indiana, USA",24670.95,797.52,31.08,22.89,93.1538712110893,65.7,7.59,NONE
2026-02-06 19:45:00,Facility_B,Heavy Manufacturing,"Indiana, USA",25115.87,849.72,25.36,21.28,98.29772082712219,66.02,7.05,NONE
2026-02-06 20:00:00,Facility_D,Pharmaceuticals & Healthcare,"Flanders, Belgium",22044.6,605.46,36.13,-29.05,94.92995237246723,75.05,7.41,SENSOR_TEMP_SPIKE
2026-02-06 20:15:00,Facility_B,Heavy Manufacturing,"Indiana, USA",27229.82,823.63,27.81,20.95,93.33392836217274,82.38,7.63,NONE
2026-02-06 20:30:00,Facility_C,Refinery & Petrochemicals,"Maharashtra, India",17598.72,779.33,,21.58,93.9782116883639,71.77,7.06,NONE
2026-02-06 20:45:00,Facility_E,DATA_CENTER_COOLING,"Nuevo Leon, Mexico",22340.28,743.83,21.92,19.76,91.6759632045624,66.85,6.83,NONE
2026-02-06 21:00:00,Facility_B,Heavy Manufacturing,"Indiana, USA",29283.93,831.79,27.39,23.33,89.8589371174625,75.85,7.31,NONE
2026-02-06 21:15:00,Facility_C,Refinery & Petrochemicals,"Maharashtra, India",17115.83,729.79,30.34,23.13,92.73319078149595,72.05,7.37,NONE
2026-02-06 21:30:00,Facility_A,Food & Beverage Processing,"Illinois, USA",19081.52,729.45,35.46,25.13,96.55468748963307,70.19,7.21,NONE
2026-02-06 21:45:00,Facility_D,Pharmaceuticals & Healthcare,"Flanders, Belgium",20187.16,607.21,34.65,25.38,90.48069722673299,76.16,7.34,NONE
2026-02-06 22:00:00,Facility_D,Pharmaceuticals & Healthcare,"Flanders, Belgium",15609.17,544.3,46.67,24.87,100.0,67.5,7.56,NONE
2026-02-06 22:15:00,Facility_C ,Refinery & Petrochemicals,"Maharashtra, India",13101.33,776.98,,26.24,90.94233688134268,78.68,7.2,NONE
2026-02-06 22:30:00,Facility_E,Data Center Cooling,"Nuevo Leon, Mexico",20684.51,717.5,23.73,27.79,93.65365701490585,78.89,7.64,NONE
2026-02-06 22:45:00,Fac_E_Cooling,Data Center Cooling,"Nuevo Leon, Mexico",18649.18,841.21,30.61,23.34,94.93632266029282,69.4,7.8,NONE
2026-02-06 23:00:00,Facility_A,Food & Beverage Processing,"Illinois, USA",21144.12,707.93,36.81,22.62,91.10210783961587,72.86,7.98,NONE
2026-02-06 23:15:00,Facility_C,Refinery & Petrochemicals,"Maharashtra, India",16408.52,644.34,29.43,27.35,91.59858473427566,73.28,7.56,NONE
2026-02-06 23:30:00,Facility_D,Healthcare & Pharma,"Flanders, Belgium",18363.9,580.62,39.75,25.2,92.96778540822501,75.09,7.59,NONE
2026-02-06 23:45:00,Facility_B,Heavy Mfg.,"Indiana, USA",23337.78,586.27,31.35,27.91,94.14010931881656,75.21,7.19,NONE
2026-02-07 00:00:00,Facility_B,Heavy Manufacturing,"Indiana, USA",27337.97,911.67,28.74,30.98,ERROR_SENSOR,74.73,7.02,NONE
2026-02-07 00:15:00,facility_d,Pharmaceuticals & Healthcare,"Flanders, Belgium",,479.01,31.9,25.62,94.35066294353727,71.32,7.19,NONE
2026-02-07 00:30:00,Facility_D,Pharmaceuticals & Healthcare,"Flanders, Belgium",18312.67,555.22,43.75,28.26,ERROR_SENSOR,83.44,7.49,NONE
2026-02-07 00:45:00,Facility_D,Pharmaceuticals & Healthcare,"Flanders, Belgium",16542.44,583.6,39.75,26.04,90.13197148542068,74.39,7.25,NONE
2026-02-07 01:00:00,Facility_B_Unit2,Heavy Manufacturing,"Indiana, USA",30367.6,902.26,25.81,28.3,97.55481005671916,67.73,7.06,NONE
2026-02-07 01:15:00,Facility_D,Pharmaceuticals & Healthcare,"Flanders, Belgium",18693.91,571.03,37.28,27.23,92.45660696815354,75.73,7.67,NONE
2026-02-07 01:30:00,Facility_C,Refinery & Petrochemicals,"Maharashtra, India",17740.41,966.46,43.73,30.42,95.491946670597,83.04,7.27,NONE
2026-02-07 01:45:00,FACILITY_B,Heavy Manufacturing,"Indiana, USA",23213.26,795.82,24.29,28.49,94.45945748520877,74.9,7.35,NONE
2026-02-07 02:00:00,Facility_B,HEAVY_MANUFACTURING,"Indiana, USA",26202.09,985.85,-7.65,30.16,94.11052779739772,66.73,6.84,CHEMICAL_DOSING_BREACH
2026-02-07 02:15:00,Facility_B,Heavy Manufacturing,"Indiana, USA",32235.88,860.64,30.81,29.94,99.178139305216,80.75,7.12,NONE
2026-02-07 02:30:00,Facility_D,Pharmaceuticals & Healthcare,"Flanders, Belgium",114835.98,547.15,,26.97,41.54811766389737,120.33,7.08,PRESSURE_BURST_SURGE
2026-02-07 02:45:00,Facility_A,Food & Beverage Processing,"Illinois, USA",21407.7,812.0,38.27,30.94,94.34835680256398,74.61,7.65,NONE
2026-02-07 03:00:00,Facility_C,Refinery & Petrochemicals,"Maharashtra, India",18543.03,879.38,31.46,31.1,97.6122970359919,69.06,7.12,NONE
2026-02-07 03:15:00,Facility_D,Pharmaceuticals & Healthcare,"Flanders, Belgium",18619.11,593.08,34.91,29.67,86.88811318076837,77.44,7.58,NONE
2026-02-07 03:30:00,Facility_B,Heavy Manufacturing,"Indiana, USA",30497.19,888.2,26.95,27.85,90.89795525842064,73.6,7.11,NONE
2026-02-07 03:45:00,Facility_B,Heavy Manufacturing,"Indiana, USA",23411.89,836.83,21.73,28.04,94.1989903841846,75.2,7.59,NONE
2026-02-07 04:00:00,Facility_C,Refinery & Petrochemicals,"Maharashtra, India",19177.07,779.4,38.18,30.31,90.3892617406401,70.4,7.82,NONE
2026-02-07 04:15:00,Facility_E,DATA_CENTER_COOLING,"Nuevo Leon, Mexico",29245.4,805.21,24.26,33.51,92.12324692691439,75.91,7.34,NONE
2026-02-07 04:30:00,Facility_C,Refinery & Petrochemicals,"Maharashtra, India",19247.18,742.79,40.95,29.86,95.46063269447707,76.66,7.32,NONE
2026-02-07 04:45:00,Facility_C,Refinery & Petrochemicals,"Maharashtra, India",15427.49,712.71,38.49,30.84,90.89189995473865,74.2,7.41,NONE
2026-02-07 05:00:00,Facility_E,Data Center Cooling,"Nuevo Leon, Mexico",22575.55,886.52,18.91,32.54,94.19499938329754,69.36,7.4,NONE
2026-02-07 05:15:00,Facility_E,Data Center Cooling,"Nuevo Leon, Mexico",24762.32,880.93,24.21,28.9,89.36241115716528,75.05,7.43,NONE
2026-02-07 05:30:00,Facility_A,Food & Beverage Processing,"Illinois, USA",21545.65,744.47,35.25,27.97,99.10885083575575,79.84,7.2,NONE
2026-02-07 05:45:00,Facility_E,Data Center Cooling,"Nuevo Leon, Mexico",19106.75,805.97,21.94,29.17,90.21116719698432,73.56,7.23,NONE
2026-02-07 06:00:00,Facility_A,Food & Beverage Processing,"Illinois, USA",17447.46,649.99,28.82,28.36,95.23655384445152,79.07,7.46,NONE
2026-02-07 06:15:00,Facility_A_Line1,Food & Beverage Processing,"Illinois, USA",22459.44,653.07,28.36,31.29,95.3311531734153,74.07,7.34,NONE
2026-02-07 06:30:00,Facility_D,Pharmaceuticals & Healthcare,"Flanders, Belgium",16324.16,417.62,,32.23,92.10436194028222,71.52,7.17,NONE
2026-02-07 06:45:00,Facility_D,Pharmaceuticals & Healthcare,"Flanders, Belgium",17876.23,626.26,33.57,31.58,91.90727437108919,65.03,7.25,NONE
2026-02-07 07:00:00,Facility_A,Food & Beverage Processing,"Illinois, USA",23052.63,664.13,30.5,30.38,94.13155067250855,80.94,7.13,NONE
2026-02-07 07:15:00,FACILITY_D,Pharmaceuticals & Healthcare,"Flanders, Belgium",18742.87,612.17,34.5,30.42,96.64277720111016,71.66,7.3,NONE
2026-02-07 07:30:00,Facility_E,Data Center Cooling,"Nuevo Leon, Mexico",353.09,1901.87,29.17,29.43,51.226525548398655,73.96,7.44,BROWNOUT_WATER_STALL
2026-02-07 07:45:00,Facility_C,Refinery & Petrochemicals,"Maharashtra, India",17352.34,790.73,34.32,26.62,94.278586320924,72.61,7.33,NONE
2026-02-07 08:00:00,Facility_A,Food & Beverage Processing,"Illinois, USA",16529.68,815.19,,32.54,97.17033376249906,76.67,7.03,NONE
2026-02-07 08:15:00,Facility_C,Refinery & Petrochemicals,"Maharashtra, India",22991.65,704.92,34.37,31.1,95.9209305189997,76.58,7.24,NONE
2026-02-07 08:30:00,Facility_B,Heavy Manufacturing,"Indiana, USA",23911.67,1052.9,28.33,29.38,91.216619228996,75.1,7.41,NONE
2026-02-07 08:45:00,facility_a,Food & Beverage Processing,"Illinois, USA",19225.49,740.22,38.91,28.44,93.63786797504679,71.08,7.43,NONE
2026-02-07 09:00:00,Facility_B,Heavy Manufacturing,"Indiana, USA",24030.7,795.86,22.37,112.06,94.87526279009593,82.37,7.48,SENSOR_TEMP_SPIKE
2026-02-07 09:15:00,Facility_B,Heavy Manufacturing,"Indiana, USA",24398.32,731.17,36.39,29.66,91.63450809836195,69.68,7.11,NONE
2026-02-07 09:30:00,facility_a,Food & Beverage Processing,"Illinois, USA",17854.57,806.85,31.37,26.33,100.0,68.87,7.18,NONE
2026-02-07 09:45:00,Facility_C,Refinery & Petrochemicals,"Maharashtra, India",21786.93,809.26,33.53,26.51,90.40659165143991,69.92,7.35,NONE
2026-02-07 10:00:00,Facility_C,Refinery & Petrochemicals,"Maharashtra, India",19258.65,765.45,35.34,26.61,94.43803553991644,79.76,7.3,NONE
2026-02-07 10:15:00,Facility_A,Food & Beverage Processing,"Illinois, USA",18841.63,718.92,36.2,26.66,98.14271147434283,75.9,7.36,NONE
2026-02-07 10:30:00,Facility_C,Refinery & Petrochemicals,"Maharashtra, India",21568.0,685.15,,28.81,90.50654379393987,76.07,7.43,NONE
2026-02-07 10:45:00,Facility_A,Food & Beverage Processing,"Illinois, USA",18849.84,774.52,29.1,28.27,93.07864389614298,71.23,7.49,NONE
2026-02-07 11:00:00,Facility_E,Data Center Cooling,"Nuevo Leon, Mexico",20574.01,639.52,20.94,28.96,null,75.26,7.37,NONE
2026-02-07 11:15:00,Facility_C,Refinery & Petrochemicals,"Maharashtra, India",17994.4,929.03,36.25,28.64,94.41141188908739,72.96,7.34,NONE
2026-02-07 11:30:00, Facility_A ,Food & Beverage Processing,"Illinois, USA",22634.51,790.58,39.7,27.42,90.69380138975761,72.02,7.02,NONE
2026-02-07 11:45:00,Facility_C,Refinery & Petrochemicals,"Maharashtra, India",20559.94,731.47,22.67,-42.59,91.67407635683739,71.41,7.82,SENSOR_TEMP_SPIKE
2026-02-07 12:00:00,Facility_E,Data Center Cooling,"Nuevo Leon, Mexico",18040.71,835.25,26.03,24.12,98.95829683641004,78.15,7.61,NONE
2026-02-07 12:15:00,Facility_D,Pharmaceuticals & Healthcare,"Flanders, Belgium",19544.86,603.09,32.32,26.44,90.5279583985573,67.75,7.47,NONE
2026-02-07 12:30:00,Facility_C,Refinery & Petrochemicals,"Maharashtra, India",21443.54,747.21,34.61,23.93,93.52309486748128,77.42,7.57,NONE
2026-02-07 12:45:00,Facility_B,Heavy Manufacturing,"Indiana, USA",27477.21,788.05,25.77,27.15,96.09839658309355,73.23,7.23,NONE
2026-02-07 13:00:00,Facility_E,Data Center Cooling,"Nuevo Leon, Mexico",24055.47,723.0,31.63,25.22,90.1478951006816,81.26,7.38,NONE
2026-02-07 13:15:00,Facility_C,Refinery & Petrochemicals,"Maharashtra, India",17221.26,668.93,30.08,24.54,99.66041242730749,71.37,7.76,NONE
2026-02-07 13:30:00,Facility_A,Food & Beverage Processing,"Illinois, USA",18960.73,628.78,29.51,22.66,90.76090095371566,70.01,6.82,NONE
2026-02-07 13:45:00,Facility_A,Food & Beverage Processing,"Illinois, USA",22759.92,728.05,28.62,25.13,90.8264627403454,61.98,8.18,NONE
2026-02-07 14:00:00,Facility_E,Data Center Cooling,"Nuevo Leon, Mexico",21580.07,705.82,20.38,21.81,98.7943741745757,80.76,7.56,NONE
2026-02-07 14:15:00,Facility_D,pharma,"Flanders, Belgium",133.16,3129.62,39.39,25.46,54.22344747347214,67.22,7.01,BROWNOUT_WATER_STALL
2026-02-07 14:30:00,Facility_C,Refinery & Petrochemicals,"Maharashtra, India",15771.19,743.3,31.01,25.51,92.99129479640223,76.4,7.01,NONE
2026-02-07 14:45:00,FACILITY_B,Heavy Manufacturing,"Indiana, USA",29809.41,881.12,30.2,25.57,94.520064099674,69.44,7.53,NONE
2026-02-07 15:00:00,FACILITY_E,Data Center Cooling,"Nuevo Leon, Mexico",19106.27,765.82,25.25,26.66,--,78.53,7.14,NONE
2026-02-07 15:15:00,Facility_D,Pharmaceuticals & Healthcare,"Flanders, Belgium",19390.43,579.82,37.96,20.01,99.78570279158708,73.83,7.49,NONE
2026-02-07 15:30:00,Facility_A,Food and Beverage,"Illinois, USA",16223.89,817.37,37.29,24.86,94.37311469668107,84.51,7.63,NONE
2026-02-07 15:45:00,Facility_D,Pharmaceuticals & Healthcare,"Flanders, Belgium",15650.31,581.77,39.95,23.36,95.3339357317786,80.49,7.3,NONE
2026-02-07 16:00:00,antwerp_hub_d,Pharmaceuticals & Healthcare,"Flanders, Belgium",17865.63,507.23,29.66,22.47,91.3326825703901,73.07,7.19,NONE
2026-02-07 16:15:00,Facility_A,Food and Beverage,"Illinois, USA",16779.39,673.75,33.65,21.95,92.89626068998304,83.43,7.65,NONE
2026-02-07 16:30:00,facility_d,Pharmaceuticals & Healthcare,"Flanders, Belgium",19230.83,583.85,34.52,22.05,92.61267972878831,74.47,7.34,NONE
2026-02-07 16:45:00,FACILITY_B,HEAVY_MANUFACTURING,"Indiana, USA",22297.69,890.07,26.09,26.17,97.49881700534446,66.52,7.28,NONE
2026-02-07 17:00:00,Facility_A,Food & Beverage Processing,"Illinois, USA",22980.64,760.25,31.87,18.45,92.80378480063769,74.95,6.77,NONE
2026-02-07 17:15:00,Facility_C,Refinery & Petrochemicals,"Maharashtra, India",20212.77,722.47,230.74,22.81,92.68263151045804,77.56,7.43,CHEMICAL_DOSING_BREACH
2026-02-07 17:30:00,Facility_C,Refinery & Petrochemicals,"Maharashtra, India",16539.64,869.22,32.41,20.42,88.77640766427939,72.39,7.63,NONE
2026-02-07 17:45:00,Facility_A_Line1,Food & Beverage Processing,"Illinois, USA",19629.06,749.25,17.95,22.1,90.13204014362576,66.89,7.01,NONE
2026-02-07 18:00:00,Facility_E,Data Center Cooling,"Nuevo Leon, Mexico",21279.58,799.33,24.68,23.56,96.11251967250277,75.48,7.11,NONE
2026-02-07 18:15:00,Facility_E,Data Center Cooling,"Nuevo Leon, Mexico",19840.73,774.58,25.49,23.67,89.95441678499078,75.71,7.6,NONE
2026-02-07 18:30:00,Facility_A,Food & Beverage Processing,"Illinois, USA",19705.58,642.38,24.65,20.54,95.05965073086443,73.07,7.18,NONE
2026-02-07 18:45:00,Facility_A,Food & Beverage Processing,"Illinois, USA",20182.39,571.4,30.4,20.58,89.17829441074475,71.68,8.04,NONE
2026-02-07 19:00:00,antwerp_hub_d,Healthcare & Pharma,"Flanders, Belgium",20138.97,504.67,42.59,20.28,98.3553727304183,70.03,7.38,NONE
2026-02-07 19:15:00,facility_d,Pharmaceuticals & Healthcare,"Flanders, Belgium",23403.91,549.06,45.22,22.58,93.22126334285271,70.01,7.75,NONE
2026-02-07 19:30:00,Facility_B,Heavy Manufacturing,"Indiana, USA",24256.2,1000.03,25.86,21.98,96.71265498685104,73.51,7.43,NONE
2026-02-07 19:45:00,Fac_D,Pharmaceuticals & Healthcare,"Flanders, Belgium",15778.62,575.27,39.06,26.02,91.96903552033696,75.52,7.69,NONE
2026-02-07 20:00:00,Facility_E,Data Center Cooling,"Nuevo Leon, Mexico",21207.92,831.46,38.99,23.09,97.73561653937577,76.32,7.59,NONE
2026-02-07 20:15:00,Facility_C,Refinery & Petrochemicals,"Maharashtra, India",20419.79,859.87,39.7,23.05,91.72087319610755,75.91,6.94,NONE
2026-02-07 20:30:00,FACILITY_D,pharma,"Flanders, Belgium",20108.6,611.44,36.75,23.41,96.41794926354152,77.36,7.61,NONE
2026-02-07 20:45:00,FACILITY_A,Food & Beverage Processing,"Illinois, USA",,720.58,31.44,24.25,98.15117782536231,75.19,7.72,NONE
2026-02-07 21:00:00,Facility_C,Refinery & Petrochemicals,"Maharashtra, India",14234.53,801.99,35.85,20.67,88.65134761928448,76.08,7.38,NONE
2026-02-07 21:15:00, Facility_A ,Food & Beverage Processing,"Illinois, USA",21090.21,527.85,35.99,25.8,,80.34,7.85,NONE
2026-02-07 21:30:00,FACILITY_C,Refinery & Petrochemicals,"Maharashtra, India",15813.97,785.36,36.33,20.83,92.44387269435748,80.32,7.11,NONE
2026-02-07 21:45:00,Facility_D,Pharmaceuticals & Healthcare,"Flanders, Belgium",22826.69,589.97,34.18,24.36,88.81692909382221,75.93,7.3,NONE
2026-02-07 22:00:00,Facility_A,Food & Beverage Processing,"Illinois, USA",18277.79,609.89,31.16,24.87,89.11492011519903,78.87,7.43,NONE
2026-02-07 22:15:00,Facility_D,Pharmaceuticals & Healthcare,"Flanders, Belgium",16813.45,563.57,41.02,27.2,98.57824675481496,82.1,6.98,NONE
2026-02-07 22:30:00,monterrey_e,Data Center Cooling,"Nuevo Leon, Mexico",19302.22,644.91,33.08,24.66,97.54072862144817,67.62,7.16,NONE
2026-02-07 22:45:00,Facility_A,Food & Beverage Processing,"Illinois, USA",17417.74,801.3,34.44,21.56,92.00838234741343,78.32,7.66,NONE
2026-02-07 23:00:00,Facility_E,Data Center Cooling,"Nuevo Leon, Mexico",,763.55,24.59,27.39,89.66984363076425,66.75,7.41,NONE
2026-02-07 23:15:00,FACILITY_B,Heavy Manufacturing,"Indiana, USA",24418.24,900.78,30.53,28.79,94.79455612424367,78.77,7.11,NONE
2026-02-07 23:30:00,Facility_E,DATA_CENTER_COOLING,"Nuevo Leon, Mexico",22901.75,729.26,26.43,24.35,98.43558711180442,73.97,7.13,NONE
2026-02-07 23:45:00,facility_e,Data Center Cooling,"Nuevo Leon, Mexico",22816.9,717.0,25.15,31.46,89.63192813150832,82.39,7.12,NONE
2026-02-08 00:00:00,FACILITY_A,Food & Beverage Processing,"Illinois, USA",20710.04,705.76,34.59,24.01,88.68699010600457,77.45,6.85,NONE
2026-02-08 00:15:00,Facility_D,Pharmaceuticals & Healthcare,"Flanders, Belgium",16093.93,563.89,32.06,24.66,92.18461246477337,64.17,6.96,NONE
2026-02-08 00:30:00,Facility_B,Heavy Manufacturing,"Indiana, USA",29937.44,920.38,38.01,28.09,97.66517396413596,72.1,7.3,NONE
2026-02-08 00:45:00,monterrey_e,Data Center Cooling,"Nuevo Leon, Mexico",22145.48,607.96,30.79,26.16,92.04036823484523,78.49,6.92,NONE
2026-02-08 01:00:00,Facility_D,Pharmaceuticals & Healthcare,"Flanders, Belgium",18842.91,594.48,35.27,27.6,93.77338350905855,78.04,7.3,NONE
2026-02-08 01:15:00,Facility_C,Refinery & Petrochemicals,"Maharashtra, India",15997.76,732.1,34.04,26.34,94.10614036965804,74.64,7.38,NONE
2026-02-08 01:30:00,Facility_D,Pharmaceuticals & Healthcare,"Flanders, Belgium",16702.93,576.39,42.91,28.56,96.93144928238117,74.49,7.17,NONE
2026-02-08 01:45:00,Facility_D,Pharmaceuticals & Healthcare,"Flanders, Belgium",20651.56,488.93,35.16,28.01,95.58885651745123,79.74,7.59,NONE
2026-02-08 02:00:00,Facility_B,Heavy Manufacturing,"Indiana, USA",28099.12,912.63,32.72,26.45,100.0,78.99,7.3,NONE
2026-02-08 02:15:00,FACILITY_C,Refinery & Petrochemicals,"Maharashtra, India",19665.87,674.94,,28.11,92.14190296662123,77.66,7.38,NONE
2026-02-08 02:30:00,facility_c,Refinery & Petrochemicals,"Maharashtra, India",16128.59,685.66,27.25,30.52,92.78123251860293,77.4,8.23,NONE
2026-02-08 02:45:00,Facility_B,Heavy Manufacturing,"Indiana, USA",23008.23,867.47,34.56,28.26,92.41449506769463,76.39,8.06,NONE
2026-02-08 03:00:00,Facility_B,Heavy Manufacturing,"Indiana, USA",27759.43,769.21,25.47,28.45,87.67733715373534,73.28,7.35,NONE
2026-02-08 03:15:00,Facility_C,Refinery & Petrochemicals,"Maharashtra, India",18931.05,664.34,36.95,-33.85,92.73540456168612,70.66,7.67,SENSOR_TEMP_SPIKE
2026-02-08 03:30:00,Facility_A,Food & Beverage Processing,"Illinois, USA",19578.09,742.94,31.85,28.14,94.79926188697534,72.07,7.44,NONE
2026-02-08 03:45:00,Facility_C,Refinery & Petrochemicals,"Maharashtra, India",20191.4,925.18,37.48,94.43,95.61369243875065,72.99,7.54,SENSOR_TEMP_SPIKE
2026-02-08 04:00:00,Facility_B,Heavy Manufacturing,"Indiana, USA",22417.14,894.83,26.11,31.1,93.51499919158944,72.72,7.11,NONE
2026-02-08 04:15:00,Facility_B,Heavy Manufacturing,"Indiana, USA",29815.68,807.02,35.16,28.61,98.32455787076087,74.38,7.59,NONE
2026-02-08 04:30:00,Facility_D,Pharmaceuticals & Healthcare,"Flanders, Belgium",15797.61,494.73,38.58,28.37,97.75276283226094,75.64,7.17,NONE
2026-02-08 04:45:00,Facility_B,HEAVY_MANUFACTURING,"Indiana, USA",22942.66,815.76,26.12,31.18,93.25442646139926,79.26,7.53,NONE
2026-02-08 05:00:00,Facility_B,HEAVY_MANUFACTURING,"Indiana, USA",23106.87,804.25,24.87,28.81,87.75510584740194,78.24,7.71,NONE
2026-02-08 05:15:00,Facility_A,Food & Beverage Processing,"Illinois, USA",16980.2,635.41,33.86,28.95,97.57704050076065,70.77,6.75,NONE
2026-02-08 05:30:00,Facility_D,Pharmaceuticals & Healthcare,"Flanders, Belgium",18426.4,535.3,38.12,29.84,95.34493349241465,75.9,7.44,NONE
2026-02-08 05:45:00,Facility_C ,Petrochem / Refining,"Maharashtra, India",19258.0,776.95,29.63,31.19,95.84226008796813,75.57,7.29,NONE
2026-02-08 06:00:00,Facility_D,Pharmaceuticals & Healthcare,"Flanders, Belgium",20045.08,582.46,40.48,30.34,88.93245300124175,73.2,7.08,NONE
2026-02-08 06:15:00,Facility_B,Heavy Manufacturing,"Indiana, USA",24355.16,847.27,32.66,110.3,94.16821554113737,79.62,7.36,SENSOR_TEMP_SPIKE
2026-02-08 06:30:00,FACILITY_C,Refinery & Petrochemicals,"Maharashtra, India",19284.23,747.54,31.01,31.47,88.48209050195572,69.81,7.4,NONE
2026-02-08 06:45:00,monterrey_e,Data Center Cooling,"Nuevo Leon, Mexico",18950.36,751.33,29.12,29.41,93.67652645908981,74.19,7.03,NONE
2026-02-08 07:00:00,FACILITY_B,Heavy Manufacturing,"Indiana, USA",27481.5,669.41,36.39,31.33,96.76771377451645,76.98,7.34,NONE
2026-02-08 07:15:00,pune_fac_c,Refinery & Petrochemicals,"Maharashtra, India",17082.99,775.09,39.01,28.81,94.00247941515133,65.85,7.12,NONE
2026-02-08 07:30:00,Facility_C,Refinery & Petrochemicals,"Maharashtra, India",16887.06,907.56,29.88,30.91,98.60231236716001,78.52,7.78,NONE
2026-02-08 07:45:00,Facility_D,Pharmaceuticals & Healthcare,"Flanders, Belgium",22470.18,572.2,39.5,30.44,95.03845929546145,75.9,7.83,NONE
2026-02-08 08:00:00,Facility_C,Refinery & Petrochemicals,"Maharashtra, India",19486.2,702.89,38.0,31.28,90.86974686188289,70.12,7.62,NONE
2026-02-08 08:15:00,Facility_C,Refinery & Petrochemicals,"Maharashtra, India",17622.74,744.86,33.56,30.27,97.03034363558896,77.01,7.22,NONE
2026-02-08 08:30:00,FACILITY_A,Food & Beverage Processing,"Illinois, USA",22356.02,774.99,35.67,31.4,91.85331526061938,69.86,7.26,NONE
2026-02-08 08:45:00,Facility_A,Food & Beverage Processing,"Illinois, USA",21552.84,628.87,25.98,26.24,89.48050857112027,70.45,7.38,NONE
2026-02-08 09:00:00,Facility_B,Heavy Manufacturing,"Indiana, USA",22226.42,895.6,28.69,25.65,93.44072467103263,74.64,7.89,NONE
2026-02-08 09:15:00,Fac_D,Pharmaceuticals & Healthcare,"Flanders, Belgium",19262.67,468.33,38.46,29.45,95.43572424698742,85.87,7.2,NONE
2026-02-08 09:30:00,Facility_D,Pharmaceuticals & Healthcare,"Flanders, Belgium",17253.02,595.69,45.17,30.14,92.40354655386855,78.43,7.85,NONE
2026-02-08 09:45:00,Facility_A,Food & Beverage Processing,"Illinois, USA",17485.9,641.65,31.73,29.26,97.92898040744484,71.89,7.46,NONE
2026-02-08 10:00:00,Facility_E,Data Center Cooling,"Nuevo Leon, Mexico",25042.07,766.8,26.84,29.53,92.44283614958525,75.52,7.3,NONE
2026-02-08 10:15:00,Facility_A,Food & Beverage Processing,"Illinois, USA",18929.35,684.28,29.09,30.06,94.10792461207944,79.73,6.72,NONE
2026-02-08 10:30:00,Facility_D,Pharmaceuticals & Healthcare,"Flanders, Belgium",17551.37,526.85,36.43,26.17,88.35673313405982,77.03,7.18,NONE
2026-02-08 10:45:00,Facility_B,Heavy Manufacturing,"Indiana, USA",27509.65,741.02,21.63,28.22,95.52458680630073,71.23,7.07,NONE
2026-02-08 11:00:00,facility_e,DATA_CENTER_COOLING,"Nuevo Leon, Mexico",24263.16,745.71,24.31,24.84,91.29706151587371,72.23,7.56,NONE
2026-02-08 11:15:00,Facility_B,Heavy Manufacturing,"Indiana, USA",25738.34,828.62,24.66,29.77,96.62475684089218,78.04,7.33,NONE
2026-02-08 11:30:00,Facility_A,Food & Beverage Processing,"Illinois, USA",20189.99,529.4,32.35,30.48,91.64285959897161,69.56,7.31,NONE
2026-02-08 11:45:00,Facility_A,Food & Beverage Processing,"Illinois, USA",17271.73,647.11,32.61,28.25,94.37697841961636,68.84,7.16,NONE
2026-02-08 12:00:00,Facility_C,Refinery & Petrochemicals,"Maharashtra, India",19552.39,828.08,276.68,24.89,95.97814849153757,82.16,7.66,CHEMICAL_DOSING_BREACH
2026-02-08 12:15:00,Facility_E,Data Center Cooling,"Nuevo Leon, Mexico",26124.54,846.63,,24.75,90.42445788983763,73.59,6.93,NONE
2026-02-08 12:30:00,facility_d,Pharmaceuticals & Healthcare,"Flanders, Belgium",22514.01,495.95,39.27,21.9,100.0,79.62,6.9,NONE
2026-02-08 12:45:00,antwerp_hub_d,Pharmaceuticals & Healthcare,"Flanders, Belgium",19404.22,555.26,38.15,26.86,90.93815025007093,73.76,6.84,NONE
2026-02-08 13:00:00,Facility_A,Food & Beverage Processing,"Illinois, USA",19455.29,566.19,36.98,22.83,94.44182159691317,77.73,7.87,NONE
2026-02-08 13:15:00,Facility_E,Data Center Cooling,"Nuevo Leon, Mexico",25590.11,854.54,28.43,27.22,94.38304706730975,75.63,7.18,NONE
2026-02-08 13:30:00,Facility_E,Data Center Cooling,"Nuevo Leon, Mexico",25509.47,689.78,24.0,25.7,--,74.53,7.81,NONE
2026-02-08 13:45:00,Facility_D,Pharmaceuticals & Healthcare,"Flanders, Belgium",19651.4,570.8,33.97,22.03,96.26338638631842,74.13,7.52,NONE
2026-02-08 14:00:00, Facility_A ,Food & Beverage Processing,"Illinois, USA",87134.63,765.19,39.84,26.91,43.56863765941922,119.69,7.38,PRESSURE_BURST_SURGE
2026-02-08 14:15:00,Facility_C,Refinery & Petrochemicals,"Maharashtra, India",19175.12,857.52,36.98,24.06,88.47263294452888,70.65,7.92,NONE
2026-02-08 14:30:00,facility_b,Heavy Mfg.,"Indiana, USA",21121.98,818.89,28.43,24.64,88.70905300535547,74.78,6.88,NONE
2026-02-08 14:45:00,Facility_D,Pharmaceuticals & Healthcare,"Flanders, Belgium",18937.85,531.88,33.86,25.37,92.74606002123558,76.13,7.49,NONE
2026-02-08 15:00:00,Facility_A,Food & Beverage Processing,"Illinois, USA",22198.57,626.85,35.36,23.7,92.2900013428173,68.83,7.52,NONE
2026-02-08 15:15:00,Facility_A,food & beverage,"Illinois, USA",17131.22,749.92,39.6,25.26,97.95258984048208,70.76,7.56,NONE
2026-02-08 15:30:00,Facility_A,Food & Beverage Processing,"Illinois, USA",16618.08,696.35,38.81,22.23,97.0563397893539,78.57,7.65,NONE
2026-02-08 15:45:00,Facility_A,Food & Beverage Processing,"Illinois, USA",16334.25,750.45,30.84,25.13,88.2039987208741,75.66,7.41,NONE
2026-02-08 16:00:00,Facility_D,Pharmaceuticals & Healthcare,"Flanders, Belgium",14248.64,518.62,29.81,21.73,N/A,74.88,7.4,NONE
2026-02-08 16:15:00,Facility_B,Heavy Manufacturing,"Indiana, USA",22572.19,934.12,28.42,100.44,96.50927862062761,69.54,7.41,SENSOR_TEMP_SPIKE
2026-02-08 16:30:00,Facility_E,Data Center Cooling,"Nuevo Leon, Mexico",22751.81,785.78,28.08,22.57,95.17535250518817,77.55,7.37,NONE
2026-02-08 16:45:00,Facility_E,Data Center Cooling,"Nuevo Leon, Mexico",23936.32,799.39,20.99,20.18,97.28315270086932,72.89,7.4,NONE
2026-02-08 17:00:00,Facility_E,Data Center Cooling,"Nuevo Leon, Mexico",23984.68,749.52,28.66,21.07,94.68398242312807,76.64,7.19,NONE
2026-02-08 17:15:00,Facility_B,Heavy Manufacturing,"Indiana, USA",,1060.61,28.11,21.35,null,73.77,7.05,NONE
2026-02-08 17:30:00,FACILITY_C,Refinery & Petrochemicals,"Maharashtra, India",19918.33,710.71,42.12,23.42,92.61398264151653,74.49,7.6,NONE
2026-02-08 17:45:00,Facility_A,Food & Beverage Processing,"Illinois, USA",19692.86,864.31,36.27,23.39,90.50164520477286,73.34,7.48,NONE
2026-02-08 18:00:00,Facility_B,Heavy Manufacturing,"Indiana, USA",23243.41,948.65,24.41,21.35,91.70064260833638,77.35,7.12,NONE
2026-02-08 18:15:00,Facility_E,Data Center Cooling,"Nuevo Leon, Mexico",16542.46,831.6,26.63,20.59,91.08445262975187,81.73,7.17,NONE
2026-02-08 18:30:00,Facility_C,Refinery & Petrochemicals,"Maharashtra, India",18548.28,742.27,30.32,21.2,89.33645309757921,78.3,7.38,NONE
2026-02-08 18:45:00,Facility_B,Heavy Manufacturing,"Indiana, USA",33473.39,780.45,24.89,25.34,96.88552650261803,75.73,7.04,NONE
2026-02-08 19:00:00,Facility_C ,Refinery & Petrochemicals,"Maharashtra, India",22769.37,771.4,33.69,24.69,93.42865561198806,68.75,7.36,NONE
2026-02-08 19:15:00,facility_d,Pharmaceuticals & Healthcare,"Flanders, Belgium",16963.87,397.77,33.8,21.76,89.80193565026225,76.59,7.13,NONE
2026-02-08 19:30:00,Facility_A,Food & Beverage Processing,"Illinois, USA",,625.06,35.32,20.51,86.00710268994857,79.57,7.11,NONE
2026-02-08 19:45:00,Facility_E,Data Center Cooling,"Nuevo Leon, Mexico",25548.54,792.34,31.82,24.79,93.86057390799702,74.56,7.71,NONE
2026-02-08 20:00:00,Facility_A,Food and Beverage,"Illinois, USA",19520.41,661.08,33.96,19.23,97.72258816499269,80.03,7.69,NONE
2026-02-08 20:15:00,Facility_A,Food & Beverage Processing,"Illinois, USA",21943.88,707.0,31.05,20.96,99.09373200547535,71.82,7.45,NONE
2026-02-08 20:30:00,Facility_D,Pharmaceuticals & Healthcare,"Flanders, Belgium",19289.66,492.73,30.17,23.34,92.04798042364317,73.6,7.65,NONE
2026-02-08 20:45:00,Facility_B,Heavy Manufacturing,"Indiana, USA",26486.16,903.72,30.37,22.92,90.2942298649822,75.19,7.37,NONE
2026-02-08 21:00:00,facility_e,Data Center Cooling,"Nuevo Leon, Mexico",23417.18,738.68,27.25,23.26,90.56007476798257,80.51,7.67,NONE
2026-02-08 21:15:00,Facility_B,heavy mfg,"Indiana, USA",22035.92,907.53,20.75,25.64,91.27167855645544,75.62,6.81,NONE
2026-02-08 21:30:00,Facility_E,Data Center Cooling,"Nuevo Leon, Mexico",18064.88,785.15,25.56,22.55,97.96675743184672,83.95,7.61,NONE
2026-02-08 21:45:00,Facility_E,Data Center Cooling,"Nuevo Leon, Mexico",18335.36,882.26,21.94,-35.01,93.6752888543596,82.66,7.61,SENSOR_TEMP_SPIKE
2026-02-08 22:00:00,Facility_B,Heavy Manufacturing,"Indiana, USA",28891.59,795.2,29.41,22.03,95.32162513671744,76.2,7.0,NONE
2026-02-08 22:15:00,Facility_D,pharma,"Flanders, Belgium",21036.31,600.57,40.61,24.05,94.07266051611661,74.29,7.31,NONE
2026-02-08 22:30:00,Facility_E,Data Center Cooling,"Nuevo Leon, Mexico",21531.71,844.23,33.01,22.84,96.6532858141022,79.36,7.31,NONE
2026-02-08 22:45:00,Facility_B,Heavy Manufacturing,"Indiana, USA",27363.54,881.5,24.93,24.53,95.90259276432515,71.77,7.62,NONE
2026-02-08 23:00:00,FACILITY_C,refinery,"Maharashtra, India",21775.25,865.86,43.82,25.3,94.067043436701,75.44,7.33,NONE
2026-02-08 23:15:00,Fac_E_Cooling,Data Center Cooling,"Nuevo Leon, Mexico",22472.8,621.66,29.36,23.24,90.41960551165575,77.3,7.29,NONE
2026-02-08 23:30:00,Facility_E,Data Center Cooling,"Nuevo Leon, Mexico",22866.36,733.44,33.15,25.55,87.244260833398,75.01,6.74,NONE
2026-02-08 23:45:00,Facility_A,Food & Beverage Processing,"Illinois, USA",15904.95,650.05,0.36,25.26,90.16538296470046,67.67,7.78,CHEMICAL_DOSING_BREACH
2026-02-09 00:00:00,Facility_E,Data Center Cooling,"Nuevo Leon, Mexico",19382.94,582.69,26.98,24.48,90.668103592663,77.2,7.22,NONE
2026-02-09 00:15:00,Facility_B,heavy mfg,"Indiana, USA",22222.94,877.49,33.33,27.73,85.64862217071864,68.98,7.36,NONE
2026-02-09 00:30:00,Facility_D,Pharmaceuticals & Healthcare,"Flanders, Belgium",18170.24,550.38,33.37,24.49,99.92490149700167,74.12,7.53,NONE
2026-02-09 00:45:00,monterrey_e,Data Center Cooling,"Nuevo Leon, Mexico",21115.83,753.48,28.24,25.26,88.65363373429041,75.74,7.4,NONE
2026-02-09 01:00:00,Facility_A,Food & Beverage Processing,"Illinois, USA",21431.89,765.43,28.1,29.57,95.94808702449446,77.11,7.98,NONE
2026-02-09 01:15:00,facility_a,Food & Beverage Processing,"Illinois, USA",23987.73,762.19,33.87,29.73,91.63134793705481,71.44,7.54,NONE
2026-02-09 01:30:00,Facility_E,Data Center Cooling,"Nuevo Leon, Mexico",18931.4,794.46,29.16,26.49,93.58277283292256,79.87,7.37,NONE
2026-02-09 01:45:00,Facility_D,Pharmaceuticals & Healthcare,"Flanders, Belgium",18913.41,587.72,39.43,27.67,94.62083535349456,69.28,7.13,NONE
2026-02-09 02:00:00,Facility_A,Food & Beverage Processing,"Illinois, USA",17711.6,746.49,32.17,28.26,95.71046396667292,75.7,7.27,NONE
2026-02-09 02:15:00,Facility_C,Refinery & Petrochemicals,"Maharashtra, India",16488.17,713.31,29.34,28.98,90.74115589614826,71.77,7.31,NONE
2026-02-09 02:30:00,Facility_D,Pharmaceuticals & Healthcare,"Flanders, Belgium",21064.11,621.85,37.27,31.21,87.06048477017325,82.45,7.54,NONE
2026-02-09 02:45:00,Facility_D,Pharmaceuticals & Healthcare,"Flanders, Belgium",18949.92,518.28,35.66,30.23,95.52265402730052,77.01,7.15,NONE
2026-02-09 03:00:00,Facility_D,Pharmaceuticals & Healthcare,"Flanders, Belgium",16630.3,580.11,40.73,29.33,98.24074959003254,74.15,7.35,NONE
2026-02-09 03:15:00,Facility_E,Data Center Cooling,"Nuevo Leon, Mexico",22797.86,841.44,22.83,27.49,92.49756339921908,88.22,7.28,NONE
2026-02-09 03:30:00,Facility_D,Pharmaceuticals & Healthcare,"Flanders, Belgium",18445.44,604.18,41.6,29.98,97.22591198412881,68.63,7.14,NONE
2026-02-09 03:45:00,Facility_E,DATA_CENTER_COOLING,"Nuevo Leon, Mexico",24043.42,750.82,23.2,27.45,90.90498942289695,74.01,7.48,NONE
2026-02-09 04:00:00,Facility_C,Refinery & Petrochemicals,"Maharashtra, India",18083.57,806.91,33.66,32.17,100.0,72.23,7.48,NONE
2026-02-09 04:15:00,Facility_A,FOOD & BEV,"Illinois, USA",20183.95,722.89,34.24,30.95,91.99262857476833,79.92,7.41,NONE
2026-02-09 04:30:00,Facility_B,Heavy Manufacturing,"Indiana, USA",24599.12,1045.23,28.01,30.65,94.06140910265708,73.42,7.48,NONE
2026-02-09 04:45:00,Facility_E,DATA_CENTER_COOLING,"Nuevo Leon, Mexico",18960.46,794.74,21.11,27.95,99.34231855093925,68.35,6.8,NONE
2026-02-09 05:00:00,Facility_B,Heavy Manufacturing,"Indiana, USA",21979.01,986.16,20.97,28.64,88.83378405018564,72.77,7.23,NONE
2026-02-09 05:15:00,Facility_E,Data Center Cooling,"Nuevo Leon, Mexico",19882.72,889.21,23.46,30.24,94.58352398822635,69.59,7.49,NONE
2026-02-09 05:30:00,Facility_A,Food & Beverage Processing,"Illinois, USA",18338.81,739.69,,26.77,97.67951588085037,83.32,7.3,NONE
2026-02-09 05:45:00,Facility_A,Food & Beverage Processing,"Illinois, USA",17187.33,820.38,39.44,30.19,92.80022203129435,73.64,6.88,NONE
2026-02-09 06:00:00,Facility_E,Data Center Cooling,"Nuevo Leon, Mexico",20362.87,878.62,27.79,28.63,95.08939398177434,71.0,7.33,NONE
2026-02-09 06:15:00,facility_a,Food & Beverage Processing,"Illinois, USA",113338.61,639.09,34.6,30.7,44.697084636098,124.88,7.18,PRESSURE_BURST_SURGE
2026-02-09 06:30:00,Facility_E,Data Center Cooling,"Nuevo Leon, Mexico",20967.51,808.24,32.52,32.83,91.34162014080623,72.19,7.32,NONE
2026-02-09 06:45:00,Facility_E,Data Center Cooling,"Nuevo Leon, Mexico",22896.78,730.27,30.7,29.73,91.24130780946658,78.99,7.44,NONE
2026-02-09 07:00:00,Facility_C,Refinery & Petrochemicals,"Maharashtra, India",20513.85,760.97,38.88,28.45,90.60902049773009,78.24,7.33,NONE
2026-02-09 07:15:00,Facility_D,Pharmaceuticals & Healthcare,"Flanders, Belgium",18165.18,516.68,40.88,33.65,95.44438575538759,71.98,7.74,NONE
2026-02-09 07:30:00,Facility_A,Food & Beverage Processing,"Illinois, USA",20093.76,682.13,36.86,29.87,88.8834147581675,72.57,7.5,NONE
2026-02-09 07:45:00,Facility_E,Data Center Cooling,"Nuevo Leon, Mexico",19282.89,609.58,34.67,35.48,91.9784949727386,71.17,6.97,NONE
2026-02-09 08:00:00,Facility_B,Heavy Manufacturing,"Indiana, USA",23248.58,711.66,23.02,29.97,88.44710115022053,67.39,7.41,NONE
2026-02-09 08:15:00,Facility_B,Heavy Manufacturing,"Indiana, USA",23879.06,869.96,27.06,29.49,95.99634020831706,71.53,7.55,NONE
2026-02-09 08:30:00,Facility_D,Pharmaceuticals & Healthcare,"Flanders, Belgium",17775.9,522.3,32.99,26.69,89.53064794411439,66.02,7.07,NONE
2026-02-09 08:45:00,Facility_B,Heavy Manufacturing,"Indiana, USA",28330.85,839.3,26.87,28.26,93.23999263199971,74.14,7.04,NONE
2026-02-09 09:00:00,Facility_D,Pharmaceuticals & Healthcare,"Flanders, Belgium",19760.28,550.47,38.75,29.27,88.96110616935165,79.85,7.35,NONE
2026-02-09 09:15:00,Facility_E,Data Center Cooling,"Nuevo Leon, Mexico",20168.99,793.69,23.64,26.3,95.28108159904872,79.16,7.43,NONE
2026-02-09 09:30:00,Facility_E,Data Center Cooling,"Nuevo Leon, Mexico",23140.24,655.04,26.99,27.75,96.78830971503604,76.22,7.64,NONE
2026-02-09 09:45:00,Facility_D,Pharmaceuticals & Healthcare,"Flanders, Belgium",17331.08,504.62,43.08,28.77,96.90761913997484,73.71,7.97,NONE
2026-02-09 10:00:00,Facility_C,Refinery & Petrochemicals,"Maharashtra, India",21488.38,764.56,35.59,115.94,89.86460995593391,71.83,7.19,SENSOR_TEMP_SPIKE
2026-02-09 10:15:00,Facility_C,Refinery & Petrochemicals,"Maharashtra, India",19352.3,748.55,35.82,30.91,97.0053961045729,68.1,7.34,NONE
2026-02-09 10:30:00,Facility_D,Pharmaceuticals & Healthcare,"Flanders, Belgium",18038.67,532.21,46.54,27.08,92.03620198976489,81.89,7.62,NONE
2026-02-09 10:45:00,Facility_C,Refinery & Petrochemicals,"Maharashtra, India",104729.81,836.1,34.49,27.47,54.52775646488255,120.11,6.95,PRESSURE_BURST_SURGE
2026-02-09 11:00:00,Facility_A,Food & Beverage Processing,"Illinois, USA",21336.93,721.19,,22.79,90.8333149678648,77.35,7.53,NONE
2026-02-09 11:15:00,Facility_C,refinery,"Maharashtra, India",16676.99,654.39,36.03,22.05,89.82424239251915,81.92,7.75,NONE
2026-02-09 11:30:00,Facility_D,Pharmaceuticals & Healthcare,"Flanders, Belgium",19813.5,586.49,29.31,25.69,92.55546048650952,70.76,7.25,NONE
2026-02-09 11:45:00,Facility_C,Refinery & Petrochemicals,"Maharashtra, India",21762.26,734.9,34.07,28.09,88.95767770047102,70.22,7.14,NONE
2026-02-09 12:00:00,Facility_B,Heavy Manufacturing,"Indiana, USA",25962.05,811.02,27.18,25.3,90.07334316731279,76.74,7.26,NONE
2026-02-09 12:15:00,Facility_D,Pharmaceuticals & Healthcare,"Flanders, Belgium",20109.49,505.75,34.71,25.84,93.09082548218812,77.39,7.23,NONE
2026-02-09 12:30:00,Facility_D,pharma,"Flanders, Belgium",20396.39,590.33,37.05,24.27,95.92200084948263,69.83,7.34,NONE
2026-02-09 12:45:00,facility_b,Heavy Manufacturing,"Indiana, USA",25623.07,822.6,,24.24,88.32580340041575,80.32,7.21,NONE
2026-02-09 13:00:00,Facility_B,Heavy Manufacturing,"Indiana, USA",25393.52,828.72,33.1,28.94,94.0115117426838,73.29,7.04,NONE
2026-02-09 13:15:00,Facility_B,Mfg Heavy,"Indiana, USA",21322.38,690.99,25.16,21.45,96.95225585196836,75.9,7.28,NONE
2026-02-09 13:30:00,Facility_D,Pharmaceuticals & Healthcare,"Flanders, Belgium",21210.99,508.05,34.06,21.49,95.97793182406468,70.35,7.35,NONE
2026-02-09 13:45:00,Facility_A,Food and Beverage,"Illinois, USA",21580.52,810.74,31.38,25.42,90.60767921266029,81.58,7.3,NONE
2026-02-09 14:00:00,Facility_A,Food & Beverage Processing,"Illinois, USA",19448.58,683.99,36.54,24.86,95.9349906477236,75.59,7.29,NONE
2026-02-09 14:15:00,Facility_D,Pharmaceuticals & Healthcare,"Flanders, Belgium",20806.85,588.65,33.46,22.5,93.97624553290123,78.08,7.81,NONE
2026-02-09 14:30:00, Facility_A ,Food & Beverage Processing,"Illinois, USA",15154.86,714.83,33.56,-26.55,96.72984673610787,76.95,7.07,SENSOR_TEMP_SPIKE
2026-02-09 14:45:00,Facility_B,Heavy Manufacturing,"Indiana, USA",,852.05,21.87,21.98,95.71285073876906,72.43,7.38,NONE
2026-02-09 15:00:00,Facility_B_Unit2,HEAVY_MANUFACTURING,"Indiana, USA",251.02,2346.26,26.76,22.73,48.10625187809337,77.48,6.94,BROWNOUT_WATER_STALL
2026-02-09 15:15:00,FACILITY_C,Refinery & Petrochemicals,"Maharashtra, India",18814.49,579.29,33.36,21.75,93.3167949832122,73.76,7.45,NONE
2026-02-09 15:30:00,facility_e,Data Center Cooling,"Nuevo Leon, Mexico",22658.49,835.63,27.01,22.13,96.22842312546288,66.53,7.56,NONE
2026-02-09 15:45:00,Facility_D,Pharmaceuticals & Healthcare,"Flanders, Belgium",19040.27,594.55,,23.42,94.06692403475967,69.0,7.17,NONE
2026-02-09 16:00:00,Facility_A,Food & Beverage Processing,"Illinois, USA",23371.35,760.97,35.95,22.41,93.75395029648091,76.37,7.69,NONE
2026-02-09 16:15:00,Facility_C,Petrochem / Refining,"Maharashtra, India",18482.16,814.07,38.48,24.6,92.85478067130052,79.77,6.95,NONE
2026-02-09 16:30:00,Facility_A,Food & Beverage Processing,"Illinois, USA",16652.12,747.27,33.41,22.38,92.08469153292269,72.07,7.1,NONE
2026-02-09 16:45:00,Facility_B,Heavy Manufacturing,"Indiana, USA",25650.92,709.29,,23.4,97.64005735488401,74.72,7.34,NONE
2026-02-09 17:00:00,Facility_E,Data Center Cooling,"Nuevo Leon, Mexico",21417.63,697.54,23.28,20.86,92.1358319418264,70.02,7.73,NONE
2026-02-09 17:15:00,FACILITY_B,Heavy Manufacturing,"Indiana, USA",23607.02,873.06,30.95,24.8,95.68131789522457,73.22,7.83,NONE
2026-02-09 17:30:00,Facility_E,Data Center Cooling,"Nuevo Leon, Mexico",17950.16,679.49,29.42,22.69,96.11480364659651,74.72,7.45,NONE
2026-02-09 17:45:00,Facility_C,Refinery & Petrochemicals,"Maharashtra, India",21077.58,787.94,38.35,21.15,91.29306015447378,77.96,7.38,NONE
2026-02-09 18:00:00,FACILITY_D,Pharmaceuticals & Healthcare,"Flanders, Belgium",19099.28,529.54,35.78,23.02,92.53648153129754,70.12,7.11,NONE
2026-02-09 18:15:00,Facility_A,Food & Beverage Processing,"Illinois, USA",17789.77,688.83,30.34,25.33,96.45735791885988,75.34,7.87,NONE
2026-02-09 18:30:00,Facility_D,Pharmaceuticals & Healthcare,"Flanders, Belgium",18459.46,596.06,38.88,23.38,91.10504969808966,72.63,7.12,NONE
2026-02-09 18:45:00,Facility_C,refinery,"Maharashtra, India",290.55,2296.02,27.59,23.5,53.75580241460149,81.67,7.61,BROWNOUT_WATER_STALL
2026-02-09 19:00:00,Fac_E_Cooling,Hyperscale Cooling,"Nuevo Leon, Mexico",20308.35,827.82,18.01,20.52,92.5604570912076,64.86,7.52,NONE
2026-02-09 19:15:00,FACILITY_B,Heavy Manufacturing,"Indiana, USA",26758.54,756.77,28.43,24.16,86.77024154601608,68.27,7.26,NONE
2026-02-09 19:30:00,Facility_C,Refinery & Petrochemicals,"Maharashtra, India",18880.6,772.45,39.24,23.66,95.72923148982738,67.75,7.39,NONE
2026-02-09 19:45:00,Facility_D,Pharmaceuticals & Healthcare,"Flanders, Belgium",18029.07,652.19,38.23,21.71,96.22800408305613,76.53,7.12,NONE
2026-02-09 20:00:00,Facility_E,Data Center Cooling,"Nuevo Leon, Mexico",20217.62,725.14,33.66,23.4,95.82570393139255,71.78,7.44,NONE
2026-02-09 20:15:00,Facility_D,Pharmaceuticals & Healthcare,"Flanders, Belgium",21646.71,548.45,37.98,20.72,ERROR_SENSOR,72.5,7.05,NONE
2026-02-09 20:30:00,Facility_C,Refinery & Petrochemicals,"Maharashtra, India",,711.89,38.8,23.66,93.59872623523349,80.69,6.72,NONE
2026-02-09 20:45:00,FACILITY_B,Heavy Manufacturing,"Indiana, USA",25182.79,749.25,20.26,21.34,ERROR_SENSOR,70.74,7.6,NONE
2026-02-09 21:00:00,Facility_B,Heavy Manufacturing,"Indiana, USA",25128.19,812.72,27.15,23.49,92.16086868818319,70.17,7.63,NONE
2026-02-09 21:15:00,Facility_E,Data Center Cooling,"Nuevo Leon, Mexico",288.22,1899.66,30.3,24.44,50.7787743479794,77.4,7.5,BROWNOUT_WATER_STALL
2026-02-09 21:30:00,Facility_A,Food & Beverage Processing,"Illinois, USA",19215.46,655.76,33.55,22.8,95.70478702798191,76.19,7.29,NONE
2026-02-09 21:45:00,facility_e,Data Center Cooling,"Nuevo Leon, Mexico",16829.36,680.76,34.88,27.42,100.0,75.8,7.04,NONE
2026-02-09 22:00:00,Facility_B,Heavy Manufacturing,"Indiana, USA",29933.96,817.81,25.63,25.1,99.57017294390172,73.53,7.35,NONE
2026-02-09 22:15:00,Facility_B,Heavy Manufacturing,"Indiana, USA",21048.31,849.05,31.3,24.57,93.4568134026021,75.01,7.06,NONE
2026-02-09 22:30:00,Facility_A,Food & Beverage Processing,"Illinois, USA",13997.91,705.64,30.55,26.0,100.0,79.83,6.77,NONE
2026-02-09 22:45:00,Facility_A,Food & Beverage Processing,"Illinois, USA",25089.94,760.34,30.39,136.14,85.33000062489283,71.55,7.41,SENSOR_TEMP_SPIKE
2026-02-09 23:00:00,Facility_E,Data Center Cooling,"Nuevo Leon, Mexico",24089.0,801.16,27.34,27.2,91.58619341675076,77.48,7.15,NONE
2026-02-09 23:15:00,Facility_C,Refinery & Petrochemicals,"Maharashtra, India",19491.65,663.88,39.85,24.92,89.11906771422623,69.66,7.26,NONE
2026-02-09 23:30:00,Facility_B,Heavy Mfg.,"Indiana, USA",22966.89,900.49,27.33,27.66,92.5947076428728,77.23,7.35,NONE
2026-02-09 23:45:00,Fac_E_Cooling,Hyperscale Cooling,"Nuevo Leon, Mexico",20443.26,671.95,28.78,27.56,91.29996041164742,73.94,7.2,NONE
2026-02-10 00:00:00,Facility_E,Data Center Cooling,"Nuevo Leon, Mexico",26002.5,773.4,28.88,25.63,96.32855520393326,74.0,7.33,NONE
2026-02-10 00:15:00,Facility_E,Data Center Cooling,"Nuevo Leon, Mexico",20914.43,667.05,34.78,28.42,93.52854358991124,73.54,7.1,NONE
2026-02-10 00:30:00,Facility_B,Heavy Manufacturing,"Indiana, USA",21222.02,766.0,33.3,26.33,96.96364498663425,73.86,7.11,NONE
2026-02-10 00:45:00,Facility_E,Data Center Cooling,"Nuevo Leon, Mexico",19241.5,768.49,21.7,25.9,92.04844776790061,77.69,7.43,NONE
2026-02-10 01:00:00,FAC-B,Heavy Manufacturing,"Indiana, USA",26369.96,878.92,32.84,27.63,90.19029819576961,74.85,7.11,NONE
2026-02-10 01:15:00,Facility_A,Food & Beverage Processing,"Illinois, USA",14480.22,726.47,,28.41,95.11707867168543,79.02,7.08,NONE
2026-02-10 01:30:00,Facility_D,Pharmaceuticals & Healthcare,"Flanders, Belgium",17847.43,495.76,39.39,30.24,91.75767854459693,77.25,7.13,NONE
2026-02-10 01:45:00,Facility_C,Refinery & Petrochemicals,"Maharashtra, India",20285.31,603.43,41.9,26.31,94.0406181588494,80.32,7.02,NONE
2026-02-10 02:00:00,Facility_E,Data Center Cooling,"Nuevo Leon, Mexico",25555.17,907.73,31.39,28.53,92.90862571208373,76.58,7.56,NONE
2026-02-10 02:15:00,Facility_D,Pharmaceuticals & Healthcare,"Flanders, Belgium",14197.08,552.79,35.04,27.41,91.22892279466006,68.18,7.78,NONE
2026-02-10 02:30:00,Facility_C,Refinery & Petrochemicals,"Maharashtra, India",17500.13,765.75,34.19,27.95,94.83431220153649,72.6,7.52,NONE
2026-02-10 02:45:00,Facility_C,REFINERY_PETRO,"Maharashtra, India",22374.12,691.52,,29.67,89.73875019769889,76.91,7.28,NONE
2026-02-10 03:00:00,Facility_C,Refinery & Petrochemicals,"Maharashtra, India",22395.01,854.62,35.5,28.94,99.04428461939122,71.39,7.42,NONE
2026-02-10 03:15:00,Facility_A,Food & Beverage Processing,"Illinois, USA",19112.46,798.19,36.84,30.48,91.81102379387444,73.3,7.01,NONE
2026-02-10 03:30:00,Facility_C,Refinery & Petrochemicals,"Maharashtra, India",19389.3,714.33,44.9,28.69,96.78252617546948,80.88,7.58,NONE
2026-02-10 03:45:00,Facility_B,Heavy Manufacturing,"Indiana, USA",24222.06,791.44,40.87,33.38,94.47110866145869,72.48,7.11,NONE
2026-02-10 04:00:00,Facility_A,Food & Beverage Processing,"Illinois, USA",17830.32,763.64,41.21,29.75,97.33512491551807,78.04,7.27,NONE
2026-02-10 04:15:00,Facility_B,Heavy Manufacturing,"Indiana, USA",28881.93,926.53,,29.34,95.79475230357411,79.35,7.62,NONE
2026-02-10 04:30:00,Facility_C,Refinery & Petrochemicals,"Maharashtra, India",,761.23,40.0,32.52,92.03787061321869,67.77,7.81,NONE
2026-02-10 04:45:00,Facility_C,REFINERY_PETRO,"Maharashtra, India",17782.03,719.3,,29.8,87.33605775448801,78.01,7.59,NONE
2026-02-10 05:00:00,Facility_E,Data Center Cooling,"Nuevo Leon, Mexico",18488.58,748.09,24.23,28.82,91.57390178128911,76.38,7.91,NONE
2026-02-10 05:15:00,Facility_B,Heavy Manufacturing,"Indiana, USA",24511.07,910.47,,26.59,89.06796564478776,83.21,7.21,NONE
2026-02-10 05:30:00,Facility_B,Heavy Manufacturing,"Indiana, USA",27192.18,868.29,19.56,29.24,95.82531680678112,69.78,7.24,NONE
2026-02-10 05:45:00,monterrey_e,Hyperscale Cooling,"Nuevo Leon, Mexico",18051.25,686.96,26.29,27.14,97.24898883350473,67.75,7.3,NONE
2026-02-10 06:00:00,Facility_D,Healthcare & Pharma,"Flanders, Belgium",17045.8,630.27,32.32,29.09,89.22117775782566,63.16,7.49,NONE
2026-02-10 06:15:00,Facility_C,Refinery & Petrochemicals,"Maharashtra, India",18899.98,794.02,209.36,30.69,92.07915649517795,75.17,7.21,CHEMICAL_DOSING_BREACH
2026-02-10 06:30:00,Facility_E,Data Center Cooling,"Nuevo Leon, Mexico",20798.1,797.74,38.31,28.63,89.6012571027792,72.9,7.14,NONE
2026-02-10 06:45:00,Facility_B,Heavy Manufacturing,"Indiana, USA",27956.25,856.59,23.8,31.77,99.41254112677937,70.4,7.44,NONE
2026-02-10 07:00:00,Facility_B,Heavy Manufacturing,"Indiana, USA",18997.93,809.08,,30.11,93.86027923170259,70.5,7.7,NONE
2026-02-10 07:15:00,Facility_A,Food & Beverage Processing,"Illinois, USA",18313.74,625.34,31.34,31.95,95.27432403141437,71.67,7.85,NONE
2026-02-10 07:30:00,Facility_B,Heavy Manufacturing,"Indiana, USA",25558.7,696.16,31.0,29.95,93.26304744260524,78.0,7.28,NONE
2026-02-10 07:45:00,Facility_C,Refinery & Petrochemicals,"Maharashtra, India",18171.42,679.6,33.28,30.53,91.6187648530339,66.49,7.53,NONE
2026-02-10 08:00:00,Facility_E,data center,"Nuevo Leon, Mexico",22853.36,802.5,24.61,29.93,94.26686583964691,76.68,7.52,NONE
2026-02-10 08:15:00,Facility_A,Food & Beverage Processing,"Illinois, USA",15997.2,835.79,26.42,26.89,84.11204962248154,77.14,7.76,NONE
2026-02-10 08:30:00,Facility_C,Refinery & Petrochemicals,"Maharashtra, India",17398.12,639.63,39.17,27.34,95.48076905361224,69.84,7.23,NONE
2026-02-10 08:45:00,Fac_D,Pharmaceuticals & Healthcare,"Flanders, Belgium",19436.11,587.59,37.95,32.15,98.9858458709667,82.07,7.3,NONE
2026-02-10 09:00:00,FACILITY_D,Pharmaceuticals & Healthcare,"Flanders, Belgium",18957.29,647.42,34.76,28.55,93.56671872080764,73.91,7.27,NONE
2026-02-10 09:15:00,Facility_D,Pharmaceuticals & Healthcare,"Flanders, Belgium",16618.77,617.61,,29.42,ERROR_SENSOR,77.04,7.48,NONE
2026-02-10 09:30:00,Facility_C,Refinery & Petrochemicals,"Maharashtra, India",18250.25,744.76,35.03,26.94,90.9263285864708,76.39,7.43,NONE
2026-02-10 09:45:00,Facility_E,Data Center Cooling,"Nuevo Leon, Mexico",18654.0,741.01,21.93,28.97,92.4243380434685,83.43,7.51,NONE
2026-02-10 10:00:00,Facility_A,FOOD & BEV,"Illinois, USA",17059.73,644.06,34.18,30.08,99.44736771720108,79.2,7.48,NONE
2026-02-10 10:15:00,Facility_D,Pharmaceuticals & Healthcare,"Flanders, Belgium",21915.83,573.24,37.63,-34.79,98.32678303971024,74.6,7.32,SENSOR_TEMP_SPIKE
2026-02-10 10:30:00,Facility_C,Refinery & Petrochemicals,"Maharashtra, India",,706.9,37.64,29.46,89.51191543640951,76.89,7.47,NONE
2026-02-10 10:45:00,Facility_D,Pharmaceuticals & Healthcare,"Flanders, Belgium",20118.83,682.04,49.94,30.01,94.3335782939445,76.87,7.47,NONE
2026-02-10 11:00:00,Facility_D,Pharmaceuticals & Healthcare,"Flanders, Belgium",24001.69,576.82,35.76,28.52,100.0,69.64,7.16,NONE
2026-02-10 11:15:00,Facility_E,Data Center Cooling,"Nuevo Leon, Mexico",19258.6,660.22,24.51,28.97,94.2034008257426,68.18,7.54,NONE
2026-02-10 11:30:00,FAC_A,F&B Processing,"Illinois, USA",20061.54,780.85,,24.81,95.67561959388082,77.71,7.04,NONE
2026-02-10 11:45:00,Fac_D,Pharmaceuticals & Healthcare,"Flanders, Belgium",19253.84,533.93,,27.95,97.399971932824,70.21,7.16,NONE
2026-02-10 12:00:00,Facility_A,F&B Processing,"Illinois, USA",18406.36,675.21,33.05,-38.09,98.36785157328482,81.85,7.66,SENSOR_TEMP_SPIKE
2026-02-10 12:15:00,Facility_E,Data Center Cooling,"Nuevo Leon, Mexico",22366.21,693.28,29.16,26.84,90.85888606057011,81.3,7.33,NONE
2026-02-10 12:30:00,FAC_A,Food & Beverage Processing,"Illinois, USA",16885.04,698.36,225.26,24.47,null,74.04,7.64,CHEMICAL_DOSING_BREACH
2026-02-10 12:45:00,Facility_A,F&B Processing,"Illinois, USA",20214.1,682.2,36.96,26.9,92.92125008388778,78.47,7.77,NONE
2026-02-10 13:00:00,facility_e,Hyperscale Cooling,"Nuevo Leon, Mexico",22026.83,866.36,26.5,23.85,92.4024877902523,74.19,7.79,NONE
2026-02-10 13:15:00,Facility_E,Data Center Cooling,"Nuevo Leon, Mexico",20135.48,778.82,33.12,26.06,91.92059262578789,68.25,7.69,NONE
2026-02-10 13:30:00,Facility_B,Heavy Manufacturing,"Indiana, USA",22532.75,808.19,28.64,27.24,96.69266422384491,74.67,7.69,NONE
2026-02-10 13:45:00,Facility_B,Heavy Manufacturing,"Indiana, USA",30223.91,799.96,26.85,26.08,98.93039188894306,70.87,6.83,NONE
2026-02-10 14:00:00,facility_b,Heavy Manufacturing,"Indiana, USA",27800.37,954.6,29.04,29.24,90.82111185239926,70.66,7.14,NONE
2026-02-10 14:15:00,Facility_C ,Refinery & Petrochemicals,"Maharashtra, India",19023.78,785.55,32.27,26.3,94.35698003671632,69.34,7.52,NONE
2026-02-10 14:30:00,Facility_D,Pharmaceuticals & Healthcare,"Flanders, Belgium",17774.75,574.78,41.23,25.86,96.43300871287835,74.22,7.08,NONE
2026-02-10 14:45:00,Facility_A,Food & Beverage Processing,"Illinois, USA",,714.65,37.99,22.92,94.14562006163358,68.45,7.45,NONE
2026-02-10 15:00:00,Facility_A,Food & Beverage Processing,"Illinois, USA",19158.0,703.79,35.06,22.44,97.98281362319875,70.58,7.73,NONE
2026-02-10 15:15:00,Facility_D,PHARMACEUTICALS,"Flanders, Belgium",,586.4,40.06,22.85,94.38890408481404,72.36,7.48,NONE
2026-02-10 15:30:00,Facility_C,Refinery & Petrochemicals,"Maharashtra, India",19392.63,949.26,29.71,23.69,92.15342080306469,74.56,7.31,NONE
2026-02-10 15:45:00,Facility_A,Food & Beverage Processing,"Illinois, USA",18457.38,675.71,34.5,22.5,93.43048001265845,74.84,7.15,NONE
2026-02-10 16:00:00,Facility_B,Heavy Manufacturing,"Indiana, USA",27675.59,759.47,30.57,23.76,93.07433902741883,69.07,7.35,NONE
2026-02-10 16:15:00,Facility_E,Data Center Cooling,"Nuevo Leon, Mexico",18486.09,741.6,31.81,22.88,97.51291343780845,75.33,7.57,NONE
2026-02-10 16:30:00,Facility_E,Data Center Cooling,"Nuevo Leon, Mexico",22914.71,855.53,23.02,21.86,93.5892746070132,77.6,7.4,NONE
2026-02-10 16:45:00,Facility_C,Refinery & Petrochemicals,"Maharashtra, India",18812.51,857.06,34.08,22.02,95.16660355918678,84.77,7.34,NONE
2026-02-10 17:00:00,Facility_B,Heavy Manufacturing,"Indiana, USA",,792.38,26.96,25.02,92.3286377404855,75.37,7.32,NONE
2026-02-10 17:15:00,Facility_B,Heavy Manufacturing,"Indiana, USA",21726.08,812.47,18.11,22.89,95.06654419886898,70.19,7.2,NONE
2026-02-10 17:30:00,Facility_B_Unit2,Heavy Manufacturing,"Indiana, USA",21641.36,653.83,22.17,23.71,92.49433249439431,74.94,7.92,NONE
2026-02-10 17:45:00,Facility_D,Pharmaceuticals & Healthcare,"Flanders, Belgium",20962.56,599.67,35.46,25.32,97.4528119609437,78.02,7.35,NONE
2026-02-10 18:00:00,Facility_C,Refinery & Petrochemicals,"Maharashtra, India",16738.25,894.9,39.16,22.13,92.6143282106302,68.5,7.56,NONE
2026-02-10 18:15:00,Facility_C ,Refinery & Petrochemicals,"Maharashtra, India",19212.16,807.91,39.41,23.81,90.70006062288508,74.1,7.47,NONE
2026-02-10 18:30:00,Facility_D,Pharmaceuticals & Healthcare,"Flanders, Belgium",19815.74,478.51,33.27,23.72,95.55469235836749,81.24,6.92,NONE
2026-02-10 18:45:00,FACILITY_E,Data Center Cooling,"Nuevo Leon, Mexico",23372.76,778.22,24.09,19.4,96.51091482841392,69.57,6.98,NONE
2026-02-10 19:00:00,Facility_D,Pharmaceuticals & Healthcare,"Flanders, Belgium",19737.76,568.45,39.91,23.41,100.0,77.26,7.53,NONE
2026-02-10 19:15:00,Facility_D,Pharmaceuticals & Healthcare,"Flanders, Belgium",16737.2,657.9,35.38,21.07,92.82322694798464,75.98,7.22,NONE
2026-02-10 19:30:00,Facility_B,HEAVY_MANUFACTURING,"Indiana, USA",23077.62,764.59,29.36,23.81,95.55556218038775,67.0,7.12,NONE
2026-02-10 19:45:00,Facility_A,Food & Beverage Processing,"Illinois, USA",21415.55,682.75,32.35,27.64,86.28526778746492,73.42,7.55,NONE
2026-02-10 20:00:00,Facility_E,Data Center Cooling,"Nuevo Leon, Mexico",18614.23,739.88,23.46,24.08,91.35252096511023,72.06,7.6,NONE
2026-02-10 20:15:00,Facility_E,Data Center Cooling,"Nuevo Leon, Mexico",22508.06,823.0,35.88,23.31,100.0,74.87,7.72,NONE
2026-02-10 20:30:00,Facility_A,F&B Processing,"Illinois, USA",19196.43,772.92,29.71,25.74,97.18327161024344,73.04,7.39,NONE
2026-02-10 20:45:00,Facility_B,Mfg Heavy,"Indiana, USA",22867.93,918.12,-1.61,21.27,100.0,75.79,7.28,CHEMICAL_DOSING_BREACH
2026-02-10 21:00:00,Facility_A,FOOD & BEV,"Illinois, USA",22284.13,629.13,30.57,23.51,91.75905779329132,70.68,7.21,NONE
2026-02-10 21:15:00,Facility_D,Pharmaceuticals & Healthcare,"Flanders, Belgium",17523.24,542.31,43.52,24.64,93.21819267890822,77.44,7.32,NONE
2026-02-10 21:30:00,Facility_E,Data Center Cooling,"Nuevo Leon, Mexico",19089.33,629.57,32.65,20.06,88.6723760719483,76.27,7.35,NONE
2026-02-10 21:45:00,Facility_A,food & beverage,"Illinois, USA",22635.97,667.07,34.73,23.96,95.25749257711989,74.76,7.49,NONE
2026-02-10 22:00:00,Facility_E,Data Center Cooling,"Nuevo Leon, Mexico",21644.31,772.01,23.93,24.64,95.42848242955282,73.77,7.32,NONE
2026-02-10 22:15:00,Facility_C,Refinery & Petrochemicals,"Maharashtra, India",14572.97,896.2,29.76,23.62,90.97729879603096,75.34,7.45,NONE
2026-02-10 22:30:00,facility_c,Refinery & Petrochemicals,"Maharashtra, India",20316.61,831.69,42.74,24.42,90.83998584875171,72.94,7.04,NONE
2026-02-10 22:45:00,Facility_B,Heavy Manufacturing,"Indiana, USA",24721.53,709.71,24.99,22.18,97.36724968719147,74.5,7.88,NONE
2026-02-10 23:00:00,Facility_E,Data Center Cooling,"Nuevo Leon, Mexico",23911.94,840.69,27.91,26.35,90.63148776936558,71.6,7.35,NONE
2026-02-10 23:15:00,Facility_B,Heavy Manufacturing,"Indiana, USA",20407.65,797.45,,24.84,91.14400410942004,72.27,7.56,NONE
2026-02-10 23:30:00,FACILITY_B,Heavy Manufacturing,"Indiana, USA",26907.14,821.08,28.57,27.52,97.68364422561352,71.86,7.33,NONE
2026-02-10 23:45:00,Facility_A,Food & Beverage Processing,"Illinois, USA",22140.52,750.28,25.61,24.63,90.74126981167852,72.13,7.45,NONE
2026-02-11 00:00:00,Facility_D,Pharmaceuticals & Healthcare,"Flanders, Belgium",22953.74,564.28,40.27,28.54,98.25781588150467,79.11,7.14,NONE
2026-02-11 00:15:00,Facility_D,Healthcare & Pharma,"Flanders, Belgium",15460.34,533.23,38.21,25.42,88.29964715938785,68.53,8.19,NONE
2026-02-11 00:30:00,Facility_D,Pharmaceuticals & Healthcare,"Flanders, Belgium",18226.4,671.43,36.51,28.45,93.04179980791662,74.03,7.57,NONE
2026-02-11 00:45:00,Facility_D,Pharmaceuticals & Healthcare,"Flanders, Belgium",17815.01,501.05,34.12,25.82,93.76807359658686,65.47,7.44,NONE
2026-02-11 01:00:00,Facility_E,Data Center Cooling,"Nuevo Leon, Mexico",24306.27,711.9,25.75,31.08,98.21033279923891,75.92,7.14,NONE
2026-02-11 01:15:00,Facility_C,Refinery & Petrochemicals,"Maharashtra, India",20146.09,698.64,29.94,28.6,91.96952541152424,64.9,7.51,NONE
2026-02-11 01:30:00,Facility_D,Pharmaceuticals & Healthcare,"Flanders, Belgium",21998.96,606.53,35.41,115.88,93.96832718947064,71.04,7.1,SENSOR_TEMP_SPIKE
2026-02-11 01:45:00,FACILITY_B,Heavy Manufacturing,"Indiana, USA",19765.17,686.99,35.62,28.33,93.10306391837639,75.39,7.47,NONE
2026-02-11 02:00:00,Facility_C,Refinery & Petrochemicals,"Maharashtra, India",,659.93,28.85,27.19,91.86766969648906,72.38,7.41,NONE
2026-02-11 02:15:00,Facility_A,Food & Beverage Processing,"Illinois, USA",18616.76,664.47,33.16,30.01,90.91188139226898,67.84,7.4,NONE
2026-02-11 02:30:00,Facility_B,Heavy Manufacturing,"Indiana, USA",24488.16,910.23,24.36,26.76,91.47333161490982,76.34,7.25,NONE
2026-02-11 02:45:00,Facility_A,Food & Beverage Processing,"Illinois, USA",19058.2,677.69,35.77,30.01,88.62767065877907,78.06,7.52,NONE
2026-02-11 03:00:00,Facility_C,Refinery & Petrochemicals,"Maharashtra, India",21277.77,735.92,31.56,29.18,94.02174551424605,79.33,7.53,NONE
2026-02-11 03:15:00,Facility_D,Pharmaceuticals & Healthcare,"Flanders, Belgium",19053.89,561.74,37.56,28.8,95.67259890997626,67.47,7.35,NONE
2026-02-11 03:30:00,Facility_D,Pharmaceuticals & Healthcare,"Flanders, Belgium",21064.43,504.38,45.67,27.73,91.88498491090117,78.62,7.76,NONE
2026-02-11 03:45:00,Facility_B,Heavy Manufacturing,"Indiana, USA",26896.33,867.82,36.01,27.36,--,65.34,7.11,NONE
2026-02-11 04:00:00,Facility_B,Heavy Manufacturing,"Indiana, USA",23573.84,871.97,32.73,31.6,96.31401058349658,69.69,7.46,NONE
2026-02-11 04:15:00,Facility_B,Mfg Heavy,"Indiana, USA",23519.07,890.48,-6.68,31.68,100.0,73.85,7.04,CHEMICAL_DOSING_BREACH
2026-02-11 04:30:00,Facility_A,Food & Beverage Processing,"Illinois, USA",,747.54,32.47,30.88,95.80198155862466,66.99,7.63,NONE
2026-02-11 04:45:00,Facility_E,Data Center Cooling,"Nuevo Leon, Mexico",22085.95,641.94,29.91,27.94,95.13257517976052,74.54,7.07,NONE
2026-02-11 05:00:00,facility_e,Hyperscale Cooling,"Nuevo Leon, Mexico",22146.99,810.68,26.09,107.13,92.60871682076782,77.93,7.32,SENSOR_TEMP_SPIKE
2026-02-11 05:15:00,Facility_C,Petrochem / Refining,"Maharashtra, India",21477.43,715.77,36.03,30.15,94.41699222280624,68.76,7.15,NONE
2026-02-11 05:30:00,Facility_C,Refinery & Petrochemicals,"Maharashtra, India",21697.69,805.87,38.12,30.01,94.44348100001174,71.86,6.83,NONE
2026-02-11 05:45:00,Facility_C,Refinery & Petrochemicals,"Maharashtra, India",21166.3,791.16,32.43,30.49,92.00830335641525,80.74,7.54,NONE
2026-02-11 06:00:00,Facility_C,Refinery & Petrochemicals,"Maharashtra, India",16233.76,677.28,36.55,30.74,95.15750563444901,73.36,7.17,NONE
2026-02-11 06:15:00,FACILITY_D,Pharmaceuticals & Healthcare,"Flanders, Belgium",19863.81,602.8,42.78,31.81,90.82213553052047,75.15,7.27,NONE
2026-02-11 06:30:00,Facility_C,Refinery & Petrochemicals,"Maharashtra, India",16692.0,638.0,44.94,29.46,93.09619374106971,74.99,7.38,NONE
2026-02-11 06:45:00,Facility_A,Food & Beverage Processing,"Illinois, USA",13434.24,701.18,38.94,30.04,98.73237052057368,74.14,7.25,NONE
2026-02-11 07:00:00,Facility_A,Food & Beverage Processing,"Illinois, USA",19596.83,715.68,31.56,29.32,89.1356051672715,76.53,7.38,NONE
2026-02-11 07:15:00,Facility_C,Refinery & Petrochemicals,"Maharashtra, India",22587.36,774.41,29.14,30.87,93.74294727433079,72.06,7.52,NONE
2026-02-11 07:30:00,Facility_B,Heavy Manufacturing,"Indiana, USA",27330.04,739.46,26.54,32.17,90.36485143192262,73.22,7.41,NONE
2026-02-11 07:45:00,facility_e,Data Center Cooling,"Nuevo Leon, Mexico",18178.35,742.62,27.95,29.51,88.60221892417576,74.0,7.18,NONE
2026-02-11 08:00:00,Facility_A,Food & Beverage Processing,"Illinois, USA",21726.61,742.64,,29.25,93.90040457170836,72.21,6.93,NONE
2026-02-11 08:15:00,Facility_E,Data Center Cooling,"Nuevo Leon, Mexico",21840.26,789.46,31.61,31.52,N/A,77.53,7.03,NONE
2026-02-11 08:30:00,facility_a,Food & Beverage Processing,"Illinois, USA",20088.59,662.47,33.26,26.96,95.23673494791548,70.46,7.49,NONE
2026-02-11 08:45:00,Facility_D,Pharmaceuticals & Healthcare,"Flanders, Belgium",19556.28,590.93,37.7,-23.59,98.26905615241103,73.42,7.31,SENSOR_TEMP_SPIKE
2026-02-11 09:00:00,Facility_B,Heavy Manufacturing,"Indiana, USA",25643.05,854.26,27.53,29.82,91.63981905212314,73.69,7.39,NONE
2026-02-11 09:15:00,Facility_A,Food & Beverage Processing,"Illinois, USA",22422.94,831.09,32.21,31.3,91.17973704712772,84.13,7.28,NONE
2026-02-11 09:30:00,Facility_C,Refinery & Petrochemicals,"Maharashtra, India",18752.82,818.34,39.08,28.63,87.07376060554877,76.95,7.1,NONE
2026-02-11 09:45:00,Facility_D,Pharmaceuticals & Healthcare,"Flanders, Belgium",20458.08,611.81,38.31,30.35,91.93100330117348,80.19,7.4,NONE
2026-02-11 10:00:00,FACILITY_A,Food & Beverage Processing,"Illinois, USA",18834.61,794.37,28.71,24.71,89.50747540150653,80.46,7.42,NONE
2026-02-11 10:15:00,FAC_A,Food & Beverage Processing,"Illinois, USA",19656.29,777.94,32.74,27.77,92.09641667676047,68.71,7.05,NONE
2026-02-11 10:30:00,Facility_E,Data Center Cooling,"Nuevo Leon, Mexico",21542.37,738.32,30.55,27.88,90.09524696988112,75.11,7.4,NONE
2026-02-11 10:45:00,facility_b,Heavy Manufacturing,"Indiana, USA",,853.21,36.76,25.64,90.43697560942182,66.34,7.38,NONE
2026-02-11 11:00:00,Facility_B,Heavy Manufacturing,"Indiana, USA",19798.53,858.83,28.26,26.5,95.01005279574443,75.33,7.8,NONE
2026-02-11 11:15:00,Facility_B,Heavy Manufacturing,"Indiana, USA",27687.27,834.7,18.92,28.95,96.50056331276697,79.96,6.71,NONE
2026-02-11 11:30:00,Facility_A,FOOD & BEV,"Illinois, USA",19737.06,759.95,36.55,28.11,93.69381042204544,69.42,7.32,NONE
2026-02-11 11:45:00,Facility_E,Data Center Cooling,"Nuevo Leon, Mexico",,808.71,21.84,27.29,41.9514070614059,127.55,7.03,PRESSURE_BURST_SURGE
2026-02-11 12:00:00,FACILITY_B,Heavy Manufacturing,"Indiana, USA",23386.84,741.8,21.55,26.48,95.756321758133,78.29,7.22,NONE
2026-02-11 12:15:00,Facility_A,Food & Beverage Processing,"Illinois, USA",18634.48,738.36,31.04,27.7,94.87716756107044,72.31,6.83,NONE
2026-02-11 12:30:00,Facility_C,Refinery & Petrochemicals,"Maharashtra, India",22213.67,723.69,37.0,22.53,93.46378693316542,74.45,7.39,NONE
2026-02-11 12:45:00,Facility_D,Pharmaceuticals & Healthcare,"Flanders, Belgium",25488.82,533.09,40.95,26.66,91.32835522346372,77.63,7.3,NONE
2026-02-11 13:00:00,Facility_E,Hyperscale Cooling,"Nuevo Leon, Mexico",23316.12,897.07,29.13,24.96,96.86497978819332,80.28,7.1,NONE
2026-02-11 13:15:00,Facility_D,Pharmaceuticals & Healthcare,"Flanders, Belgium",17701.53,607.43,36.95,23.5,95.23022344926527,77.02,7.26,NONE
2026-02-11 13:30:00,FAC-B,Heavy Manufacturing,"Indiana, USA",25979.86,791.57,23.9,-20.09,93.7365835205629,67.36,7.23,SENSOR_TEMP_SPIKE
2026-02-11 13:45:00,Facility_D,Pharmaceuticals & Healthcare,"Flanders, Belgium",18916.29,498.11,36.62,23.71,95.26697137618356,72.48,6.59,NONE
2026-02-11 14:00:00,Fac_D,Healthcare & Pharma,"Flanders, Belgium",27011.42,577.1,37.87,21.73,88.81337834892284,73.59,7.44,NONE
2026-02-11 14:15:00,Facility_A,Food and Beverage,"Illinois, USA",20885.98,729.93,26.52,19.77,93.17928848198974,71.6,7.0,NONE
2026-02-11 14:30:00,Facility_D,Pharmaceuticals & Healthcare,"Flanders, Belgium",20579.05,479.35,40.09,21.53,93.92908379386665,78.2,7.26,NONE
2026-02-11 14:45:00,monterrey_e,Data Center Cooling,"Nuevo Leon, Mexico",25378.88,893.84,29.5,24.84,96.89426837221286,76.45,7.47,NONE
2026-02-11 15:00:00,Facility_B,Heavy Manufacturing,"Indiana, USA",24168.11,698.26,22.66,27.96,94.531868664976,72.89,7.7,NONE
2026-02-11 15:15:00,Facility_C,Refinery & Petrochemicals,"Maharashtra, India",17133.79,822.31,35.82,24.32,92.42348841825965,69.66,7.12,NONE
2026-02-11 15:30:00,Facility_E,Data Center Cooling,"Nuevo Leon, Mexico",19115.21,749.78,21.96,21.08,93.93367775209344,73.43,7.4,NONE
2026-02-11 15:45:00,Facility_B,Heavy Manufacturing,"Indiana, USA",25650.6,1051.59,29.03,22.49,93.82362171315683,78.59,7.34,NONE
2026-02-11 16:00:00,Facility_E,Data Center Cooling,"Nuevo Leon, Mexico",22833.73,779.7,,23.24,98.61655076541464,75.09,7.07,NONE
2026-02-11 16:15:00,Facility_D,Pharmaceuticals & Healthcare,"Flanders, Belgium",18001.29,448.7,38.08,25.27,89.20750154197167,74.67,7.63,NONE
2026-02-11 16:30:00,Facility_D,Pharmaceuticals & Healthcare,"Flanders, Belgium",21170.0,641.82,29.65,23.71,null,69.51,7.58,NONE
2026-02-11 16:45:00,Facility_A,Food & Beverage Processing,"Illinois, USA",19628.34,764.79,27.6,25.36,95.70266858829136,78.0,7.05,NONE
2026-02-11 17:00:00,Facility_C,refinery,"Maharashtra, India",21473.48,752.43,32.93,23.76,95.3662776793214,70.19,7.93,NONE
2026-02-11 17:15:00,facility_d,Pharmaceuticals & Healthcare,"Flanders, Belgium",22794.54,603.43,39.31,23.17,88.54001079674025,74.51,7.38,NONE
2026-02-11 17:30:00,Facility_E,DATA_CENTER_COOLING,"Nuevo Leon, Mexico",19641.54,726.8,18.5,20.56,96.44984413282333,81.79,7.09,NONE
2026-02-11 17:45:00,Facility_E,Data Center Cooling,"Nuevo Leon, Mexico",21562.97,832.38,26.32,23.73,93.39187297414348,79.36,6.99,NONE
2026-02-11 18:00:00,Facility_C,Refinery & Petrochemicals,"Maharashtra, India",16331.5,798.72,35.9,22.4,95.34266931265435,69.81,6.97,NONE
2026-02-11 18:15:00,Facility_E,Data Center Cooling,"Nuevo Leon, Mexico",19833.73,720.88,27.31,24.79,95.96533518975747,76.4,7.41,NONE
2026-02-11 18:30:00,Facility_A,Food & Beverage Processing,"Illinois, USA",18259.35,652.11,26.47,21.28,93.36264963724484,68.8,7.4,NONE
2026-02-11 18:45:00,Facility_C,Refinery & Petrochemicals,"Maharashtra, India",18387.72,746.13,40.38,18.15,null,63.41,7.42,NONE
2026-02-11 19:00:00,Facility_A,Food and Beverage,"Illinois, USA",21024.83,616.67,26.36,19.58,93.70365437668214,72.47,7.27,NONE
2026-02-11 19:15:00,Facility_B,Heavy Manufacturing,"Indiana, USA",24651.2,758.22,33.25,23.2,89.70907668231166,70.85,7.11,NONE
2026-02-11 19:30:00,Facility_D,Pharmaceuticals & Healthcare,"Flanders, Belgium",21877.11,609.47,36.97,25.88,98.14653950463739,72.96,7.24,NONE
2026-02-11 19:45:00,Facility_A,Food & Beverage Processing,"Illinois, USA",18425.37,645.07,38.78,21.1,96.27857380936781,77.11,7.26,NONE
2026-02-11 20:00:00,facility_c,Refinery & Petrochemicals,"Maharashtra, India",22916.33,655.86,35.17,22.16,96.57389808086673,75.59,6.87,NONE
2026-02-11 20:15:00,Facility_D,Pharmaceuticals & Healthcare,"Flanders, Belgium",21503.22,596.62,33.15,22.54,89.34036827208934,73.23,7.39,NONE
2026-02-11 20:30:00,Facility_E,Data Center Cooling,"Nuevo Leon, Mexico",20252.67,716.22,21.73,23.93,87.34174529003855,74.14,6.85,NONE
2026-02-11 20:45:00,Facility_A,Food & Beverage Processing,"Illinois, USA",19379.75,712.56,33.19,25.04,96.852282951203,66.75,7.33,NONE
2026-02-11 21:00:00,Facility_A,Food & Beverage Processing,"Illinois, USA",23911.41,721.49,28.01,23.53,92.272268990995,68.71,7.59,NONE
2026-02-11 21:15:00,Facility_E,data center,"Nuevo Leon, Mexico",22579.58,649.91,28.11,22.84,88.3749039535201,67.63,7.0,NONE
2026-02-11 21:30:00,Facility_C,REFINERY_PETRO,"Maharashtra, India",,741.42,,23.36,95.89211190990552,75.61,7.63,NONE
2026-02-11 21:45:00,Facility_A,Food & Beverage Processing,"Illinois, USA",18735.24,827.26,32.96,23.4,93.79744579100918,68.38,7.26,NONE
2026-02-11 22:00:00,Facility_C,Refinery & Petrochemicals,"Maharashtra, India",19798.41,824.53,33.78,29.42,92.94893522190307,66.45,7.69,NONE
2026-02-11 22:15:00,Facility_B,Heavy Manufacturing,"Indiana, USA",27668.94,859.46,26.55,25.44,98.68085198719241,74.91,6.94,NONE
2026-02-11 22:30:00,Facility_A_Line1,food & beverage,"Illinois, USA",11280.36,740.42,27.36,24.79,90.91095160635712,70.04,7.14,NONE
2026-02-11 22:45:00,Facility_D,Healthcare & Pharma,"Flanders, Belgium",17203.04,613.17,39.91,23.04,90.07044887562557,75.71,7.64,NONE
2026-02-11 23:00:00,Facility_E,Data Center Cooling,"Nuevo Leon, Mexico",23726.04,674.78,32.66,22.27,92.85076986556787,76.19,6.77,NONE
2026-02-11 23:15:00,Facility_B,Heavy Manufacturing,"Indiana, USA",32266.97,951.44,31.22,23.98,93.28206840135317,77.56,7.04,NONE
2026-02-11 23:30:00,Facility_B,Heavy Manufacturing,"Indiana, USA",25231.47,916.47,22.22,26.58,87.88473718521222,69.75,7.21,NONE
2026-02-11 23:45:00,Facility_E,data center,"Nuevo Leon, Mexico",22400.32,697.44,29.03,-17.01,91.80202632923151,79.63,7.03,SENSOR_TEMP_SPIKE
2026-02-12 00:00:00,facility_d,Pharmaceuticals & Healthcare,"Flanders, Belgium",17426.15,499.72,32.69,25.17,93.01982589689234,76.72,7.27,NONE
2026-02-12 00:15:00,Facility_E,Data Center Cooling,"Nuevo Leon, Mexico",20509.26,743.7,30.5,27.92,89.06171047817008,72.73,7.69,NONE
2026-02-12 00:30:00,Facility_A,Food & Beverage Processing,"Illinois, USA",16220.71,718.3,30.78,26.0,98.59050448333875,74.17,7.77,NONE
2026-02-12 00:45:00,Facility_A,Food & Beverage Processing,"Illinois, USA",19276.01,745.82,29.08,26.26,94.80991209679635,75.92,7.52,NONE
2026-02-12 01:00:00,Facility_E,Data Center Cooling,"Nuevo Leon, Mexico",22053.75,649.77,25.11,29.07,87.23291083070932,75.32,7.32,NONE
2026-02-12 01:15:00,Facility_C,Refinery & Petrochemicals,"Maharashtra, India",20746.41,809.37,32.71,26.51,91.82709288640986,76.61,6.71,NONE
2026-02-12 01:30:00,Facility_C,Refinery & Petrochemicals,"Maharashtra, India",19182.56,708.39,36.3,28.65,88.1805549346282,72.98,7.39,NONE
2026-02-12 01:45:00,Facility_D,Healthcare & Pharma,"Flanders, Belgium",18916.56,562.05,32.37,26.35,89.09024856718767,76.49,7.32,NONE
2026-02-12 02:00:00,Facility_C,Refinery & Petrochemicals,"Maharashtra, India",18710.08,644.48,35.36,29.64,null,71.59,6.91,NONE
2026-02-12 02:15:00,Facility_B,Heavy Manufacturing,"Indiana, USA",24489.31,764.32,30.1,29.03,97.63281409802894,73.76,7.44,NONE
2026-02-12 02:30:00,Facility_A_Line1,Food & Beverage Processing,"Illinois, USA",17973.83,634.35,35.01,31.17,95.75809823756241,74.59,7.08,NONE
2026-02-12 02:45:00,Facility_C,Refinery & Petrochemicals,"Maharashtra, India",21406.21,822.03,44.0,27.06,96.26021280399162,76.47,7.25,NONE
2026-02-12 03:00:00,Facility_A,Food & Beverage Processing,"Illinois, USA",22415.59,741.69,27.57,29.12,90.46365181727003,71.89,7.55,NONE
2026-02-12 03:15:00,Facility_A,Food & Beverage Processing,"Illinois, USA",21549.77,728.77,28.35,30.19,95.81487884146443,65.13,7.38,NONE
2026-02-12 03:30:00,Facility_D,Pharmaceuticals & Healthcare,"Flanders, Belgium",18291.78,623.27,39.12,30.55,91.95788490758092,74.01,7.61,NONE
2026-02-12 03:45:00,Facility_D,Pharmaceuticals & Healthcare,"Flanders, Belgium",18573.26,578.94,31.05,29.7,87.06160010206045,71.68,7.37,NONE
2026-02-12 04:00:00,Facility_C,Refinery & Petrochemicals,"Maharashtra, India",20559.91,699.37,37.07,32.61,91.44961962971001,67.04,7.43,NONE
2026-02-12 04:15:00,Facility_D,Pharmaceuticals & Healthcare,"Flanders, Belgium",16041.44,522.4,41.38,33.47,90.29779162770724,70.68,7.23,NONE
2026-02-12 04:30:00,Facility_C,Refinery & Petrochemicals,"Maharashtra, India",17589.37,927.22,33.27,29.5,98.67176791415945,76.6,7.63,NONE
2026-02-12 04:45:00,Facility_C,Petrochem / Refining,"Maharashtra, India",16779.87,735.81,31.13,31.73,97.42077826490701,71.3,7.25,NONE
2026-02-12 05:00:00,Facility_D,Pharmaceuticals & Healthcare,"Flanders, Belgium",17999.09,480.96,34.67,31.76,90.6986607857757,74.42,6.98,NONE
2026-02-12 05:15:00,Facility_B,Mfg Heavy,"Indiana, USA",25344.35,792.68,23.37,31.85,96.20920755584326,69.64,7.29,NONE
2026-02-12 05:30:00,FAC-B,Heavy Manufacturing,"Indiana, USA",25927.16,687.56,22.63,32.78,90.09159393119177,79.66,6.97,NONE
2026-02-12 05:45:00,Facility_D,Healthcare & Pharma,"Flanders, Belgium",20198.91,551.29,36.78,33.83,89.48660277018021,76.68,7.5,NONE
2026-02-12 06:00:00,Facility_C,REFINERY_PETRO,"Maharashtra, India",26405.79,693.31,32.87,31.97,92.85915565055404,71.92,7.62,NONE
2026-02-12 06:15:00,Facility_B,Heavy Manufacturing,"Indiana, USA",24965.02,765.08,31.55,31.17,92.49889089406088,72.38,7.09,NONE
2026-02-12 06:30:00,Facility_D,Pharmaceuticals & Healthcare,"Flanders, Belgium",20347.77,548.51,34.27,28.15,94.75489394530828,71.71,6.79,NONE
2026-02-12 06:45:00,Facility_B,Heavy Manufacturing,"Indiana, USA",22066.12,820.38,27.64,29.98,92.27518044298381,67.36,7.11,NONE
2026-02-12 07:00:00,Facility_B,Heavy Manufacturing,"Indiana, USA",29453.55,927.04,30.93,31.24,96.39521890580957,68.96,7.36,NONE
2026-02-12 07:15:00,Facility_E,data center,"Nuevo Leon, Mexico",18263.48,667.28,30.05,31.99,92.87968276984788,81.42,7.41,NONE
2026-02-12 07:30:00,FACILITY_A,Food & Beverage Processing,"Illinois, USA",17467.41,635.52,35.78,30.43,95.66335161014234,62.04,7.42,NONE
2026-02-12 07:45:00,Facility_E,Data Center Cooling,"Nuevo Leon, Mexico",19804.19,645.47,28.24,32.05,100.0,75.09,7.15,NONE
2026-02-12 08:00:00,antwerp_hub_d,Pharmaceuticals & Healthcare,"Flanders, Belgium",16990.48,623.8,33.31,31.08,94.43977980787078,74.82,6.91,NONE
2026-02-12 08:15:00,Facility_E,Data Center Cooling,"Nuevo Leon, Mexico",20196.18,640.64,26.03,31.48,97.4393852907378,74.96,7.19,NONE
2026-02-12 08:30:00,Facility_D,Pharmaceuticals & Healthcare,"Flanders, Belgium",22286.32,535.79,-2.75,30.93,94.96474893622306,71.56,7.38,CHEMICAL_DOSING_BREACH
2026-02-12 08:45:00,Facility_C,Refinery & Petrochemicals,"Maharashtra, India",19825.95,737.71,37.71,29.54,91.99020633108367,72.89,7.32,NONE
2026-02-12 09:00:00,Facility_A,Food & Beverage Processing,"Illinois, USA",15921.92,667.61,31.77,26.9,91.51624428219334,84.73,7.03,NONE
2026-02-12 09:15:00,FAC-B,Heavy Manufacturing,"Indiana, USA",24602.17,769.97,28.01,27.67,92.72162200546421,70.77,7.65,NONE
2026-02-12 09:30:00,Facility_C ,Refinery & Petrochemicals,"Maharashtra, India",19011.44,699.07,39.03,27.21,88.49494339548272,73.99,7.88,NONE
2026-02-12 09:45:00,Facility_E,Data Center Cooling,"Nuevo Leon, Mexico",16472.35,650.18,31.66,27.57,95.45823541518894,70.23,7.39,NONE
2026-02-12 10:00:00,Facility_E,Data Center Cooling,"Nuevo Leon, Mexico",25517.01,660.41,-1.32,29.72,88.73441839648349,76.52,7.37,CHEMICAL_DOSING_BREACH
2026-02-12 10:15:00,Facility_B,Heavy Mfg.,"Indiana, USA",26071.92,845.89,29.51,-17.12,88.61308469319015,79.81,7.03,SENSOR_TEMP_SPIKE
2026-02-12 10:30:00,Facility_C,Refinery & Petrochemicals,"Maharashtra, India",15932.56,818.04,31.53,29.95,--,67.27,7.78,NONE
2026-02-12 10:45:00,Facility_D,Pharmaceuticals & Healthcare,"Flanders, Belgium",19126.3,618.34,33.92,24.38,98.86064775708088,73.97,7.49,NONE
2026-02-12 11:00:00,Facility_D,Pharmaceuticals & Healthcare,"Flanders, Belgium",20193.9,549.92,38.45,30.4,93.39618806758614,78.24,6.79,NONE
2026-02-12 11:15:00,Facility_E,Hyperscale Cooling,"Nuevo Leon, Mexico",23945.36,635.85,32.74,27.98,ERROR_SENSOR,73.55,7.28,NONE
2026-02-12 11:30:00,Facility_C ,Refinery & Petrochemicals,"Maharashtra, India",16972.91,761.0,44.77,29.37,90.7127898287282,75.2,7.38,NONE
2026-02-12 11:45:00,Facility_D,Pharmaceuticals & Healthcare,"Flanders, Belgium",18399.37,511.94,39.37,28.28,90.8315242077863,82.8,7.78,NONE
2026-02-12 12:00:00,Facility_E,Data Center Cooling,"Nuevo Leon, Mexico",,657.62,30.19,27.01,95.14209688389919,81.16,7.3,NONE
2026-02-12 12:15:00,Facility_C,Refinery & Petrochemicals,"Maharashtra, India",23453.53,808.59,34.28,30.56,96.1556540800643,71.95,7.37,NONE
2026-02-12 12:30:00,Facility_D,Healthcare & Pharma,"Flanders, Belgium",,560.42,38.06,24.51,88.10737750141469,74.48,7.39,NONE
2026-02-12 12:45:00,Facility_D,Pharmaceuticals & Healthcare,"Flanders, Belgium",19903.06,536.21,31.87,23.98,96.87802802188745,71.0,7.23,NONE
2026-02-12 13:00:00,Facility_D,Pharmaceuticals & Healthcare,"Flanders, Belgium",18017.23,533.76,34.59,23.9,97.98210103861824,77.06,7.7,NONE
2026-02-12 13:15:00,Facility_C,Refinery & Petrochemicals,"Maharashtra, India",22101.41,594.41,36.94,24.16,97.07379086193072,70.66,7.05,NONE
2026-02-12 13:30:00,Facility_A,Food & Beverage Processing,"Illinois, USA",15948.12,691.42,35.34,-26.88,--,83.69,7.53,SENSOR_TEMP_SPIKE
2026-02-12 13:45:00,Facility_B,Heavy Manufacturing,"Indiana, USA",28195.93,763.44,31.96,23.27,92.61995688878385,73.65,6.99,NONE
2026-02-12 14:00:00,Facility_E,Data Center Cooling,"Nuevo Leon, Mexico",20186.41,818.59,31.56,26.5,96.73160279613055,75.83,7.44,NONE
2026-02-12 14:15:00,FACILITY_C,Refinery & Petrochemicals,"Maharashtra, India",19399.33,728.28,,23.04,92.4567061870161,71.05,7.47,NONE
2026-02-12 14:30:00,Facility_A,Food & Beverage Processing,"Illinois, USA",19729.69,735.05,32.98,26.22,93.47256674436127,78.54,7.49,NONE
2026-02-12 14:45:00,FACILITY_E,Data Center Cooling,"Nuevo Leon, Mexico",23960.23,871.1,30.92,24.05,93.81138501581859,71.88,7.21,NONE
2026-02-12 15:00:00,Facility_E,Data Center Cooling,"Nuevo Leon, Mexico",23384.16,677.72,35.28,23.4,100.0,70.88,7.42,NONE
2026-02-12 15:15:00,Facility_D,Pharmaceuticals & Healthcare,"Flanders, Belgium",17928.65,523.87,41.97,21.5,91.33656157768245,76.64,7.56,NONE
2026-02-12 15:30:00,Facility_E,DATA_CENTER_COOLING,"Nuevo Leon, Mexico",17575.75,793.63,29.04,21.67,90.97557908692623,64.85,7.83,NONE
2026-02-12 15:45:00,Facility_D,Pharmaceuticals & Healthcare,"Flanders, Belgium",20999.92,495.65,40.86,22.14,96.42739371631905,71.77,7.25,NONE
2026-02-12 16:00:00,Facility_E,Data Center Cooling,"Nuevo Leon, Mexico",20369.9,700.7,34.38,24.65,93.85183532266649,78.61,6.89,NONE
2026-02-12 16:15:00,Facility_D,Pharmaceuticals & Healthcare,"Flanders, Belgium",15959.54,596.0,40.59,23.42,87.47537703974938,69.22,7.47,NONE
2026-02-12 16:30:00,FAC-B,Heavy Manufacturing,"Indiana, USA",33299.45,942.3,35.12,23.42,94.563971138526,69.35,7.62,NONE
2026-02-12 16:45:00,Facility_C,Refinery & Petrochemicals,"Maharashtra, India",18661.66,830.83,35.63,23.21,93.21927002784442,75.01,7.63,NONE
2026-02-12 17:00:00,Facility_B,Heavy Manufacturing,"Indiana, USA",21871.27,714.59,30.29,25.23,98.91678277376346,68.49,7.24,NONE
2026-02-12 17:15:00,Facility_E,Data Center Cooling,"Nuevo Leon, Mexico",17354.63,708.7,33.22,22.55,92.30360294520388,76.45,7.13,NONE
2026-02-12 17:30:00,Facility_C,REFINERY_PETRO,"Maharashtra, India",22425.92,777.57,33.81,23.59,96.50571571267535,81.18,7.29,NONE
2026-02-12 17:45:00,facility_e,Data Center Cooling,"Nuevo Leon, Mexico",23849.9,757.59,25.93,21.11,89.98965298037439,70.66,7.66,NONE
2026-02-12 18:00:00,Facility_B,Heavy Manufacturing,"Indiana, USA",27977.12,735.74,21.17,20.5,91.01444413360912,72.64,7.68,NONE
2026-02-12 18:15:00,Facility_E,Data Center Cooling,"Nuevo Leon, Mexico",19713.18,876.04,21.44,21.88,96.01375574123648,77.81,7.26,NONE
2026-02-12 18:30:00,Facility_C ,Refinery & Petrochemicals,"Maharashtra, India",21090.2,840.11,32.64,23.1,95.75156250904591,71.25,7.82,NONE
2026-02-12 18:45:00,antwerp_hub_d,Pharmaceuticals & Healthcare,"Flanders, Belgium",,577.2,32.25,22.76,90.08536570857336,72.68,6.91,NONE
2026-02-12 19:00:00,Facility_C,Refinery & Petrochemicals,"Maharashtra, India",,804.68,40.07,22.01,97.1283115740192,74.18,7.38,NONE
2026-02-12 19:15:00, Facility_A ,Food & Beverage Processing,"Illinois, USA",24149.76,678.44,36.66,23.58,91.66990434481446,68.08,7.06,NONE
2026-02-12 19:30:00,facility_e,Data Center Cooling,"Nuevo Leon, Mexico",23962.87,880.08,28.88,23.06,95.98465098610076,74.33,7.66,NONE
2026-02-12 19:45:00,pune_fac_c,Refinery & Petrochemicals,"Maharashtra, India",19485.84,787.53,32.56,21.21,83.39091835665522,79.55,7.31,NONE
2026-02-12 20:00:00,Facility_E,Data Center Cooling,"Nuevo Leon, Mexico",20086.19,603.62,25.81,21.65,90.95672612086152,75.5,7.38,NONE
2026-02-12 20:15:00,FACILITY_E,Data Center Cooling,"Nuevo Leon, Mexico",17653.2,652.66,23.04,26.43,98.27671241181322,70.16,6.8,NONE
2026-02-12 20:30:00,Facility_E,Data Center Cooling,"Nuevo Leon, Mexico",21424.21,753.52,,24.66,94.94545265086701,68.98,7.43,NONE
2026-02-12 20:45:00,Facility_A,FOOD & BEV,"Illinois, USA",21236.66,661.38,32.76,22.5,99.88774310701194,68.03,7.67,NONE
2026-02-12 21:00:00,Facility_C ,REFINERY_PETRO,"Maharashtra, India",15052.23,916.32,30.71,143.35,88.28658180257023,67.93,7.6,SENSOR_TEMP_SPIKE
2026-02-12 21:15:00,Facility_D,Pharmaceuticals & Healthcare,"Flanders, Belgium",21028.54,628.45,34.63,21.34,93.45614916415106,71.4,7.46,NONE
2026-02-12 21:30:00,Facility_D,pharma,"Flanders, Belgium",19950.03,530.21,40.46,25.24,95.81461625244486,72.16,7.57,NONE
2026-02-12 21:45:00,Facility_B,Heavy Manufacturing,"Indiana, USA",27399.3,893.78,35.55,24.87,91.5577208832081,69.0,7.67,NONE
2026-02-12 22:00:00,Facility_D,Pharmaceuticals & Healthcare,"Flanders, Belgium",19521.61,664.02,28.98,26.14,92.664360526654,72.41,7.14,NONE
2026-02-12 22:15:00,Facility_A,Food & Beverage Processing,"Illinois, USA",21342.41,756.75,26.7,25.03,95.75956585817751,74.8,7.66,NONE
2026-02-12 22:30:00,Facility_E,Data Center Cooling,"Nuevo Leon, Mexico",20365.62,580.92,29.28,25.29,94.49579678945393,78.98,6.8,NONE
2026-02-12 22:45:00,Facility_E,Data Center Cooling,"Nuevo Leon, Mexico",20496.16,680.8,23.43,25.08,95.74583049689817,75.35,7.16,NONE
2026-02-12 23:00:00,Facility_C,Refinery & Petrochemicals,"Maharashtra, India",18498.34,849.25,38.37,24.47,91.52401159787527,66.28,7.23,NONE
2026-02-12 23:15:00,Facility_A,Food & Beverage Processing,"Illinois, USA",15250.62,860.38,27.91,27.72,99.31793986525437,74.97,7.32,NONE
2026-02-12 23:30:00,FACILITY_E,Data Center Cooling,"Nuevo Leon, Mexico",17751.77,712.15,35.24,26.61,93.59071426386828,79.9,7.54,NONE
2026-02-12 23:45:00,Facility_B,heavy mfg,"Indiana, USA",25332.36,858.17,25.27,25.23,92.83984438637229,76.51,7.0,NONE
2026-02-13 00:00:00,Facility_E,Data Center Cooling,"Nuevo Leon, Mexico",21293.04,720.76,24.72,25.81,86.07150955823928,70.59,7.04,NONE
2026-02-13 00:15:00,Facility_A,Food & Beverage Processing,"Illinois, USA",,550.45,32.3,28.4,93.12465160886433,76.24,7.21,NONE
2026-02-13 00:30:00,Facility_C,Refinery & Petrochemicals,"Maharashtra, India",15314.74,777.13,,24.64,92.01127271577013,72.89,8.15,NONE
2026-02-13 00:45:00,Facility_E,Data Center Cooling,"Nuevo Leon, Mexico",21665.58,607.08,19.46,28.6,100.0,72.74,7.25,NONE
2026-02-13 01:00:00,Facility_B,Heavy Manufacturing,"Indiana, USA",27123.16,772.94,17.81,29.4,91.53781718911415,78.73,7.14,NONE
2026-02-13 01:15:00,Facility_E,Data Center Cooling,"Nuevo Leon, Mexico",21408.34,814.11,33.0,28.21,94.0863651065568,76.79,7.48,NONE
2026-02-13 01:30:00,Facility_A,Food & Beverage Processing,"Illinois, USA",16278.36,622.3,22.64,29.41,92.2336647241248,77.69,7.46,NONE
2026-02-13 01:45:00,Facility_D,Pharmaceuticals & Healthcare,"Flanders, Belgium",16467.27,562.16,35.59,27.17,96.4289194415785,85.3,7.66,NONE
2026-02-13 02:00:00,Facility_D,Pharmaceuticals & Healthcare,"Flanders, Belgium",18658.45,640.67,44.69,25.99,97.41953523636009,77.46,7.68,NONE
2026-02-13 02:15:00,Facility_C,Refinery & Petrochemicals,"Maharashtra, India",20664.41,759.31,44.04,29.33,92.11015353377839,76.28,7.62,NONE
2026-02-13 02:30:00,Facility_D,Pharmaceuticals & Healthcare,"Flanders, Belgium",18931.86,591.37,37.87,27.75,90.87016173239114,67.69,7.78,NONE
2026-02-13 02:45:00,Facility_B,Heavy Manufacturing,"Indiana, USA",25098.57,552.08,30.17,29.81,87.52698341494273,70.25,7.1,NONE
2026-02-13 03:00:00,Facility_E,data center,"Nuevo Leon, Mexico",19220.58,840.96,27.87,28.56,97.0916478151059,76.23,6.86,NONE
2026-02-13 03:15:00,Facility_E,Data Center Cooling,"Nuevo Leon, Mexico",19538.71,774.15,24.58,33.16,93.86121204368827,70.61,7.04,NONE
2026-02-13 03:30:00,Facility_C,Refinery & Petrochemicals,"Maharashtra, India",20922.51,726.66,37.1,27.6,93.72463293287841,71.14,7.26,NONE
2026-02-13 03:45:00,Facility_C,Refinery & Petrochemicals,"Maharashtra, India",17028.01,856.69,33.44,29.57,93.19554470144402,81.26,7.6,NONE
2026-02-13 04:00:00,Facility_C ,Refinery & Petrochemicals,"Maharashtra, India",20613.34,654.4,32.74,32.1,N/A,74.38,7.05,NONE
2026-02-13 04:15:00,Facility_E,Data Center Cooling,"Nuevo Leon, Mexico",18656.85,876.06,31.52,31.86,96.0079727365241,73.37,7.16,NONE
2026-02-13 04:30:00,Facility_A,Food & Beverage Processing,"Illinois, USA",18333.54,699.32,38.96,27.79,91.72828336441985,69.89,7.65,NONE
2026-02-13 04:45:00,facility_a,Food & Beverage Processing,"Illinois, USA",23548.14,735.02,33.14,30.45,94.8999327656996,77.48,7.47,NONE
2026-02-13 05:00:00,Facility_E,Data Center Cooling,"Nuevo Leon, Mexico",22363.05,808.16,21.03,30.37,94.47666893467046,75.87,7.3,NONE
2026-02-13 05:15:00,monterrey_e,Data Center Cooling,"Nuevo Leon, Mexico",21507.02,696.01,21.05,32.19,89.8700108693776,73.28,7.14,NONE
2026-02-13 05:30:00,Facility_A,Food & Beverage Processing,"Illinois, USA",22931.47,707.32,30.2,31.81,ERROR_SENSOR,75.83,7.24,NONE
2026-02-13 05:45:00,Facility_D,Pharmaceuticals & Healthcare,"Flanders, Belgium",20283.75,479.51,37.7,34.08,94.00479166939446,74.48,7.36,NONE
2026-02-13 06:00:00,Facility_D,Pharmaceuticals & Healthcare,"Flanders, Belgium",17830.65,586.89,40.76,29.9,85.52959443743737,76.1,7.95,NONE
2026-02-13 06:15:00,Facility_A,Food & Beverage Processing,"Illinois, USA",18393.25,608.11,34.35,33.63,95.19399542308875,81.76,7.57,NONE
2026-02-13 06:30:00,facility_e,Data Center Cooling,"Nuevo Leon, Mexico",22889.75,711.15,29.7,30.41,93.29604569418672,72.86,7.41,NONE
2026-02-13 06:45:00,FACILITY_C,Refinery & Petrochemicals,"Maharashtra, India",15898.25,840.07,31.81,29.97,94.55779165771253,69.83,6.8,NONE
2026-02-13 07:00:00,Facility_B,Heavy Manufacturing,"Indiana, USA",24604.55,719.79,31.49,28.29,98.25249780386932,73.97,7.37,NONE
2026-02-13 07:15:00,Facility_B,Heavy Manufacturing,"Indiana, USA",19660.34,852.17,28.16,27.95,93.77925868414978,72.21,7.29,NONE
2026-02-13 07:30:00,Facility_D,PHARMACEUTICALS,"Flanders, Belgium",18777.14,542.17,38.54,30.04,95.01285909883704,71.62,7.05,NONE
2026-02-13 07:45:00,Facility_A_Line1,Food & Beverage Processing,"Illinois, USA",17624.41,815.86,35.52,32.27,97.6046846661447,71.9,7.43,NONE
2026-02-13 08:00:00,Facility_B,Heavy Manufacturing,"Indiana, USA",26024.71,895.4,27.29,30.13,93.731268728383,76.4,7.53,NONE
2026-02-13 08:15:00,Facility_A,Food & Beverage Processing,"Illinois, USA",19479.53,721.84,32.45,32.79,87.96400706778581,69.64,7.54,NONE
2026-02-13 08:30:00,Facility_B,Heavy Manufacturing,"Indiana, USA",26624.93,862.07,31.3,30.06,91.71029606896248,76.83,7.36,NONE
2026-02-13 08:45:00,FAC-B,Heavy Manufacturing,"Indiana, USA",24404.84,897.99,31.23,29.89,98.99478129278259,79.97,7.63,NONE
2026-02-13 09:00:00,Facility_E,Data Center Cooling,"Nuevo Leon, Mexico",27598.04,739.02,26.55,30.88,92.6915702464183,74.05,7.07,NONE
2026-02-13 09:15:00,Facility_A,Food & Beverage Processing,"Illinois, USA",20665.33,608.12,31.09,29.11,92.10467570425654,66.09,6.86,NONE
2026-02-13 09:30:00,Facility_A,Food and Beverage,"Illinois, USA",17538.18,751.43,32.71,28.91,90.66931684474407,75.54,6.85,NONE
2026-02-13 09:45:00,Facility_E,Data Center Cooling,"Nuevo Leon, Mexico",15031.94,731.77,26.21,30.55,94.00554808887307,81.43,7.2,NONE
2026-02-13 10:00:00,Facility_E,Data Center Cooling,"Nuevo Leon, Mexico",22332.51,731.08,34.3,28.13,96.23410169646645,69.15,7.23,NONE
2026-02-13 10:15:00,Facility_B,Heavy Manufacturing,"Indiana, USA",25529.9,946.13,19.27,27.67,92.32726359543264,64.65,7.22,NONE
2026-02-13 10:30:00,facility_a,Food & Beverage Processing,"Illinois, USA",15701.66,546.82,30.4,27.5,92.71614853453013,75.14,7.1,NONE
2026-02-13 10:45:00,Facility_D,Pharmaceuticals & Healthcare,"Flanders, Belgium",22741.76,567.11,42.9,24.76,90.829505119706,77.09,7.29,NONE
2026-02-13 11:00:00,Facility_E,DATA_CENTER_COOLING,"Nuevo Leon, Mexico",18382.71,612.1,31.58,28.71,94.27862621254152,71.77,7.04,NONE
2026-02-13 11:15:00,FACILITY_B,Heavy Manufacturing,"Indiana, USA",25626.03,729.51,25.34,29.55,87.57732555797946,77.05,7.77,NONE
2026-02-13 11:30:00,Facility_B,Heavy Manufacturing,"Indiana, USA",28316.16,873.45,26.55,25.86,86.30598122859737,74.17,7.24,NONE
2026-02-13 11:45:00,Facility_B_Unit2,Heavy Manufacturing,"Indiana, USA",,3332.6,28.76,25.62,59.37067080584897,77.29,7.6,BROWNOUT_WATER_STALL
2026-02-13 12:00:00,Facility_C,Refinery & Petrochemicals,"Maharashtra, India",20307.62,701.11,34.56,26.44,98.62047658170906,61.98,7.12,NONE
2026-02-13 12:15:00,Facility_C,Refinery & Petrochemicals,"Maharashtra, India",,809.48,,26.17,93.54112982129793,80.62,7.41,NONE
2026-02-13 12:30:00,Facility_D,Pharmaceuticals & Healthcare,"Flanders, Belgium",,528.96,40.05,25.52,91.68684823097873,69.59,7.27,NONE
2026-02-13 12:45:00,FACILITY_B,HEAVY_MANUFACTURING,"Indiana, USA",27951.72,796.9,28.64,24.72,94.04531292908317,74.37,7.13,NONE
2026-02-13 13:00:00,Facility_B,Heavy Manufacturing,"Indiana, USA",28364.4,717.69,33.27,26.06,95.38121697051952,66.57,7.34,NONE
2026-02-13 13:15:00,FACILITY_D,Pharmaceuticals & Healthcare,"Flanders, Belgium",22164.17,560.73,38.05,23.15,88.89496078320569,75.04,7.16,NONE
2026-02-13 13:30:00,Facility_C,Refinery & Petrochemicals,"Maharashtra, India",17575.89,781.91,38.38,25.92,93.81889904350349,77.99,7.64,NONE
2026-02-13 13:45:00,Facility_D,Pharmaceuticals & Healthcare,"Flanders, Belgium",18423.37,663.93,32.93,21.97,97.92686791236315,70.85,6.6,NONE
2026-02-13 14:00:00,Facility_B,Heavy Manufacturing,"Indiana, USA",24781.42,943.21,27.21,21.3,92.57325724796556,73.16,7.26,NONE
2026-02-13 14:15:00,FACILITY_E,Data Center Cooling,"Nuevo Leon, Mexico",19279.21,699.62,31.56,23.23,94.0165238488142,74.71,7.18,NONE
2026-02-13 14:30:00,Facility_A_Line1,Food & Beverage Processing,"Illinois, USA",17523.8,717.99,24.56,27.65,91.66733441348578,72.24,7.56,NONE
2026-02-13 14:45:00,Facility_C,Refinery & Petrochemicals,"Maharashtra, India",18443.37,744.56,29.88,24.05,91.75012067425732,83.37,7.29,NONE
2026-02-13 15:00:00,Facility_A,Food & Beverage Processing,"Illinois, USA",14022.84,780.75,27.3,23.86,97.99561625817003,72.61,7.29,NONE
2026-02-13 15:15:00,Facility_C,Refinery & Petrochemicals,"Maharashtra, India",20938.61,887.77,34.92,27.13,87.9365882312853,69.94,7.22,NONE
2026-02-13 15:30:00,Facility_A,Food & Beverage Processing,"Illinois, USA",21705.17,729.43,28.66,21.3,88.72064250219664,76.32,7.24,NONE
2026-02-13 15:45:00,Facility_D,Pharmaceuticals & Healthcare,"Flanders, Belgium",20997.55,487.43,39.29,23.1,91.53663723114717,71.57,7.38,NONE
2026-02-13 16:00:00,Facility_E,Data Center Cooling,"Nuevo Leon, Mexico",21020.2,683.13,30.67,25.21,92.71950835011805,76.62,7.31,NONE
2026-02-13 16:15:00,Facility_E,Data Center Cooling,"Nuevo Leon, Mexico",,751.04,31.45,25.01,91.44928778756005,77.18,7.59,NONE
2026-02-13 16:30:00,FACILITY_C,Refinery & Petrochemicals,"Maharashtra, India",19798.17,836.3,,26.67,85.82502308338701,70.21,6.98,NONE
2026-02-13 16:45:00,facility_d,pharma,"Flanders, Belgium",22589.11,561.55,33.53,21.62,88.62034067225167,76.82,7.55,NONE
2026-02-13 17:00:00,Facility_A,Food & Beverage Processing,"Illinois, USA",19964.66,661.95,37.91,24.04,87.91712618628817,73.13,7.03,NONE
2026-02-13 17:15:00,Facility_A,Food & Beverage Processing,"Illinois, USA",22665.4,681.03,25.71,-32.0,98.58740524562843,77.89,7.2,SENSOR_TEMP_SPIKE
2026-02-13 17:30:00,Facility_C,Refinery & Petrochemicals,"Maharashtra, India",97142.12,656.51,36.15,21.9,36.547004694634026,126.59,6.97,PRESSURE_BURST_SURGE
2026-02-13 17:45:00,Facility_A,Food & Beverage Processing,"Illinois, USA",21123.85,492.45,,20.04,95.69788202644844,76.7,7.2,NONE
2026-02-13 18:00:00,Facility_E,Data Center Cooling,"Nuevo Leon, Mexico",23633.39,805.74,,21.74,97.01114491412594,75.04,7.64,NONE
2026-02-13 18:15:00,FACILITY_A,Food & Beverage Processing,"Illinois, USA",13740.74,720.02,24.87,22.46,95.78422466670683,81.83,7.09,NONE
2026-02-13 18:30:00,Facility_C,Refinery & Petrochemicals,"Maharashtra, India",17639.31,769.58,31.41,24.3,93.27569745483001,74.55,7.52,NONE
2026-02-13 18:45:00,Facility_E,Hyperscale Cooling,"Nuevo Leon, Mexico",20918.43,688.68,28.24,21.04,93.84553884517275,78.49,7.02,NONE
2026-02-13 19:00:00,Facility_D,Healthcare & Pharma,"Flanders, Belgium",15276.87,571.8,34.28,22.69,94.52529126595104,64.35,7.54,NONE
2026-02-13 19:15:00,Facility_D,Pharmaceuticals & Healthcare,"Flanders, Belgium",16091.6,567.73,,21.72,98.92066540677756,75.44,7.6,NONE
2026-02-13 19:30:00,Facility_D,Pharmaceuticals & Healthcare,"Flanders, Belgium",19058.06,604.28,39.25,23.26,97.04289890932698,74.7,7.99,NONE
2026-02-13 19:45:00,FAC_A,Food & Beverage Processing,"Illinois, USA",21483.33,631.75,30.76,23.63,93.64238987427852,77.09,7.57,NONE
2026-02-13 20:00:00,Facility_D,Pharmaceuticals & Healthcare,"Flanders, Belgium",15664.99,641.89,35.41,21.96,91.58280834334226,77.64,7.28,NONE
2026-02-13 20:15:00,Facility_B,Heavy Manufacturing,"Indiana, USA",23736.44,804.39,20.96,21.66,89.53333264431008,72.79,7.54,NONE
2026-02-13 20:30:00,Facility_D,Pharmaceuticals & Healthcare,"Flanders, Belgium",19963.16,640.51,41.84,22.38,93.56102848241188,73.85,6.75,NONE
2026-02-13 20:45:00,Facility_C,Refinery & Petrochemicals,"Maharashtra, India",16076.92,764.0,34.77,24.41,94.98365321451472,66.03,7.5,NONE
2026-02-13 21:00:00,Facility_C,Refinery & Petrochemicals,"Maharashtra, India",19230.47,825.44,39.98,23.41,97.48588235833626,70.0,7.09,NONE
2026-02-13 21:15:00,Facility_D,Pharmaceuticals & Healthcare,"Flanders, Belgium",19682.14,548.02,38.6,27.45,N/A,74.95,7.11,NONE
2026-02-13 21:30:00,Facility_B,Heavy Manufacturing,"Indiana, USA",20528.9,833.91,32.98,23.48,94.78467999745718,80.42,7.74,NONE
2026-02-13 21:45:00,Facility_E,Data Center Cooling,"Nuevo Leon, Mexico",22185.76,762.76,22.12,23.14,--,70.16,7.42,NONE
2026-02-13 22:00:00,Facility_C,Refinery & Petrochemicals,"Maharashtra, India",303.23,2054.57,36.52,25.9,63.09240760540173,80.59,6.91,BROWNOUT_WATER_STALL
2026-02-13 22:15:00,Facility_B,Heavy Manufacturing,"Indiana, USA",28615.02,875.71,25.77,21.31,91.06822461935863,80.34,7.18,NONE
2026-02-13 22:30:00,Facility_D,Pharmaceuticals & Healthcare,"Flanders, Belgium",19117.03,572.47,38.27,22.57,96.11767405756983,73.55,8.0,NONE
2026-02-13 22:45:00,Facility_A,Food & Beverage Processing,"Illinois, USA",80711.54,782.67,29.87,28.67,39.532613898792256,139.23,7.74,PRESSURE_BURST_SURGE
2026-02-13 23:00:00,Facility_D,Pharmaceuticals & Healthcare,"Flanders, Belgium",19466.76,629.83,42.17,22.36,97.8224644177724,78.28,7.25,NONE
2026-02-13 23:15:00,Facility_B,Heavy Manufacturing,"Indiana, USA",26872.54,829.61,31.09,25.05,95.03256717174115,74.3,7.23,NONE
2026-02-13 23:30:00,Facility_C,Refinery & Petrochemicals,"Maharashtra, India",19256.56,987.29,32.62,25.53,91.3620403211743,71.47,7.58,NONE
2026-02-13 23:45:00,Facility_D,Pharmaceuticals & Healthcare,"Flanders, Belgium",20327.07,568.67,41.81,27.67,92.98053060471611,67.1,7.58,NONE
2026-02-14 00:00:00,Facility_B,Heavy Manufacturing,"Indiana, USA",26315.08,841.87,26.54,27.84,94.61518800777121,72.93,7.01,NONE
2026-02-14 00:15:00,Facility_E,Data Center Cooling,"Nuevo Leon, Mexico",23804.0,795.37,29.57,135.09,93.37873837722861,72.91,7.18,SENSOR_TEMP_SPIKE
2026-02-14 00:30:00,FACILITY_E,DATA_CENTER_COOLING,"Nuevo Leon, Mexico",22206.04,827.84,24.21,26.21,93.73933524219458,71.2,7.55,NONE
2026-02-14 00:45:00,Facility_D,Pharmaceuticals & Healthcare,"Flanders, Belgium",17545.99,642.88,33.59,31.12,99.99375153792775,73.57,7.67,NONE
2026-02-14 01:00:00,Facility_B,Heavy Manufacturing,"Indiana, USA",24550.76,925.12,27.76,25.22,82.19498179942752,72.79,7.43,NONE
2026-02-14 01:15:00,Facility_B,Heavy Mfg.,"Indiana, USA",29907.06,843.08,32.71,26.97,92.42070729749938,78.74,6.66,NONE
2026-02-14 01:30:00,Facility_B,Mfg Heavy,"Indiana, USA",25830.18,806.4,34.21,27.08,95.1530719026243,78.15,6.93,NONE
2026-02-14 01:45:00,facility_d,Pharmaceuticals & Healthcare,"Flanders, Belgium",18405.94,544.44,41.47,29.48,92.75375350381061,69.29,7.64,NONE
2026-02-14 02:00:00,Facility_B,Mfg Heavy,"Indiana, USA",25580.63,704.06,22.06,29.29,89.41742018315034,82.37,7.09,NONE
2026-02-14 02:15:00,Facility_C,Petrochem / Refining,"Maharashtra, India",18826.19,789.36,32.44,24.69,94.11086431237193,70.61,7.38,NONE
2026-02-14 02:30:00,Facility_E,Data Center Cooling,"Nuevo Leon, Mexico",20790.26,769.75,,27.95,91.99969710610401,66.5,7.3,NONE
2026-02-14 02:45:00,Facility_A,Food & Beverage Processing,"Illinois, USA",20210.44,678.53,33.25,28.82,89.33274803849923,75.4,7.29,NONE
2026-02-14 03:00:00,facility_c,Refinery & Petrochemicals,"Maharashtra, India",19104.34,732.95,32.75,29.61,92.76208028146517,81.76,7.57,NONE
2026-02-14 03:15:00,Facility_E,Data Center Cooling,"Nuevo Leon, Mexico",,736.69,19.99,28.05,91.42866095173018,72.76,7.34,NONE
2026-02-14 03:30:00,Facility_C,Refinery & Petrochemicals,"Maharashtra, India",20309.23,798.22,40.37,29.11,N/A,75.55,7.42,NONE
2026-02-14 03:45:00,Facility_C,Refinery & Petrochemicals,"Maharashtra, India",21723.1,839.45,29.96,29.62,93.45528421686465,83.68,7.26,NONE
2026-02-14 04:00:00,Facility_E,Data Center Cooling,"Nuevo Leon, Mexico",18612.35,782.87,30.59,29.83,92.79516479049315,78.27,7.11,NONE
2026-02-14 04:15:00,Facility_A,Food & Beverage Processing,"Illinois, USA",18474.87,675.77,36.09,30.6,90.09201888857193,69.66,7.87,NONE
2026-02-14 04:30:00,Facility_C,Refinery & Petrochemicals,"Maharashtra, India",21274.25,842.39,35.55,32.91,89.96910468486958,77.39,7.23,NONE
2026-02-14 04:45:00,FACILITY_A,Food & Beverage Processing,"Illinois, USA",18687.67,764.75,-5.57,29.51,91.91549552611863,65.06,7.56,CHEMICAL_DOSING_BREACH
2026-02-14 05:00:00,Facility_B,Heavy Manufacturing,"Indiana, USA",142754.38,949.99,20.9,31.68,35.44871862469164,143.29,6.92,PRESSURE_BURST_SURGE
2026-02-14 05:15:00,Facility_B,Heavy Manufacturing,"Indiana, USA",23615.23,856.96,34.4,31.43,93.5989284369169,79.18,7.45,NONE
2026-02-14 05:30:00,Facility_B,Heavy Manufacturing,"Indiana, USA",20653.82,848.07,30.53,30.87,92.20491984342391,76.06,7.4,NONE
2026-02-14 05:45:00,Facility_A,Food & Beverage Processing,"Illinois, USA",14658.75,618.44,32.8,31.83,91.01074702150187,77.32,7.49,NONE
2026-02-14 06:00:00,Facility_B,Heavy Manufacturing,"Indiana, USA",25204.97,875.85,30.2,32.08,96.45727961971781,69.31,7.14,NONE
2026-02-14 06:15:00,Facility_C,Refinery & Petrochemicals,"Maharashtra, India",,845.6,38.18,31.92,97.14189957553302,74.6,7.24,NONE
2026-02-14 06:30:00,facility_e,Data Center Cooling,"Nuevo Leon, Mexico",22520.61,748.02,35.01,33.23,96.35103138141892,68.25,7.04,NONE
2026-02-14 06:45:00,Facility_A,Food & Beverage Processing,"Illinois, USA",,726.3,35.38,29.87,91.43176609090011,74.47,7.13,NONE
2026-02-14 07:00:00,Facility_C,Refinery & Petrochemicals,"Maharashtra, India",19427.64,758.1,32.74,30.57,96.34009111092033,67.16,7.4,NONE
2026-02-14 07:15:00,Facility_D,Pharmaceuticals & Healthcare,"Flanders, Belgium",14004.12,554.51,40.42,32.13,91.82083184798059,71.59,7.29,NONE
2026-02-14 07:30:00,Facility_C,Refinery & Petrochemicals,"Maharashtra, India",16336.34,789.64,31.29,31.2,91.20647301158553,72.56,7.49,NONE
2026-02-14 07:45:00,antwerp_hub_d,Pharmaceuticals & Healthcare,"Flanders, Belgium",20146.42,602.57,38.61,28.13,93.39927576624481,73.22,7.23,NONE
2026-02-14 08:00:00,Facility_C,REFINERY_PETRO,"Maharashtra, India",18994.35,710.03,35.35,29.42,92.03634646348839,68.98,7.03,NONE
2026-02-14 08:15:00,Facility_E,Data Center Cooling,"Nuevo Leon, Mexico",24498.7,758.61,36.11,33.18,97.4348754667675,68.23,7.75,NONE
2026-02-14 08:30:00,Fac_E_Cooling,Data Center Cooling,"Nuevo Leon, Mexico",20779.79,729.18,26.73,29.04,94.77810058194981,84.35,6.89,NONE
2026-02-14 08:45:00,Facility_E,DATA_CENTER_COOLING,"Nuevo Leon, Mexico",85481.14,863.18,27.75,28.61,33.20815359501822,123.09,7.18,PRESSURE_BURST_SURGE
2026-02-14 09:00:00,Facility_A,Food & Beverage Processing,"Illinois, USA",18332.41,640.82,29.82,31.72,91.03203264240192,76.75,7.56,NONE
2026-02-14 09:15:00,Facility_D,PHARMACEUTICALS,"Flanders, Belgium",239.76,3265.79,41.99,27.47,50.212227416162,83.18,7.62,BROWNOUT_WATER_STALL
2026-02-14 09:30:00,Facility_C,Refinery & Petrochemicals,"Maharashtra, India",22701.85,765.13,35.46,28.32,93.73065292829553,80.93,7.65,NONE
2026-02-14 09:45:00,Facility_A,Food & Beverage Processing,"Illinois, USA",17931.97,707.81,31.47,29.46,94.87627391896139,73.57,7.0,NONE
2026-02-14 10:00:00,Facility_D,Pharmaceuticals & Healthcare,"Flanders, Belgium",18461.45,548.38,33.73,29.92,93.5614875182534,69.35,7.9,NONE
2026-02-14 10:15:00,FAC_A,Food & Beverage Processing,"Illinois, USA",20225.76,769.47,35.9,27.48,95.23970193338445,65.32,7.62,NONE
2026-02-14 10:30:00,Facility_E,DATA_CENTER_COOLING,"Nuevo Leon, Mexico",20927.65,789.5,28.21,-20.96,97.41734413530347,62.25,7.5,SENSOR_TEMP_SPIKE
2026-02-14 10:45:00,Facility_C,Refinery & Petrochemicals,"Maharashtra, India",18189.89,719.27,35.01,25.95,98.25536257865389,75.47,7.47,NONE
2026-02-14 11:00:00,Facility_D,Pharmaceuticals & Healthcare,"Flanders, Belgium",19401.74,508.7,40.16,30.75,88.52048135381136,74.36,7.56,NONE
2026-02-14 11:15:00,Facility_B,Heavy Manufacturing,"Indiana, USA",,901.51,28.69,26.0,85.46937326111609,73.55,7.33,NONE
2026-02-14 11:30:00,Facility_D,Pharmaceuticals & Healthcare,"Flanders, Belgium",21671.11,588.28,35.27,143.9,96.29854918144493,74.53,7.24,SENSOR_TEMP_SPIKE
2026-02-14 11:45:00,Facility_D,Pharmaceuticals & Healthcare,"Flanders, Belgium",17503.4,639.75,43.34,-29.63,86.14542022350767,73.04,7.41,SENSOR_TEMP_SPIKE
2026-02-14 12:00:00,Facility_A,Food & Beverage Processing,"Illinois, USA",22806.75,580.35,28.35,24.66,90.06067891740729,64.18,7.37,NONE
2026-02-14 12:15:00,Facility_E,Data Center Cooling,"Nuevo Leon, Mexico",24681.59,737.65,24.27,28.78,96.18581325448923,70.2,7.44,NONE
2026-02-14 12:30:00,Facility_D,Pharmaceuticals & Healthcare,"Flanders, Belgium",21142.79,517.57,38.01,25.28,89.68399414169463,74.75,7.47,NONE
2026-02-14 12:45:00,Facility_C,Refinery & Petrochemicals,"Maharashtra, India",18926.42,713.58,44.32,24.84,95.28688730604021,77.63,6.65,NONE
2026-02-14 13:00:00,Facility_A,Food & Beverage Processing,"Illinois, USA",,713.64,30.39,25.24,95.36521513432866,63.73,7.36,NONE
2026-02-14 13:15:00,Facility_A_Line1,Food & Beverage Processing,"Illinois, USA",20259.36,867.08,25.83,-31.77,91.95119211231798,76.18,7.59,SENSOR_TEMP_SPIKE
2026-02-14 13:30:00,Facility_E,Data Center Cooling,"Nuevo Leon, Mexico",24446.22,809.12,27.0,23.97,94.90674410967098,72.23,7.2,NONE
2026-02-14 13:45:00,Facility_E,Hyperscale Cooling,"Nuevo Leon, Mexico",25949.33,791.07,31.96,28.11,93.76598085225022,71.15,7.05,NONE
2026-02-14 14:00:00,Facility_A,Food & Beverage Processing,"Illinois, USA",22393.92,686.41,19.09,19.71,88.77842492474205,72.31,7.29,NONE
2026-02-14 14:15:00,Facility_A,F&B Processing,"Illinois, USA",20478.89,631.94,32.42,25.87,93.03929337908725,71.91,7.11,NONE
2026-02-14 14:30:00,Facility_C,Refinery & Petrochemicals,"Maharashtra, India",21415.95,670.55,,24.02,90.17622986718736,77.78,7.49,NONE
2026-02-14 14:45:00,Facility_B,Heavy Manufacturing,"Indiana, USA",27076.55,899.14,29.18,24.69,97.85433649092374,74.91,7.58,NONE
2026-02-14 15:00:00,Facility_B,Heavy Manufacturing,"Indiana, USA",18982.7,867.24,39.1,20.46,99.90127515138441,77.24,6.87,NONE
2026-02-14 15:15:00,Facility_E,Data Center Cooling,"Nuevo Leon, Mexico",21202.41,780.16,32.33,22.71,95.72795498952686,80.23,7.6,NONE
2026-02-14 15:30:00,Facility_D,Pharmaceuticals & Healthcare,"Flanders, Belgium",21399.25,543.65,40.38,27.47,90.0442718222133,75.9,7.04,NONE
2026-02-14 15:45:00,Facility_A,Food & Beverage Processing,"Illinois, USA",22163.34,572.05,29.11,27.33,91.91729098199893,73.73,7.7,NONE
2026-02-14 16:00:00,Facility_D,Pharmaceuticals & Healthcare,"Flanders, Belgium",18407.6,453.36,33.0,25.41,--,64.97,7.08,NONE
2026-02-14 16:15:00,monterrey_e,Data Center Cooling,"Nuevo Leon, Mexico",19397.7,721.45,24.6,23.1,91.66638441830479,72.07,7.03,NONE
2026-02-14 16:30:00,Facility_C,Refinery & Petrochemicals,"Maharashtra, India",20597.7,669.22,37.1,24.61,99.87098422518059,76.25,7.41,NONE
2026-02-14 16:45:00,Fac_E_Cooling,Data Center Cooling,"Nuevo Leon, Mexico",16820.04,860.45,29.1,23.27,94.76535604031777,74.51,7.35,NONE
2026-02-14 17:00:00,Facility_E,Data Center Cooling,"Nuevo Leon, Mexico",20176.91,804.52,22.2,19.9,90.78919092575053,79.62,7.47,NONE
2026-02-14 17:15:00,Facility_D,Pharmaceuticals & Healthcare,"Flanders, Belgium",17293.42,523.45,37.17,23.3,97.85485976677647,83.24,7.31,NONE
2026-02-14 17:30:00,Facility_E,Data Center Cooling,"Nuevo Leon, Mexico",26675.74,755.97,29.77,24.3,97.09636048435374,81.09,6.99,NONE
2026-02-14 17:45:00,Facility_D,Pharmaceuticals & Healthcare,"Flanders, Belgium",18993.52,640.42,33.01,19.14,88.74417625145924,73.45,7.92,NONE
2026-02-14 18:00:00,monterrey_e,Data Center Cooling,"Nuevo Leon, Mexico",17280.52,662.57,26.39,20.71,89.74189723729697,64.83,7.2,NONE
2026-02-14 18:15:00,Facility_B,Heavy Manufacturing,"Indiana, USA",31856.35,886.6,33.44,21.42,90.80388042568893,76.35,7.37,NONE
2026-02-14 18:30:00,Facility_D,Pharmaceuticals & Healthcare,"Flanders, Belgium",18594.18,664.44,299.09,20.84,96.22510174735591,77.23,7.06,CHEMICAL_DOSING_BREACH
2026-02-14 18:45:00,Facility_E,Data Center Cooling,"Nuevo Leon, Mexico",21300.11,615.49,29.75,21.73,92.71313832643122,68.87,7.68,NONE
2026-02-14 19:00:00,Facility_D,Pharmaceuticals & Healthcare,"Flanders, Belgium",19308.32,625.54,37.06,24.78,87.5225626816586,74.03,7.68,NONE
2026-02-14 19:15:00,Facility_C,Refinery & Petrochemicals,"Maharashtra, India",14351.39,787.04,37.92,22.02,96.68253440288106,78.52,7.18,NONE
2026-02-14 19:30:00,Facility_A,Food and Beverage,"Illinois, USA",18368.86,630.19,32.83,23.17,93.50746959197487,74.45,7.11,NONE
2026-02-14 19:45:00,Facility_E,Data Center Cooling,"Nuevo Leon, Mexico",17482.11,783.32,,21.06,91.17991696953835,78.13,7.59,NONE
2026-02-14 20:00:00,Facility_C,Refinery & Petrochemicals,"Maharashtra, India",20324.75,773.79,32.64,25.42,92.46513099235662,75.22,7.11,NONE
2026-02-14 20:15:00,FAC-B,Heavy Manufacturing,"Indiana, USA",25052.65,616.01,25.86,20.43,94.19514817174559,71.32,7.27,NONE
2026-02-14 20:30:00,facility_c,Refinery & Petrochemicals,"Maharashtra, India",23639.99,697.64,36.01,23.72,90.46059070415528,78.97,7.81,NONE
2026-02-14 20:45:00,Facility_D,pharma,"Flanders, Belgium",21413.36,514.73,34.55,19.84,92.91855375277613,73.5,7.57,NONE
2026-02-14 21:00:00,Facility_C,Refinery & Petrochemicals,"Maharashtra, India",22810.8,679.19,36.08,23.26,93.01557578324612,81.04,7.38,NONE
2026-02-14 21:15:00,Facility_D,Pharmaceuticals & Healthcare,"Flanders, Belgium",19953.9,595.97,38.42,22.48,99.48941199116875,73.85,7.5,NONE
2026-02-14 21:30:00,Facility_C ,Refinery & Petrochemicals,"Maharashtra, India",19400.42,612.93,31.12,125.28,null,75.81,7.1,SENSOR_TEMP_SPIKE
2026-02-14 21:45:00,Facility_B,Heavy Manufacturing,"Indiana, USA",25842.31,877.88,30.59,24.11,91.26924116150407,81.1,7.82,NONE
2026-02-14 22:00:00,Facility_C,Refinery & Petrochemicals,"Maharashtra, India",18665.62,732.61,28.24,24.91,91.3608368643699,71.84,7.62,NONE
2026-02-14 22:15:00,Facility_A,Food & Beverage Processing,"Illinois, USA",17038.46,849.81,27.23,21.05,91.39416938873386,75.61,7.39,NONE
2026-02-14 22:30:00,Facility_C,Refinery & Petrochemicals,"Maharashtra, India",19240.45,755.47,33.4,22.74,93.91430321156476,78.76,7.35,NONE
2026-02-14 22:45:00,Facility_D,Pharmaceuticals & Healthcare,"Flanders, Belgium",17010.04,577.31,43.65,24.85,null,74.99,7.52,NONE
2026-02-14 23:00:00,FAC-B,Heavy Manufacturing,"Indiana, USA",28473.87,898.57,29.2,23.96,90.35352911353233,72.48,7.52,NONE
2026-02-14 23:15:00,Facility_D,Pharmaceuticals & Healthcare,"Flanders, Belgium",17257.68,541.08,33.78,132.41,92.78928143613534,77.02,7.79,SENSOR_TEMP_SPIKE
2026-02-14 23:30:00,Facility_D,Pharmaceuticals & Healthcare,"Flanders, Belgium",18509.77,648.98,34.17,26.36,95.5300543331523,70.92,7.29,NONE
2026-02-14 23:45:00,Facility_D,Pharmaceuticals & Healthcare,"Flanders, Belgium",118124.64,631.24,46.82,29.08,48.04980526276033,131.02,7.39,PRESSURE_BURST_SURGE
2026-02-15 00:00:00,Facility_D,pharma,"Flanders, Belgium",20101.01,547.02,37.71,25.76,98.10715438733264,66.76,7.73,NONE
2026-02-15 00:15:00,Facility_B,Heavy Manufacturing,"Indiana, USA",72.46,3362.45,27.26,25.83,46.401129854995865,73.98,7.16,BROWNOUT_WATER_STALL
2026-02-15 00:30:00,Facility_D,Healthcare & Pharma,"Flanders, Belgium",15397.48,601.02,305.54,26.44,95.5437140482733,70.05,7.61,CHEMICAL_DOSING_BREACH
2026-02-15 00:45:00,Fac_E_Cooling,Data Center Cooling,"Nuevo Leon, Mexico",21125.75,864.69,30.71,25.33,91.20192718377929,73.68,7.49,NONE
2026-02-15 01:00:00,Facility_B,Heavy Manufacturing,"Indiana, USA",22194.86,869.34,32.23,26.63,99.80706933869006,70.66,7.41,NONE
2026-02-15 01:15:00,Facility_E,Data Center Cooling,"Nuevo Leon, Mexico",15811.78,726.24,27.87,27.02,91.14130548854679,71.67,7.53,NONE
2026-02-15 01:30:00,Facility_A,Food & Beverage Processing,"Illinois, USA",14828.74,580.36,29.44,27.81,90.99558053108537,74.28,7.52,NONE
2026-02-15 01:45:00,Facility_B,Heavy Manufacturing,"Indiana, USA",28819.21,951.15,22.94,26.88,90.69304073529227,78.55,7.17,NONE
2026-02-15 02:00:00,Facility_C,Refinery & Petrochemicals,"Maharashtra, India",,667.06,32.8,26.89,95.68691968689747,68.39,7.85,NONE
2026-02-15 02:15:00,Facility_A,Food & Beverage Processing,"Illinois, USA",19761.26,661.08,32.93,27.26,90.1005137978261,77.14,7.73,NONE
2026-02-15 02:30:00,Facility_B,Heavy Manufacturing,"Indiana, USA",26969.08,736.77,25.07,31.69,96.04195251826678,68.93,7.15,NONE
2026-02-15 02:45:00,Facility_A,Food & Beverage Processing,"Illinois, USA",19696.25,702.74,40.27,27.82,95.41786779446278,75.34,6.89,NONE
2026-02-15 03:00:00,Facility_A,Food & Beverage Processing,"Illinois, USA",13730.95,685.57,33.26,32.19,90.9955865668724,76.14,7.27,NONE
2026-02-15 03:15:00,antwerp_hub_d,PHARMACEUTICALS,"Flanders, Belgium",246.23,2226.99,35.65,29.81,52.8583612263882,80.28,7.35,BROWNOUT_WATER_STALL
2026-02-15 03:30:00,Facility_C,Refinery & Petrochemicals,"Maharashtra, India",16792.9,787.12,37.21,30.05,93.15830477230732,68.41,7.1,NONE
2026-02-15 03:45:00,Facility_B,Heavy Manufacturing,"Indiana, USA",28873.76,789.82,28.07,27.14,96.24743475687976,68.06,7.61,NONE
2026-02-15 04:00:00,Facility_E,Data Center Cooling,"Nuevo Leon, Mexico",18409.21,826.09,28.54,28.96,98.621285617434,73.69,7.25,NONE
2026-02-15 04:15:00,Facility_A,Food & Beverage Processing,"Illinois, USA",21364.48,607.44,20.89,32.17,90.8238333483135,77.89,7.36,NONE
2026-02-15 04:30:00,Facility_A,Food & Beverage Processing,"Illinois, USA",16572.37,756.3,29.78,28.26,90.1358516089704,66.2,7.46,NONE
2026-02-15 04:45:00,Facility_E,Data Center Cooling,"Nuevo Leon, Mexico",18731.57,747.4,27.74,28.59,88.62672091475578,85.4,7.34,NONE
2026-02-15 05:00:00,Facility_D,Pharmaceuticals & Healthcare,"Flanders, Belgium",22814.83,635.28,36.15,30.69,93.98613050229487,82.3,7.58,NONE
2026-02-15 05:15:00,Facility_D,Pharmaceuticals & Healthcare,"Flanders, Belgium",16905.64,589.01,40.88,28.31,95.08127790337713,80.05,7.11,NONE
2026-02-15 05:30:00,Facility_C,Refinery & Petrochemicals,"Maharashtra, India",,867.17,34.01,28.7,96.32327373770904,76.6,7.38,NONE
2026-02-15 05:45:00,Facility_D,PHARMACEUTICALS,"Flanders, Belgium",21245.13,637.03,37.15,34.05,98.5668478509664,65.07,7.06,NONE
2026-02-15 06:00:00,Facility_C,Refinery & Petrochemicals,"Maharashtra, India",13731.75,751.77,30.41,29.03,96.9898180697052,66.1,7.39,NONE
2026-02-15 06:15:00,antwerp_hub_d,Pharmaceuticals & Healthcare,"Flanders, Belgium",18996.81,564.31,38.05,26.47,90.90942554944739,80.94,7.01,NONE
2026-02-15 06:30:00,Facility_A_Line1,Food & Beverage Processing,"Illinois, USA",23115.47,612.69,,28.75,97.11306549851814,71.54,7.45,NONE
2026-02-15 06:45:00,Facility_B,heavy mfg,"Indiana, USA",26017.89,835.43,,31.81,89.8427097690804,72.76,7.84,NONE
2026-02-15 07:00:00,antwerp_hub_d,Pharmaceuticals & Healthcare,"Flanders, Belgium",19436.83,483.2,31.46,31.97,ERROR_SENSOR,69.85,7.56,NONE
2026-02-15 07:15:00,Facility_D,Pharmaceuticals & Healthcare,"Flanders, Belgium",22311.68,651.95,44.24,31.29,92.93148857878435,72.19,7.35,NONE
2026-02-15 07:30:00,Facility_B,Heavy Manufacturing,"Indiana, USA",23078.88,809.82,33.86,27.3,88.56985687778746,77.74,7.25,NONE
2026-02-15 07:45:00,Facility_E,Data Center Cooling,"Nuevo Leon, Mexico",16224.27,745.4,152.71,29.31,95.69425928474075,68.0,7.35,CHEMICAL_DOSING_BREACH
2026-02-15 08:00:00,Facility_E,Data Center Cooling,"Nuevo Leon, Mexico",20565.82,752.84,21.22,29.02,93.56326141131913,76.44,7.87,NONE
2026-02-15 08:15:00,Facility_A,Food & Beverage Processing,"Illinois, USA",21126.0,745.88,36.84,29.28,98.47257012363154,79.04,7.23,NONE
2026-02-15 08:30:00,Facility_D,Pharmaceuticals & Healthcare,"Flanders, Belgium",23040.74,594.43,46.71,30.22,91.70182444956596,70.55,7.25,NONE
2026-02-15 08:45:00,FACILITY_C,Refinery & Petrochemicals,"Maharashtra, India",17536.31,875.79,35.38,26.6,94.1816138107894,74.56,7.22,NONE
2026-02-15 09:00:00,Facility_C,Refinery & Petrochemicals,"Maharashtra, India",19431.55,773.57,38.16,30.36,94.66768914047702,68.16,7.94,NONE
2026-02-15 09:15:00,Facility_C,Refinery & Petrochemicals,"Maharashtra, India",15311.65,767.0,30.9,29.85,93.94289831938339,73.24,7.77,NONE
2026-02-15 09:30:00,Facility_C,Refinery & Petrochemicals,"Maharashtra, India",21331.36,751.58,38.88,31.75,97.02430412653749,73.39,6.9,NONE
2026-02-15 09:45:00,FACILITY_A,Food & Beverage Processing,"Illinois, USA",20013.44,760.67,28.27,28.76,93.23475901194873,80.24,7.87,NONE
2026-02-15 10:00:00,Facility_C,Refinery & Petrochemicals,"Maharashtra, India",21482.09,770.35,40.32,29.67,93.26032135557843,83.42,7.14,NONE
2026-02-15 10:15:00,Facility_D,Pharmaceuticals & Healthcare,"Flanders, Belgium",20075.55,616.77,,29.28,96.52559120070767,75.1,7.48,NONE
2026-02-15 10:30:00,Facility_B,Heavy Manufacturing,"Indiana, USA",26116.29,906.99,27.54,27.47,93.56579249231729,79.33,6.86,NONE
2026-02-15 10:45:00,Facility_D,Pharmaceuticals & Healthcare,"Flanders, Belgium",16676.3,698.49,38.66,27.05,96.04352587356252,70.47,6.76,NONE
2026-02-15 11:00:00,Facility_E,Data Center Cooling,"Nuevo Leon, Mexico",21998.35,695.19,28.93,28.13,93.95477174261049,66.31,7.36,NONE
2026-02-15 11:15:00,monterrey_e,Data Center Cooling,"Nuevo Leon, Mexico",22225.73,645.0,22.12,25.36,95.88964716403275,65.01,7.58,NONE
2026-02-15 11:30:00,FACILITY_B,Mfg Heavy,"Indiana, USA",27003.33,818.37,22.28,25.59,96.00209296643403,79.66,7.06,NONE
2026-02-15 11:45:00,Facility_E,Data Center Cooling,"Nuevo Leon, Mexico",23991.2,801.44,28.47,25.43,91.63955193190404,82.2,7.4,NONE
2026-02-15 12:00:00,Facility_A,Food & Beverage Processing,"Illinois, USA",22337.07,730.22,29.6,27.55,100.0,71.1,7.61,NONE
2026-02-15 12:15:00,Facility_A,Food & Beverage Processing,"Illinois, USA",19703.37,609.65,25.32,25.42,94.61196346925094,77.95,6.91,NONE
2026-02-15 12:30:00,Facility_B,Heavy Manufacturing,"Indiana, USA",27809.97,830.06,28.51,27.04,99.08753702437544,75.37,6.97,NONE
2026-02-15 12:45:00,Fac_E_Cooling,Data Center Cooling,"Nuevo Leon, Mexico",20626.28,813.91,32.22,26.92,91.86790030291498,67.84,7.52,NONE
2026-02-15 13:00:00,Facility_E,Data Center Cooling,"Nuevo Leon, Mexico",18025.55,801.98,31.41,24.62,93.14011747205072,74.89,7.18,NONE
2026-02-15 13:15:00,facility_b,Heavy Manufacturing,"Indiana, USA",21513.98,836.71,28.77,27.66,ERROR_SENSOR,78.81,7.03,NONE
2026-02-15 13:30:00,Facility_E,Hyperscale Cooling,"Nuevo Leon, Mexico",17695.47,727.44,24.55,22.52,99.72185701060728,71.97,8.0,NONE
2026-02-15 13:45:00,Facility_C,Petrochem / Refining,"Maharashtra, India",16579.66,644.25,40.92,23.42,93.94437055423622,67.9,7.34,NONE
2026-02-15 14:00:00,Facility_E,Data Center Cooling,"Nuevo Leon, Mexico",17627.04,744.46,26.51,24.91,95.5022123875482,75.08,7.48,NONE
2026-02-15 14:15:00,FAC_A,Food & Beverage Processing,"Illinois, USA",19010.96,681.96,33.47,24.08,93.26540869723473,75.79,7.06,NONE
2026-02-15 14:30:00,Facility_E,Data Center Cooling,"Nuevo Leon, Mexico",24719.78,731.3,29.02,23.98,95.58877809248679,75.53,7.34,NONE
2026-02-15 14:45:00,Facility_D,Pharmaceuticals & Healthcare,"Flanders, Belgium",21973.31,386.73,42.72,25.52,87.62538677503217,78.18,7.65,NONE
2026-02-15 15:00:00,Facility_A,Food & Beverage Processing,"Illinois, USA",20561.55,601.84,34.37,25.48,91.6689392167012,75.99,7.25,NONE
2026-02-15 15:15:00,Facility_A,Food & Beverage Processing,"Illinois, USA",21309.6,690.65,29.06,23.42,89.20671321445326,73.38,7.45,NONE
2026-02-15 15:30:00,Facility_C,Refinery & Petrochemicals,"Maharashtra, India",20792.45,796.34,29.48,25.76,98.09570722039757,74.51,7.14,NONE
2026-02-15 15:45:00,Facility_A,Food & Beverage Processing,"Illinois, USA",18034.13,698.49,32.67,22.63,90.75315989151623,78.6,7.42,NONE
2026-02-15 16:00:00,Facility_B,heavy mfg,"Indiana, USA",22533.12,864.47,29.18,21.74,97.32415923075516,74.61,7.29,NONE
2026-02-15 16:15:00,Facility_D,Pharmaceuticals & Healthcare,"Flanders, Belgium",18531.48,594.26,37.2,22.77,96.91108821864121,67.62,7.0,NONE
2026-02-15 16:30:00,Facility_A,food & beverage,"Illinois, USA",21059.0,885.25,35.18,26.16,92.11001083610967,71.13,7.48,NONE
2026-02-15 16:45:00,FAC_A,Food & Beverage Processing,"Illinois, USA",21467.42,619.49,30.6,22.66,91.3276153098068,71.47,7.59,NONE
2026-02-15 17:00:00,Facility_A,FOOD & BEV,"Illinois, USA",20348.7,769.93,32.91,21.06,94.85392976588535,69.72,7.26,NONE
2026-02-15 17:15:00,Facility_D,Pharmaceuticals & Healthcare,"Flanders, Belgium",16391.3,534.24,37.88,21.75,90.67388028792166,79.12,7.32,NONE
2026-02-15 17:30:00,Facility_C,Refinery & Petrochemicals,"Maharashtra, India",17634.28,692.9,27.64,22.13,89.08970014873609,77.2,7.36,NONE
2026-02-15 17:45:00,Facility_B,Heavy Manufacturing,"Indiana, USA",30612.81,858.74,25.45,19.12,96.08094036397362,68.15,7.24,NONE
2026-02-15 18:00:00,Facility_C,Refinery & Petrochemicals,"Maharashtra, India",22609.17,824.47,37.14,24.2,96.4025594204977,81.11,7.18,NONE
2026-02-15 18:15:00,FACILITY_E,Data Center Cooling,"Nuevo Leon, Mexico",20146.24,680.82,28.36,22.27,87.88415284052616,71.06,7.75,NONE
2026-02-15 18:30:00,Facility_A,F&B Processing,"Illinois, USA",19827.5,764.01,30.99,19.14,93.08836505014547,78.69,7.02,NONE
2026-02-15 18:45:00,facility_c,Refinery & Petrochemicals,"Maharashtra, India",20514.74,644.77,35.58,23.56,92.50123992233794,85.13,7.21,NONE
2026-02-15 19:00:00,Facility_E,Data Center Cooling,"Nuevo Leon, Mexico",19635.45,765.34,25.33,20.04,,77.41,7.26,NONE
2026-02-15 19:15:00,Facility_B,Mfg Heavy,"Indiana, USA",31057.41,802.94,31.48,23.63,92.04031741702393,70.05,6.87,NONE
2026-02-15 19:30:00,Facility_C,Refinery & Petrochemicals,"Maharashtra, India",20076.63,870.1,28.82,22.14,91.3658613433832,76.48,7.26,NONE
2026-02-15 19:45:00,Facility_E,Hyperscale Cooling,"Nuevo Leon, Mexico",24449.79,721.17,23.31,22.07,92.35243327949199,76.37,7.25,NONE
2026-02-15 20:00:00,Facility_D,Pharmaceuticals & Healthcare,"Flanders, Belgium",19707.58,524.02,36.26,21.62,90.79074691303636,79.74,7.15,NONE
2026-02-15 20:15:00,Facility_C,Refinery & Petrochemicals,"Maharashtra, India",18041.68,858.17,38.65,26.13,95.04496596641337,71.3,7.93,NONE
2026-02-15 20:30:00,Facility_A,food & beverage,"Illinois, USA",20608.51,701.97,31.74,23.65,92.74220200067415,67.81,7.81,NONE
2026-02-15 20:45:00,Facility_A,Food & Beverage Processing,"Illinois, USA",19212.53,726.08,40.23,22.26,95.59755303908513,70.43,7.44,NONE
2026-02-15 21:00:00,Facility_E,Data Center Cooling,"Nuevo Leon, Mexico",21610.21,809.3,33.57,-41.73,98.03335949031654,80.69,7.28,SENSOR_TEMP_SPIKE
2026-02-15 21:15:00,Facility_A,Food & Beverage Processing,"Illinois, USA",19247.78,627.19,34.77,20.17,91.26929647755941,73.79,7.71,NONE
2026-02-15 21:30:00,FACILITY_C,Refinery & Petrochemicals,"Maharashtra, India",,810.24,-1.87,25.77,94.70187439666358,77.74,7.2,CHEMICAL_DOSING_BREACH
2026-02-15 21:45:00,Facility_B,Heavy Manufacturing,"Indiana, USA",22651.8,842.55,29.83,26.51,96.017026058848,70.94,7.03,NONE
2026-02-15 22:00:00,Facility_D,Pharmaceuticals & Healthcare,"Flanders, Belgium",22554.26,478.95,35.6,25.66,98.7440359902401,73.15,7.36,NONE
2026-02-15 22:15:00,Facility_D,pharma,"Flanders, Belgium",16753.44,576.2,32.67,23.38,95.94444977324314,72.05,7.61,NONE
2026-02-15 22:30:00,FACILITY_A,Food & Beverage Processing,"Illinois, USA",18908.16,615.4,36.41,22.6,91.57427997164604,73.1,7.63,NONE
2026-02-15 22:45:00,Facility_E,Data Center Cooling,"Nuevo Leon, Mexico",19766.94,680.5,29.18,24.83,92.00435008307468,74.97,7.01,NONE
2026-02-15 23:00:00,Facility_C,Refinery & Petrochemicals,"Maharashtra, India",14936.95,943.18,35.94,25.78,90.99763398183335,78.04,7.2,NONE
2026-02-15 23:15:00,Facility_E,Data Center Cooling,"Nuevo Leon, Mexico",14045.47,707.47,27.32,25.41,92.86316267921734,71.1,7.14,NONE
2026-02-15 23:30:00,Facility_B,Heavy Manufacturing,"Indiana, USA",24867.82,701.78,20.28,26.15,93.86715159764798,77.96,7.28,NONE
2026-02-15 23:45:00,Facility_E,Data Center Cooling,"Nuevo Leon, Mexico",18077.74,604.53,24.76,27.0,98.11263649090856,74.24,7.01,NONE
2026-02-16 00:00:00,Facility_D,Pharmaceuticals & Healthcare,"Flanders, Belgium",198.83,2725.15,,28.52,61.59549282848186,73.22,7.4,BROWNOUT_WATER_STALL
2026-02-16 00:15:00,Facility_B,Heavy Manufacturing,"Indiana, USA",23321.72,835.49,31.38,27.03,83.52896349215945,78.13,7.69,NONE
2026-02-16 00:30:00,Facility_E,Data Center Cooling,"Nuevo Leon, Mexico",23813.76,783.92,32.52,24.48,93.20060276420082,70.99,7.76,NONE
2026-02-16 00:45:00,Facility_B,Heavy Manufacturing,"Indiana, USA",26359.34,826.64,,25.37,89.88848607533718,77.35,7.52,NONE
2026-02-16 01:00:00,Facility_A,Food & Beverage Processing,"Illinois, USA",19841.13,769.41,28.12,24.22,95.6865904212829,73.75,7.58,NONE
2026-02-16 01:15:00,Facility_C,Refinery & Petrochemicals,"Maharashtra, India",19789.64,771.29,36.36,30.32,92.57161797813794,77.32,7.44,NONE
2026-02-16 01:30:00,Facility_E,Data Center Cooling,"Nuevo Leon, Mexico",16859.75,651.45,28.33,27.13,N/A,78.82,6.93,NONE
2026-02-16 01:45:00,Facility_E,Data Center Cooling,"Nuevo Leon, Mexico",20597.04,684.45,34.73,32.8,92.50408414560786,77.82,7.71,NONE
2026-02-16 02:00:00,Facility_B_Unit2,Heavy Manufacturing,"Indiana, USA",28571.37,906.45,21.05,30.62,94.64967974843202,72.97,7.33,NONE
2026-02-16 02:15:00,Facility_A,Food & Beverage Processing,"Illinois, USA",19859.04,694.89,30.01,26.96,95.1325399589222,73.27,7.13,NONE
2026-02-16 02:30:00,facility_c,REFINERY_PETRO,"Maharashtra, India",19047.89,780.33,37.62,28.88,95.47383387063218,72.77,7.29,NONE
2026-02-16 02:45:00,Facility_D,Pharmaceuticals & Healthcare,"Flanders, Belgium",,591.03,42.59,31.02,93.36047410923382,67.65,7.54,NONE
2026-02-16 03:00:00,Facility_C ,Refinery & Petrochemicals,"Maharashtra, India",20019.46,793.86,38.75,28.66,88.39592199502468,70.07,6.54,NONE
2026-02-16 03:15:00,Facility_D,Pharmaceuticals & Healthcare,"Flanders, Belgium",19715.98,565.24,,30.86,91.93261608517997,70.29,7.13,NONE
2026-02-16 03:30:00,Facility_B,Heavy Manufacturing,"Indiana, USA",31716.81,827.29,27.35,30.2,88.42320943016753,72.21,7.11,NONE
2026-02-16 03:45:00,Facility_E,Data Center Cooling,"Nuevo Leon, Mexico",18400.03,730.34,28.7,27.57,92.33010200315883,74.36,7.48,NONE
2026-02-16 04:00:00,Facility_D,Pharmaceuticals & Healthcare,"Flanders, Belgium",18106.12,587.78,36.02,32.27,95.2408576203715,70.98,7.21,NONE
2026-02-16 04:15:00,Facility_B,Heavy Manufacturing,"Indiana, USA",27004.04,795.9,20.39,30.62,92.27342056245014,77.06,7.36,NONE
2026-02-16 04:30:00,Facility_B_Unit2,Heavy Manufacturing,"Indiana, USA",27788.91,1051.6,33.88,29.56,94.85413434193505,74.53,7.43,NONE
2026-02-16 04:45:00,Facility_E,Data Center Cooling,"Nuevo Leon, Mexico",17130.87,829.08,18.82,30.26,87.87871808319127,70.83,7.41,NONE
2026-02-16 05:00:00,Facility_E,Data Center Cooling,"Nuevo Leon, Mexico",23299.36,826.65,,94.66,93.29962540282085,70.8,7.45,SENSOR_TEMP_SPIKE
2026-02-16 05:15:00,Facility_C,Refinery & Petrochemicals,"Maharashtra, India",,656.56,36.88,30.68,97.18163702577826,65.59,7.15,NONE
2026-02-16 05:30:00,Facility_B,Heavy Manufacturing,"Indiana, USA",29280.93,884.48,31.54,98.56,91.05378962774334,70.11,7.59,SENSOR_TEMP_SPIKE
2026-02-16 05:45:00,Facility_D,Pharmaceuticals & Healthcare,"Flanders, Belgium",20142.61,513.75,44.13,34.14,97.07473213288681,76.94,7.52,NONE
2026-02-16 06:00:00,Facility_C,Refinery & Petrochemicals,"Maharashtra, India",19574.83,640.05,33.5,31.98,90.78968927828656,74.7,7.67,NONE
2026-02-16 06:15:00,Facility_A,Food & Beverage Processing,"Illinois, USA",21974.43,779.82,32.69,31.93,92.72753479402672,81.66,6.9,NONE
2026-02-16 06:30:00,FAC-B,Heavy Manufacturing,"Indiana, USA",26000.27,800.42,31.37,29.85,100.0,78.12,7.07,NONE
2026-02-16 06:45:00, Facility_A ,food & beverage,"Illinois, USA",13100.28,631.86,33.86,29.95,91.66410076892191,70.74,7.58,NONE
2026-02-16 07:00:00,FACILITY_C,Refinery & Petrochemicals,"Maharashtra, India",18078.93,743.19,39.68,33.18,89.93561561133141,79.3,7.32,NONE
2026-02-16 07:15:00,Facility_C,Refinery & Petrochemicals,"Maharashtra, India",20901.41,827.94,35.58,30.4,95.63846789889526,69.07,7.03,NONE
2026-02-16 07:30:00,Facility_A,Food & Beverage Processing,"Illinois, USA",24073.16,796.26,35.67,29.91,88.25563289010613,71.61,7.46,NONE
2026-02-16 07:45:00,Facility_E,Data Center Cooling,"Nuevo Leon, Mexico",24013.88,782.12,30.42,29.78,95.57914862621607,69.91,7.38,NONE
2026-02-16 08:00:00,Facility_A,Food & Beverage Processing,"Illinois, USA",18732.75,816.06,19.51,29.69,94.29752549886072,65.66,7.56,NONE
2026-02-16 08:15:00,Facility_E,Data Center Cooling,"Nuevo Leon, Mexico",20766.79,678.45,32.78,28.49,96.08736985211641,74.84,7.24,NONE
2026-02-16 08:30:00,Facility_D,Pharmaceuticals & Healthcare,"Flanders, Belgium",16451.72,528.4,41.2,31.75,95.72368114153795,73.87,7.54,NONE
2026-02-16 08:45:00,Facility_E,Hyperscale Cooling,"Nuevo Leon, Mexico",21901.06,704.85,24.65,28.94,91.4691778378799,74.58,7.8,NONE
2026-02-16 09:00:00,Facility_E,Hyperscale Cooling,"Nuevo Leon, Mexico",21808.64,860.19,28.5,29.03,88.65190549854508,76.88,7.17,NONE
2026-02-16 09:15:00,Facility_A,Food & Beverage Processing,"Illinois, USA",17273.6,640.76,32.99,28.1,98.7694753497843,79.04,7.2,NONE
2026-02-16 09:30:00,Facility_E,Data Center Cooling,"Nuevo Leon, Mexico",15088.69,758.88,27.2,30.54,93.54307508792472,79.18,7.49,NONE
2026-02-16 09:45:00,Facility_C,Refinery & Petrochemicals,"Maharashtra, India",15942.67,718.96,33.59,28.42,92.63712859549048,77.23,7.49,NONE
2026-02-16 10:00:00,Facility_A,Food & Beverage Processing,"Illinois, USA",18289.51,760.25,26.58,29.76,96.28068191333136,75.24,7.5,NONE
2026-02-16 10:15:00,Facility_A,Food & Beverage Processing,"Illinois, USA",20782.0,787.7,34.62,30.44,88.46659410506388,74.6,7.34,NONE
2026-02-16 10:30:00,Facility_B_Unit2,Heavy Manufacturing,"Indiana, USA",26261.18,915.68,29.04,28.19,94.99451133541629,67.22,7.79,NONE
2026-02-16 10:45:00,Facility_C,Refinery & Petrochemicals,"Maharashtra, India",106932.78,891.76,31.91,26.14,47.90830800576191,118.8,7.21,PRESSURE_BURST_SURGE
2026-02-16 11:00:00,Facility_D,Pharmaceuticals & Healthcare,"Flanders, Belgium",16302.75,585.95,43.62,26.55,100.0,71.25,7.41,NONE
2026-02-16 11:15:00,Facility_B,Heavy Manufacturing,"Indiana, USA",26508.04,831.47,19.92,26.17,94.13884573536919,73.57,7.53,NONE
2026-02-16 11:30:00,Facility_A,food & beverage,"Illinois, USA",,695.88,27.46,29.81,89.16252054234991,71.32,7.11,NONE
2026-02-16 11:45:00,Facility_A,Food & Beverage Processing,"Illinois, USA",20988.48,806.9,30.77,27.18,94.87206982716528,82.12,6.85,NONE
2026-02-16 12:00:00,Facility_E,Data Center Cooling,"Nuevo Leon, Mexico",22984.37,778.24,,27.09,95.87065272265573,76.62,7.95,NONE
2026-02-16 12:15:00,Facility_C,Refinery & Petrochemicals,"Maharashtra, India",19115.01,779.09,34.74,27.23,93.39741356324497,74.06,7.35,NONE
2026-02-16 12:30:00,FACILITY_D,Pharmaceuticals & Healthcare,"Flanders, Belgium",18416.63,534.37,39.26,25.46,95.46377440902542,74.5,7.24,NONE
2026-02-16 12:45:00,Facility_D,pharma,"Flanders, Belgium",22234.05,563.18,40.12,24.46,null,71.45,6.75,NONE
2026-02-16 13:00:00,Facility_B,Heavy Manufacturing,"Indiana, USA",25056.96,963.37,24.7,21.67,98.30082237124009,71.86,7.35,NONE
2026-02-16 13:15:00,Facility_D,Pharmaceuticals & Healthcare,"Flanders, Belgium",20489.7,598.77,40.65,26.84,87.91243317571374,67.64,7.68,NONE
2026-02-16 13:30:00,Facility_D,Pharmaceuticals & Healthcare,"Flanders, Belgium",16962.99,530.73,32.2,24.24,92.38218859620969,69.78,7.06,NONE
2026-02-16 13:45:00,Facility_A,Food & Beverage Processing,"Illinois, USA",19999.61,655.41,28.95,20.8,99.70224077609927,78.24,7.21,NONE
2026-02-16 14:00:00,Facility_E,Data Center Cooling,"Nuevo Leon, Mexico",18823.53,750.82,28.43,22.2,85.33828406744846,71.63,6.91,NONE
2026-02-16 14:15:00,Facility_C,Petrochem / Refining,"Maharashtra, India",19214.19,790.84,31.41,23.32,99.14173341432986,77.49,7.22,NONE
2026-02-16 14:30:00,facility_b,Heavy Manufacturing,"Indiana, USA",32883.16,739.46,25.09,23.87,88.60077739079578,82.06,7.4,NONE
2026-02-16 14:45:00, Facility_A ,Food & Beverage Processing,"Illinois, USA",17436.99,744.93,,23.31,89.63275146617126,67.54,7.96,NONE
2026-02-16 15:00:00,Facility_D,Pharmaceuticals & Healthcare,"Flanders, Belgium",15680.38,665.61,33.95,25.09,94.9893858882585,76.99,7.55,NONE
2026-02-16 15:15:00,Facility_A,Food & Beverage Processing,"Illinois, USA",15537.77,664.78,25.75,23.83,89.26529813720248,65.09,7.28,NONE
2026-02-16 15:30:00,Facility_B,Heavy Mfg.,"Indiana, USA",18953.34,861.73,23.22,21.81,86.20266888589536,81.43,6.94,NONE
2026-02-16 15:45:00,Facility_A,food & beverage,"Illinois, USA",18421.59,585.25,27.99,26.33,94.45192555284912,70.74,7.34,NONE
2026-02-16 16:00:00,Facility_A,Food & Beverage Processing,"Illinois, USA",17967.23,706.41,34.62,22.44,94.20397271656033,75.06,7.26,NONE
2026-02-16 16:15:00,Facility_D,Pharmaceuticals & Healthcare,"Flanders, Belgium",17065.9,539.12,40.44,24.32,89.8590581399409,72.83,7.14,NONE
2026-02-16 16:30:00,Facility_E,DATA_CENTER_COOLING,"Nuevo Leon, Mexico",23125.48,714.66,37.74,23.2,97.28238865351432,69.43,7.35,NONE
2026-02-16 16:45:00,Facility_E,Data Center Cooling,"Nuevo Leon, Mexico",22660.15,672.5,28.59,24.61,92.45215997464484,70.17,7.85,NONE
2026-02-16 17:00:00,Facility_C,Refinery & Petrochemicals,"Maharashtra, India",16179.75,789.11,32.53,20.95,95.87330266465042,73.08,7.46,NONE
2026-02-16 17:15:00,Facility_B,Heavy Mfg.,"Indiana, USA",18810.78,882.26,25.47,-20.19,99.53116657531896,76.7,7.41,SENSOR_TEMP_SPIKE
2026-02-16 17:30:00,Facility_B,Heavy Manufacturing,"Indiana, USA",23318.45,825.3,25.65,21.63,89.47534826925043,69.63,7.6,NONE
2026-02-16 17:45:00,Facility_C,Refinery & Petrochemicals,"Maharashtra, India",19577.24,737.92,31.18,21.78,88.11168063050538,74.57,7.61,NONE
2026-02-16 18:00:00,Facility_A,Food & Beverage Processing,"Illinois, USA",24734.4,634.34,35.3,21.23,89.88893987183675,68.92,7.39,NONE
2026-02-16 18:15:00,Facility_D,Pharmaceuticals & Healthcare,"Flanders, Belgium",16628.18,534.47,35.65,21.18,90.89972943136273,63.07,7.37,NONE
2026-02-16 18:30:00,Facility_C,Refinery & Petrochemicals,"Maharashtra, India",18979.89,715.05,37.01,25.05,93.57545546506971,79.99,7.98,NONE
2026-02-16 18:45:00,Facility_D,Pharmaceuticals & Healthcare,"Flanders, Belgium",24403.27,501.39,,21.78,93.91188864403149,81.14,7.53,CHEMICAL_DOSING_BREACH
2026-02-16 19:00:00,Facility_E,Data Center Cooling,"Nuevo Leon, Mexico",20993.66,638.31,28.56,20.5,88.21769237261641,69.74,7.47,NONE
2026-02-16 19:15:00,Facility_C,Refinery & Petrochemicals,"Maharashtra, India",19739.99,784.51,39.66,24.31,94.15402029462489,74.3,7.39,NONE
2026-02-16 19:30:00,Facility_C,Refinery & Petrochemicals,"Maharashtra, India",18493.43,608.05,,23.52,89.6077521733534,80.43,7.18,NONE
2026-02-16 19:45:00,Facility_A,Food & Beverage Processing,"Illinois, USA",19013.89,785.98,32.42,25.32,92.37327520306307,81.61,7.13,NONE
2026-02-16 20:00:00,Facility_A_Line1,FOOD & BEV,"Illinois, USA",22308.76,551.5,26.88,23.57,ERROR_SENSOR,73.66,7.36,NONE
2026-02-16 20:15:00,Facility_B,heavy mfg,"Indiana, USA",22104.39,746.26,29.47,21.97,97.79130834867574,73.14,7.55,NONE
2026-02-16 20:30:00,Facility_A,Food & Beverage Processing,"Illinois, USA",20286.68,670.14,23.18,25.46,90.36749095456915,72.18,7.31,NONE
2026-02-16 20:45:00,Facility_E,Data Center Cooling,"Nuevo Leon, Mexico",20970.84,822.15,28.52,23.26,96.75905906094404,76.7,7.14,NONE
2026-02-16 21:00:00,Facility_B,Heavy Manufacturing,"Indiana, USA",22239.78,770.81,28.29,21.43,93.79040975091989,73.42,6.64,NONE
2026-02-16 21:15:00,Facility_D,Pharmaceuticals & Healthcare,"Flanders, Belgium",15560.34,404.8,36.06,25.8,87.44989454263039,68.05,7.3,NONE
2026-02-16 21:30:00,Facility_C,Refinery & Petrochemicals,"Maharashtra, India",16423.73,693.96,37.77,23.17,88.74248036032645,64.61,7.97,NONE
2026-02-16 21:45:00,Facility_B,Heavy Manufacturing,"Indiana, USA",29281.89,802.06,28.87,23.4,95.133461538532,70.16,7.2,NONE
2026-02-16 22:00:00,Facility_D,Pharmaceuticals & Healthcare,"Flanders, Belgium",19741.96,651.72,40.61,26.72,92.50026451996423,71.2,6.81,NONE
2026-02-16 22:15:00,Facility_B,Heavy Manufacturing,"Indiana, USA",26013.44,871.84,27.24,23.33,97.47889100749802,76.84,7.72,NONE
2026-02-16 22:30:00,Facility_D,Pharmaceuticals & Healthcare,"Flanders, Belgium",16576.99,528.7,42.55,24.88,91.67886684262862,71.75,7.35,NONE
2026-02-16 22:45:00,Facility_D,Pharmaceuticals & Healthcare,"Flanders, Belgium",20971.91,559.87,40.82,26.06,90.68931507142088,70.04,7.22,NONE
2026-02-16 23:00:00,Facility_A,Food & Beverage Processing,"Illinois, USA",16172.82,676.34,37.86,25.41,91.04735146852015,82.62,7.09,NONE
2026-02-16 23:15:00,Fac_E_Cooling,Data Center Cooling,"Nuevo Leon, Mexico",18664.51,842.21,31.28,25.49,96.16210847996531,75.35,7.02,NONE
2026-02-16 23:30:00,Facility_E,Data Center Cooling,"Nuevo Leon, Mexico",15029.32,707.45,33.06,25.21,94.97231103471758,74.83,6.88,NONE
2026-02-16 23:45:00,Facility_C ,Refinery & Petrochemicals,"Maharashtra, India",17908.85,804.88,32.19,25.59,94.75359069471075,74.33,7.64,NONE
2026-02-17 00:00:00,antwerp_hub_d,Pharmaceuticals & Healthcare,"Flanders, Belgium",19580.83,514.61,35.49,26.54,97.78292824484494,71.87,6.86,NONE
2026-02-17 00:15:00,Facility_B_Unit2,heavy mfg,"Indiana, USA",,776.53,23.1,26.8,96.61317645378656,71.42,7.49,NONE
2026-02-17 00:30:00,pune_fac_c,Refinery & Petrochemicals,"Maharashtra, India",20367.61,838.52,32.42,25.0,90.3487900641325,77.56,7.54,NONE
2026-02-17 00:45:00,Facility_D,Pharmaceuticals & Healthcare,"Flanders, Belgium",16568.97,690.35,32.98,29.08,98.36292940545667,74.49,7.13,NONE
2026-02-17 01:00:00,Facility_D,Pharmaceuticals & Healthcare,"Flanders, Belgium",,554.09,42.04,25.38,87.61594869627912,75.63,7.51,NONE
2026-02-17 01:15:00,Facility_E,Hyperscale Cooling,"Nuevo Leon, Mexico",26082.9,646.33,27.93,29.88,93.88675893632875,73.12,7.57,NONE
2026-02-17 01:30:00,Facility_D,Pharmaceuticals & Healthcare,"Flanders, Belgium",17372.6,617.45,32.24,25.3,92.62451833948055,62.47,7.37,NONE
2026-02-17 01:45:00,Facility_C,Refinery & Petrochemicals,"Maharashtra, India",14912.73,798.94,36.28,28.15,94.89650773612189,74.92,7.27,NONE
2026-02-17 02:00:00,Facility_D,Pharmaceuticals & Healthcare,"Flanders, Belgium",22831.95,591.38,40.74,30.43,95.63807801293468,83.28,7.4,NONE
2026-02-17 02:15:00,Facility_D,Healthcare & Pharma,"Flanders, Belgium",18703.36,532.04,36.42,126.99,95.66707812160493,69.89,7.37,SENSOR_TEMP_SPIKE
2026-02-17 02:30:00,Facility_B,Heavy Mfg.,"Indiana, USA",23017.32,898.71,28.14,23.76,90.35327459013317,80.31,7.77,NONE
2026-02-17 02:45:00,Facility_E,data center,"Nuevo Leon, Mexico",22432.11,808.81,25.23,28.67,97.45317312147084,75.92,7.37,NONE
2026-02-17 03:00:00,Facility_E,Data Center Cooling,"Nuevo Leon, Mexico",20627.0,838.09,33.21,30.5,93.7120802114642,72.39,7.54,NONE
2026-02-17 03:15:00,facility_b,Heavy Manufacturing,"Indiana, USA",22379.81,764.86,22.41,31.73,91.19386680278609,75.82,7.31,NONE
2026-02-17 03:30:00,Facility_E,DATA_CENTER_COOLING,"Nuevo Leon, Mexico",267.55,1912.08,20.68,31.79,56.82790488397061,73.1,7.16,BROWNOUT_WATER_STALL
2026-02-17 03:45:00,FAC_A,Food & Beverage Processing,"Illinois, USA",19715.17,709.47,29.09,32.7,86.47773786862724,69.98,7.62,NONE
2026-02-17 04:00:00,Facility_C,Refinery & Petrochemicals,"Maharashtra, India",,752.17,45.08,25.56,97.00314378665072,74.39,7.21,NONE
2026-02-17 04:15:00,Facility_C,Refinery & Petrochemicals,"Maharashtra, India",20810.1,746.68,30.93,30.3,93.32658947808726,70.49,7.19,NONE
2026-02-17 04:30:00,Facility_E,Data Center Cooling,"Nuevo Leon, Mexico",20054.18,628.03,21.4,31.88,88.94393835729389,73.92,6.83,NONE
2026-02-17 04:45:00,Facility_A,Food & Beverage Processing,"Illinois, USA",110025.29,693.77,36.19,34.09,53.36801316826834,117.92,7.59,PRESSURE_BURST_SURGE
2026-02-17 05:00:00,Facility_C,Refinery & Petrochemicals,"Maharashtra, India",12214.07,798.95,40.92,32.7,89.34061043003094,71.55,7.55,NONE
2026-02-17 05:15:00,Facility_D,Pharmaceuticals & Healthcare,"Flanders, Belgium",17310.34,575.0,34.49,28.46,90.63160431549838,78.3,7.35,NONE
2026-02-17 05:30:00,Facility_A,Food & Beverage Processing,"Illinois, USA",22203.03,750.11,38.25,31.94,95.92989065678945,73.46,8.19,NONE
2026-02-17 05:45:00,Facility_A,Food & Beverage Processing,"Illinois, USA",19523.51,572.29,32.63,28.72,96.75446886912516,77.27,7.3,NONE
2026-02-17 06:00:00,Facility_C,Refinery & Petrochemicals,"Maharashtra, India",16821.04,788.38,32.81,31.92,95.27925028562575,87.21,7.23,NONE
2026-02-17 06:15:00,Facility_D,Pharmaceuticals & Healthcare,"Flanders, Belgium",18037.42,560.19,37.03,32.34,92.61569393580118,82.88,7.51,NONE
2026-02-17 06:30:00,Facility_E,Data Center Cooling,"Nuevo Leon, Mexico",19870.12,694.41,32.87,30.52,93.52899217202162,71.31,7.33,NONE
2026-02-17 06:45:00,Facility_C,Refinery & Petrochemicals,"Maharashtra, India",17383.45,882.8,38.51,30.11,92.89370213423126,74.41,7.35,NONE
2026-02-17 07:00:00,Facility_E,Data Center Cooling,"Nuevo Leon, Mexico",18677.04,607.44,25.15,30.13,91.13893376730402,77.69,7.29,NONE
2026-02-17 07:15:00,Facility_C,Refinery & Petrochemicals,"Maharashtra, India",23059.85,733.37,36.09,29.77,94.90728978475143,78.8,7.52,NONE
2026-02-17 07:30:00,Facility_E,Data Center Cooling,"Nuevo Leon, Mexico",15958.02,787.49,24.25,29.64,95.70585339787948,68.96,7.67,NONE
2026-02-17 07:45:00,facility_e,Data Center Cooling,"Nuevo Leon, Mexico",20205.23,912.82,28.79,33.16,97.33257351850723,71.25,6.99,NONE
2026-02-17 08:00:00,Facility_B,Heavy Manufacturing,"Indiana, USA",26141.65,791.06,35.13,29.52,92.53870733273992,67.72,7.47,NONE
2026-02-17 08:15:00,Facility_D,Pharmaceuticals & Healthcare,"Flanders, Belgium",16081.37,594.17,,28.48,96.56105577925668,72.76,6.94,NONE
2026-02-17 08:30:00,Facility_D,Pharmaceuticals & Healthcare,"Flanders, Belgium",22190.15,516.45,39.63,30.44,94.7453909565579,75.67,7.08,NONE
2026-02-17 08:45:00,FACILITY_C,Refinery & Petrochemicals,"Maharashtra, India",22648.16,851.3,153.65,27.11,90.36922279790261,76.96,6.79,CHEMICAL_DOSING_BREACH
2026-02-17 09:00:00,Facility_E,Data Center Cooling,"Nuevo Leon, Mexico",,3325.18,24.85,26.79,45.57454267307866,79.02,7.45,BROWNOUT_WATER_STALL
2026-02-17 09:15:00,Facility_B,Heavy Manufacturing,"Indiana, USA",27206.9,727.82,36.51,31.46,93.6590660625706,74.7,7.43,NONE
2026-02-17 09:30:00,Facility_E,Data Center Cooling,"Nuevo Leon, Mexico",19148.66,833.62,32.74,28.78,95.65163932678283,78.7,7.41,NONE
2026-02-17 09:45:00,Facility_A,Food & Beverage Processing,"Illinois, USA",,761.9,31.74,26.75,96.8115912511554,75.07,7.29,NONE
2026-02-17 10:00:00,Facility_C,Refinery & Petrochemicals,"Maharashtra, India",23508.27,734.64,31.54,28.78,93.00364751080947,71.49,7.74,NONE
2026-02-17 10:15:00,Facility_A,Food & Beverage Processing,"Illinois, USA",16668.86,735.09,31.87,28.25,97.19719131715324,83.24,7.35,NONE
2026-02-17 10:30:00,Fac_D,Pharmaceuticals & Healthcare,"Flanders, Belgium",20714.1,571.32,37.83,28.84,94.03926465702916,69.9,7.72,NONE
2026-02-17 10:45:00,Facility_C,Refinery & Petrochemicals,"Maharashtra, India",19842.45,773.37,32.87,28.31,92.72190378310655,74.82,7.3,NONE
2026-02-17 11:00:00,Facility_C,Refinery & Petrochemicals,"Maharashtra, India",16949.42,902.13,31.54,26.13,95.67013127560011,75.39,7.54,NONE
2026-02-17 11:15:00,Facility_C ,Refinery & Petrochemicals,"Maharashtra, India",19963.71,718.49,38.31,26.12,96.87208255421693,69.51,7.13,NONE
2026-02-17 11:30:00,Facility_E,Data Center Cooling,"Nuevo Leon, Mexico",19163.46,773.27,28.28,27.23,93.12260383561605,73.76,7.22,NONE
2026-02-17 11:45:00,FACILITY_B,Heavy Manufacturing,"Indiana, USA",21113.67,722.81,25.13,26.18,98.18666339151562,69.41,7.04,NONE
2026-02-17 12:00:00,facility_b,heavy mfg,"Indiana, USA",20156.2,882.1,27.6,24.17,N/A,71.38,7.71,NONE
2026-02-17 12:15:00,Facility_E,Data Center Cooling,"Nuevo Leon, Mexico",19402.29,877.36,29.22,25.53,92.67771625087838,75.32,7.27,NONE
2026-02-17 12:30:00,FACILITY_C,Refinery & Petrochemicals,"Maharashtra, India",,826.02,39.66,27.83,92.98712571897572,78.91,7.44,NONE
2026-02-17 12:45:00,Facility_B,Heavy Manufacturing,"Indiana, USA",24884.16,792.87,32.37,22.69,97.94399267855549,74.57,7.18,NONE
2026-02-17 13:00:00,Facility_D,Pharmaceuticals & Healthcare,"Flanders, Belgium",17113.23,543.78,40.46,26.03,92.0312864278105,71.57,7.44,NONE
2026-02-17 13:15:00,Facility_D,Pharmaceuticals & Healthcare,"Flanders, Belgium",24882.0,724.53,41.92,23.82,95.91302699569935,70.65,7.29,NONE
2026-02-17 13:30:00,Facility_B_Unit2,Heavy Manufacturing,"Indiana, USA",30016.38,819.5,27.31,24.06,90.88525909476591,72.82,7.56,NONE
2026-02-17 13:45:00,Facility_B_Unit2,Mfg Heavy,"Indiana, USA",27884.79,864.68,33.44,21.63,93.66823730042488,70.81,7.91,NONE
2026-02-17 14:00:00,Facility_D,Pharmaceuticals & Healthcare,"Flanders, Belgium",,611.2,41.69,23.83,96.4748320111867,78.69,7.57,NONE
2026-02-17 14:15:00,Facility_C,Refinery & Petrochemicals,"Maharashtra, India",17647.32,665.84,44.48,23.75,96.71390771382991,71.91,7.94,NONE
2026-02-17 14:30:00,Facility_B,Heavy Manufacturing,"Indiana, USA",,848.45,38.25,21.19,97.35980012066229,73.89,7.55,NONE
2026-02-17 14:45:00,Facility_C,Refinery & Petrochemicals,"Maharashtra, India",,904.12,32.09,23.93,96.49335876103343,70.31,7.39,NONE
2026-02-17 15:00:00,Facility_C,Refinery & Petrochemicals,"Maharashtra, India",16510.96,745.77,46.52,26.09,95.6317499831729,75.66,6.91,NONE
2026-02-17 15:15:00,Facility_B,Heavy Manufacturing,"Indiana, USA",25211.72,917.47,26.64,24.14,90.28912563678203,69.1,7.99,NONE
2026-02-17 15:30:00,Facility_A,Food & Beverage Processing,"Illinois, USA",24184.6,706.9,28.23,21.63,94.78518823261427,82.71,7.15,NONE
2026-02-17 15:45:00,Facility_C,Refinery & Petrochemicals,"Maharashtra, India",19276.93,788.56,42.5,23.68,89.03248329603832,77.39,7.4,NONE
2026-02-17 16:00:00,Facility_C,Refinery & Petrochemicals,"Maharashtra, India",16867.91,859.37,34.19,23.64,93.96235518999998,72.66,7.12,NONE
2026-02-17 16:15:00,Fac_E_Cooling,Data Center Cooling,"Nuevo Leon, Mexico",22516.82,658.48,32.4,21.38,89.77248943745053,80.31,7.38,NONE
2026-02-17 16:30:00,Facility_D,Pharmaceuticals & Healthcare,"Flanders, Belgium",14441.65,568.27,40.07,23.95,91.02390477665816,71.16,7.4,NONE
2026-02-17 16:45:00,Facility_E,Data Center Cooling,"Nuevo Leon, Mexico",23729.54,651.36,23.22,25.18,97.39646109595483,69.76,7.24,NONE
2026-02-17 17:00:00,Facility_B,Heavy Manufacturing,"Indiana, USA",32313.57,913.94,28.29,24.69,91.95605246533029,74.71,7.26,NONE
2026-02-17 17:15:00,Facility_A,Food & Beverage Processing,"Illinois, USA",20898.73,763.06,32.44,23.48,97.13759639285125,76.1,7.41,NONE
2026-02-17 17:30:00,Facility_D,Pharmaceuticals & Healthcare,"Flanders, Belgium",19677.52,637.98,33.62,23.28,87.4616595271052,72.73,7.88,NONE
2026-02-17 17:45:00,pune_fac_c,Refinery & Petrochemicals,"Maharashtra, India",17041.33,650.24,31.53,23.79,93.0792794337456,69.47,7.69,NONE
2026-02-17 18:00:00,Facility_E,data center,"Nuevo Leon, Mexico",22181.84,663.25,27.57,26.34,92.50923248181873,66.38,7.48,NONE
2026-02-17 18:15:00,Facility_A,F&B Processing,"Illinois, USA",20147.46,808.02,29.85,23.3,94.28894113191335,73.97,7.44,NONE
2026-02-17 18:30:00,Facility_B,Heavy Manufacturing,"Indiana, USA",27652.98,886.23,32.36,18.43,88.7143772459504,74.96,7.38,NONE
2026-02-17 18:45:00,Facility_C,Refinery & Petrochemicals,"Maharashtra, India",16529.96,750.98,32.03,23.63,90.64688199935357,74.97,7.64,NONE
2026-02-17 19:00:00,Facility_C,Refinery & Petrochemicals,"Maharashtra, India",16859.32,672.84,,21.07,93.62905295274079,66.34,7.8,NONE
2026-02-17 19:15:00,Facility_D,Pharmaceuticals & Healthcare,"Flanders, Belgium",15897.05,492.23,37.76,22.49,null,72.77,7.27,NONE
2026-02-17 19:30:00,Facility_C ,Refinery & Petrochemicals,"Maharashtra, India",20290.19,850.62,27.33,22.92,100.0,71.19,7.39,NONE
2026-02-17 19:45:00,FAC-B,Heavy Manufacturing,"Indiana, USA",28945.81,880.85,24.09,22.79,89.53232543506873,69.19,7.66,NONE
2026-02-17 20:00:00,Facility_C,REFINERY_PETRO,"Maharashtra, India",20761.35,915.77,39.38,22.78,90.25466164434235,80.29,7.53,NONE
2026-02-17 20:15:00,Facility_C,Refinery & Petrochemicals,"Maharashtra, India",20633.94,821.54,40.48,20.43,89.61556813936527,70.08,7.45,NONE
2026-02-17 20:30:00,Fac_E_Cooling,DATA_CENTER_COOLING,"Nuevo Leon, Mexico",19942.16,834.62,28.43,27.5,98.98381253965842,74.63,6.97,NONE
2026-02-17 20:45:00,Fac_E_Cooling,Hyperscale Cooling,"Nuevo Leon, Mexico",22844.63,666.5,24.41,22.78,92.17856395918453,76.49,7.44,NONE
2026-02-17 21:00:00,Facility_B,Heavy Manufacturing,"Indiana, USA",22666.68,815.16,22.79,24.39,87.54743950796227,72.94,7.17,NONE
2026-02-17 21:15:00,Facility_D,Pharmaceuticals & Healthcare,"Flanders, Belgium",19944.29,522.97,33.93,24.58,94.93870232175445,69.29,7.51,NONE
2026-02-17 21:30:00,Facility_E,Data Center Cooling,"Nuevo Leon, Mexico",27320.42,714.64,23.34,24.16,89.07840148348646,72.84,7.21,NONE
2026-02-17 21:45:00,Facility_C,Refinery & Petrochemicals,"Maharashtra, India",20391.01,640.53,28.87,24.96,95.23579589959388,64.34,7.78,NONE
2026-02-17 22:00:00,facility_c,Refinery & Petrochemicals,"Maharashtra, India",20805.32,724.82,35.9,20.95,95.75348704612449,70.19,7.25,NONE
2026-02-17 22:15:00,Facility_C,Refinery & Petrochemicals,"Maharashtra, India",18578.74,870.88,37.46,24.08,91.61434071726235,75.01,7.33,NONE
2026-02-17 22:30:00,Facility_E,Data Center Cooling,"Nuevo Leon, Mexico",20487.67,750.45,27.36,22.15,93.31584449562112,73.9,7.39,NONE
2026-02-17 22:45:00,Facility_B,Heavy Manufacturing,"Indiana, USA",22684.74,772.81,35.38,23.88,95.12948628233592,70.41,6.82,NONE
2026-02-17 23:00:00,Facility_A,Food & Beverage Processing,"Illinois, USA",19022.83,756.69,30.1,21.87,86.35352942795303,79.19,7.35,NONE
2026-02-17 23:15:00,Facility_B,Heavy Manufacturing,"Indiana, USA",27669.02,859.46,23.67,25.26,88.0695946554884,78.26,7.44,NONE
2026-02-17 23:30:00,facility_b,Heavy Manufacturing,"Indiana, USA",28082.13,948.42,,24.64,93.16123928295949,79.7,6.91,NONE
2026-02-17 23:45:00,Facility_D,Pharmaceuticals & Healthcare,"Flanders, Belgium",18765.45,614.8,,28.17,88.58787714226298,78.89,7.18,NONE
2026-02-18 00:00:00,pune_fac_c,Refinery & Petrochemicals,"Maharashtra, India",14093.58,751.61,31.98,26.2,88.63626174240416,73.45,7.19,NONE
2026-02-18 00:15:00,Facility_E,Data Center Cooling,"Nuevo Leon, Mexico",26133.42,763.03,29.46,26.35,97.4920730390704,76.18,7.77,NONE
2026-02-18 00:30:00,Facility_A,Food & Beverage Processing,"Illinois, USA",21700.07,685.54,34.56,28.49,96.52313011294169,75.81,6.97,NONE
2026-02-18 00:45:00,Facility_E,Data Center Cooling,"Nuevo Leon, Mexico",21026.05,758.33,28.8,29.35,91.44158681219733,74.61,7.33,NONE
2026-02-18 01:00:00,Facility_D,Pharmaceuticals & Healthcare,"Flanders, Belgium",20254.38,672.0,40.11,28.54,90.23654034932487,67.05,7.42,NONE
2026-02-18 01:15:00,Facility_C,Petrochem / Refining,"Maharashtra, India",18405.63,812.77,32.93,-19.28,89.67223307323266,73.12,7.24,SENSOR_TEMP_SPIKE
2026-02-18 01:30:00,Facility_D,Pharmaceuticals & Healthcare,"Flanders, Belgium",17420.62,573.59,34.19,27.99,93.0848140210983,87.0,7.22,NONE
2026-02-18 01:45:00,Facility_A,Food & Beverage Processing,"Illinois, USA",19056.4,728.55,,30.15,99.64801518364891,70.4,7.47,NONE
2026-02-18 02:00:00,Facility_D,Pharmaceuticals & Healthcare,"Flanders, Belgium",18349.68,587.8,42.16,31.43,96.29885692902403,75.42,7.64,NONE
2026-02-18 02:15:00,Facility_D,Pharmaceuticals & Healthcare,"Flanders, Belgium",16828.99,527.7,38.21,30.82,92.554020693732,73.14,6.79,NONE
2026-02-18 02:30:00,Facility_B,Heavy Manufacturing,"Indiana, USA",33181.35,820.69,16.99,29.24,95.01320250897538,72.97,7.1,NONE
2026-02-18 02:45:00,Facility_E,Data Center Cooling,"Nuevo Leon, Mexico",23373.29,808.74,30.71,27.76,91.55198641242133,72.42,7.23,NONE
2026-02-18 03:00:00,Facility_E,Data Center Cooling,"Nuevo Leon, Mexico",22683.45,720.39,24.51,30.09,100.0,70.46,7.15,NONE
2026-02-18 03:15:00,Facility_B,Heavy Manufacturing,"Indiana, USA",25411.28,903.53,30.88,29.29,92.1045140724845,83.45,7.67,NONE
2026-02-18 03:30:00,Facility_E,data center,"Nuevo Leon, Mexico",25493.6,802.72,28.11,30.39,99.28128615610856,76.31,6.87,NONE
2026-02-18 03:45:00,Facility_C,Refinery & Petrochemicals,"Maharashtra, India",21995.22,893.31,40.7,27.41,94.73801992094573,78.61,7.35,NONE
2026-02-18 04:00:00,Facility_B,Heavy Manufacturing,"Indiana, USA",26969.07,887.04,25.03,135.33,90.3459721137501,73.54,7.19,SENSOR_TEMP_SPIKE
2026-02-18 04:15:00,Facility_E,data center,"Nuevo Leon, Mexico",23316.5,771.14,30.33,33.7,97.7378547596611,69.67,7.2,NONE
2026-02-18 04:30:00,FACILITY_A,Food & Beverage Processing,"Illinois, USA",18780.73,695.72,28.03,31.25,93.30460788928298,74.98,6.87,NONE
2026-02-18 04:45:00,Facility_B_Unit2,Heavy Mfg.,"Indiana, USA",20922.38,794.54,31.05,31.15,--,70.85,7.54,NONE
2026-02-18 05:00:00,Facility_E,Data Center Cooling,"Nuevo Leon, Mexico",24974.53,819.5,238.45,32.36,94.54414626991182,76.04,8.05,CHEMICAL_DOSING_BREACH
2026-02-18 05:15:00,Facility_D,Pharmaceuticals & Healthcare,"Flanders, Belgium",165.0,3132.95,39.03,29.64,51.21156624249093,72.64,6.77,BROWNOUT_WATER_STALL
2026-02-18 05:30:00,Facility_D,Pharmaceuticals & Healthcare,"Flanders, Belgium",19273.98,739.85,33.4,29.9,ERROR_SENSOR,71.82,7.48,NONE
2026-02-18 05:45:00,Facility_C,Refinery & Petrochemicals,"Maharashtra, India",23065.13,703.07,34.2,29.62,88.64273483850499,81.06,7.19,NONE
2026-02-18 06:00:00,Facility_E,Data Center Cooling,"Nuevo Leon, Mexico",18881.35,716.67,32.4,30.7,90.96666782262284,75.84,7.58,NONE
2026-02-18 06:15:00,Facility_B,Heavy Manufacturing,"Indiana, USA",25716.45,820.28,32.77,30.17,98.64621282012807,70.59,7.13,NONE
2026-02-18 06:30:00,Facility_D,Pharmaceuticals & Healthcare,"Flanders, Belgium",16688.82,555.41,37.51,28.08,93.8096232573254,76.54,6.94,NONE
2026-02-18 06:45:00,Facility_E,Data Center Cooling,"Nuevo Leon, Mexico",19780.39,792.56,23.92,29.85,96.98218742058815,82.08,7.47,NONE
2026-02-18 07:00:00,FACILITY_B,Heavy Manufacturing,"Indiana, USA",25266.19,797.88,32.33,32.4,89.79940544922353,78.1,7.18,NONE
2026-02-18 07:15:00,Facility_A,Food & Beverage Processing,"Illinois, USA",17276.09,702.05,35.66,30.84,94.40346132733062,75.59,7.48,NONE
2026-02-18 07:30:00,Facility_D,Pharmaceuticals & Healthcare,"Flanders, Belgium",18462.58,604.95,34.73,31.37,96.24235311306876,77.15,7.56,NONE
2026-02-18 07:45:00,Facility_E,Data Center Cooling,"Nuevo Leon, Mexico",22277.04,838.01,18.96,31.62,99.82146408690521,71.2,7.14,NONE
2026-02-18 08:00:00,Facility_C,Refinery & Petrochemicals,"Maharashtra, India",21733.1,704.99,32.7,30.27,90.9433561275102,77.94,7.13,NONE
2026-02-18 08:15:00,FACILITY_C,Refinery & Petrochemicals,"Maharashtra, India",19641.76,799.1,42.49,31.92,91.80551186734832,68.31,7.58,NONE
2026-02-18 08:30:00,Facility_A,Food & Beverage Processing,"Illinois, USA",17752.65,689.07,27.05,30.9,91.43122202739997,73.84,7.34,NONE
2026-02-18 08:45:00,Fac_E_Cooling,Data Center Cooling,"Nuevo Leon, Mexico",21564.78,799.62,27.48,28.17,87.54945717198257,74.46,7.31,NONE
2026-02-18 09:00:00,Facility_B,Heavy Manufacturing,"Indiana, USA",23591.23,845.25,32.1,31.33,88.58756026104194,72.38,7.62,NONE
2026-02-18 09:15:00,FACILITY_A,Food & Beverage Processing,"Illinois, USA",22952.34,654.73,37.29,26.71,97.17451060198383,72.73,7.79,NONE
2026-02-18 09:30:00,facility_c,Refinery & Petrochemicals,"Maharashtra, India",17778.64,752.92,34.94,26.17,87.86008745357229,76.3,7.63,NONE
2026-02-18 09:45:00,Facility_B,Heavy Manufacturing,"Indiana, USA",27670.33,734.67,30.52,26.94,94.80448866631573,79.09,7.45,NONE
2026-02-18 10:00:00,Facility_A,Food & Beverage Processing,"Illinois, USA",22657.6,702.31,30.59,28.62,89.20354853184402,72.19,7.26,NONE
2026-02-18 10:15:00,Facility_D,pharma,"Flanders, Belgium",18081.06,584.27,,26.21,97.1226227092431,64.97,7.52,NONE
2026-02-18 10:30:00,FAC-B,Heavy Manufacturing,"Indiana, USA",24633.91,853.45,35.04,27.79,,74.26,7.32,NONE
2026-02-18 10:45:00,Facility_A,Food & Beverage Processing,"Illinois, USA",18724.0,762.99,28.43,25.75,93.73831991497948,74.87,6.84,NONE
2026-02-18 11:00:00,Facility_B,Heavy Manufacturing,"Indiana, USA",25757.54,736.94,31.13,24.29,99.66024265556189,72.48,7.11,NONE
2026-02-18 11:15:00,Facility_E,Data Center Cooling,"Nuevo Leon, Mexico",20383.51,791.72,32.24,26.79,88.896190672601,68.54,7.43,NONE
2026-02-18 11:30:00,Facility_D,Healthcare & Pharma,"Flanders, Belgium",105879.31,632.58,,28.76,51.983236129287704,140.17,7.61,PRESSURE_BURST_SURGE
2026-02-18 11:45:00,Facility_E,Data Center Cooling,"Nuevo Leon, Mexico",19057.8,672.55,30.27,26.37,95.68762168728445,73.57,7.48,NONE
2026-02-18 12:00:00,monterrey_e,Data Center Cooling,"Nuevo Leon, Mexico",22660.04,797.62,25.38,30.85,94.31241407109826,76.84,7.37,NONE
2026-02-18 12:15:00,Facility_A,Food & Beverage Processing,"Illinois, USA",253.49,1827.57,32.63,27.84,60.78957772581971,72.5,7.42,BROWNOUT_WATER_STALL
2026-02-18 12:30:00,Facility_A,F&B Processing,"Illinois, USA",22326.77,729.42,37.85,28.15,96.44975811696928,77.55,7.99,NONE
2026-02-18 12:45:00,Facility_A,food & beverage,"Illinois, USA",21751.67,652.44,32.53,25.24,100.0,79.63,7.92,NONE
2026-02-18 13:00:00,Facility_E,Data Center Cooling,"Nuevo Leon, Mexico",19175.69,832.63,22.77,22.6,92.2297403760829,80.81,7.07,NONE
2026-02-18 13:15:00,Facility_A,Food & Beverage Processing,"Illinois, USA",19224.14,797.76,35.05,29.2,93.51079037507155,72.01,7.04,NONE
2026-02-18 13:30:00,Facility_E,Hyperscale Cooling,"Nuevo Leon, Mexico",20168.22,667.23,20.95,-38.98,93.65650175768126,85.66,7.11,SENSOR_TEMP_SPIKE
2026-02-18 13:45:00,Facility_B,Heavy Manufacturing,"Indiana, USA",24462.92,913.38,30.88,-43.59,97.79526909488621,78.98,7.07,SENSOR_TEMP_SPIKE
2026-02-18 14:00:00,Facility_C,Refinery & Petrochemicals,"Maharashtra, India",27249.07,837.02,35.95,25.71,91.57003502588526,75.18,7.62,NONE
2026-02-18 14:15:00,Facility_E,Data Center Cooling,"Nuevo Leon, Mexico",21026.58,693.26,28.17,-35.43,89.15719225705313,71.43,6.96,SENSOR_TEMP_SPIKE
2026-02-18 14:30:00,Facility_E,Data Center Cooling,"Nuevo Leon, Mexico",23514.14,861.69,22.05,26.91,89.89489864652626,77.36,7.42,NONE
2026-02-18 14:45:00,Facility_E,Data Center Cooling,"Nuevo Leon, Mexico",22709.98,662.57,20.89,22.42,94.8659796798741,82.81,7.06,NONE
2026-02-18 15:00:00,Facility_A,Food & Beverage Processing,"Illinois, USA",19034.53,659.59,31.43,20.2,98.29373867324769,74.11,7.61,NONE
2026-02-18 15:15:00,Facility_C,Refinery & Petrochemicals,"Maharashtra, India",18302.4,791.81,40.24,23.73,94.03666023716946,70.43,7.2,NONE
2026-02-18 15:30:00,Facility_E,Data Center Cooling,"Nuevo Leon, Mexico",18535.55,694.65,33.76,26.58,89.50872036918595,75.78,7.26,NONE
2026-02-18 15:45:00,Facility_E,DATA_CENTER_COOLING,"Nuevo Leon, Mexico",24637.12,760.11,28.47,21.83,88.59830387490427,77.42,7.45,NONE
2026-02-18 16:00:00,Facility_A,Food & Beverage Processing,"Illinois, USA",,670.27,30.89,24.46,96.64276041513956,68.7,7.17,NONE
2026-02-18 16:15:00,pune_fac_c,REFINERY_PETRO,"Maharashtra, India",106388.52,792.64,39.21,22.41,44.495993125322414,137.84,8.0,PRESSURE_BURST_SURGE
2026-02-18 16:30:00,Facility_D,Pharmaceuticals & Healthcare,"Flanders, Belgium",18593.68,563.02,33.66,21.77,91.24034548186037,66.05,6.77,NONE
2026-02-18 16:45:00,Facility_D,Pharmaceuticals & Healthcare,"Flanders, Belgium",18198.77,490.42,40.24,22.31,88.39379673658367,80.86,7.23,NONE
2026-02-18 17:00:00,Facility_C,Refinery & Petrochemicals,"Maharashtra, India",,904.75,35.36,22.66,98.10198254882592,72.68,7.65,NONE
2026-02-18 17:15:00,Facility_A,Food & Beverage Processing,"Illinois, USA",19091.78,725.14,32.16,21.91,91.78866319558226,71.06,6.99,NONE
2026-02-18 17:30:00,Facility_C,Refinery & Petrochemicals,"Maharashtra, India",17818.04,756.38,37.21,22.37,96.9476667571922,78.65,7.73,NONE
2026-02-18 17:45:00,Facility_A,Food & Beverage Processing,"Illinois, USA",18795.28,676.57,,24.86,89.80571162706626,69.95,7.41,NONE
2026-02-18 18:00:00,facility_e,Data Center Cooling,"Nuevo Leon, Mexico",20317.98,858.55,25.28,22.55,87.57124924261767,79.54,6.88,NONE
2026-02-18 18:15:00,Facility_D,pharma,"Flanders, Belgium",24307.1,562.32,36.29,22.45,90.06309130344954,76.96,7.24,NONE
2026-02-18 18:30:00,Facility_B,Heavy Manufacturing,"Indiana, USA",24822.43,947.95,21.28,22.18,93.14991887599781,74.62,7.19,NONE
2026-02-18 18:45:00,Facility_B_Unit2,Heavy Manufacturing,"Indiana, USA",24802.66,995.33,30.6,21.17,95.58695773820443,74.21,7.56,NONE
2026-02-18 19:00:00,Facility_D,Pharmaceuticals & Healthcare,"Flanders, Belgium",18260.78,523.04,30.49,24.71,95.68917296314542,75.61,7.53,NONE
2026-02-18 19:15:00,Facility_E,Data Center Cooling,"Nuevo Leon, Mexico",24231.31,623.77,28.85,19.45,92.23911843692343,75.48,7.25,NONE
2026-02-18 19:30:00, Facility_A ,FOOD & BEV,"Illinois, USA",23336.88,692.25,28.27,22.86,90.18507238892542,70.06,7.61,NONE
2026-02-18 19:45:00,Facility_E,Data Center Cooling,"Nuevo Leon, Mexico",23607.37,761.78,31.06,26.67,93.31320924235547,70.1,7.5,NONE
2026-02-18 20:00:00,Facility_E,Data Center Cooling,"Nuevo Leon, Mexico",23214.83,820.03,33.31,24.83,95.1641224704235,76.86,7.47,NONE
2026-02-18 20:15:00,Facility_A,Food & Beverage Processing,"Illinois, USA",15589.13,590.47,27.08,24.65,92.09948366788326,74.61,7.79,NONE
2026-02-18 20:30:00,Facility_B,Heavy Manufacturing,"Indiana, USA",29143.79,657.47,31.57,23.43,--,72.53,7.26,NONE
2026-02-18 20:45:00,facility_b,Heavy Manufacturing,"Indiana, USA",21730.69,860.54,37.64,25.32,87.01604232297574,75.31,7.43,NONE
2026-02-18 21:00:00,FAC-B,Heavy Manufacturing,"Indiana, USA",22711.01,738.29,32.27,23.86,91.97268846161244,76.71,7.94,NONE
2026-02-18 21:15:00,Facility_D,Pharmaceuticals & Healthcare,"Flanders, Belgium",19298.47,585.58,37.41,23.16,96.12117617946325,73.13,7.49,NONE
2026-02-18 21:30:00,Facility_C,Refinery & Petrochemicals,"Maharashtra, India",22217.26,834.87,30.15,21.67,97.51048214649545,73.5,7.42,NONE
2026-02-18 21:45:00,Facility_C,Refinery & Petrochemicals,"Maharashtra, India",17038.01,824.87,43.43,24.55,95.573178396018,79.6,7.82,NONE
2026-02-18 22:00:00,Facility_E,Data Center Cooling,"Nuevo Leon, Mexico",19380.09,781.02,33.86,27.3,92.14423990566588,70.98,7.31,NONE
2026-02-18 22:15:00,Facility_E,Data Center Cooling,"Nuevo Leon, Mexico",20287.85,729.1,30.23,23.76,98.48930176864882,72.18,7.18,NONE
2026-02-18 22:30:00,facility_c,REFINERY_PETRO,"Maharashtra, India",16184.04,874.69,30.07,25.79,95.72262375447804,60.88,6.98,NONE
2026-02-18 22:45:00,Facility_D,Pharmaceuticals & Healthcare,"Flanders, Belgium",17870.25,676.8,35.91,24.31,91.10051157422681,70.56,7.17,NONE
2026-02-18 23:00:00,Facility_B,Heavy Manufacturing,"Indiana, USA",23709.92,779.95,25.49,24.78,96.54259229248837,68.95,7.17,NONE
2026-02-18 23:15:00,Facility_E,Data Center Cooling,"Nuevo Leon, Mexico",19784.15,750.0,25.3,29.46,95.36628927621692,78.38,7.42,NONE
2026-02-18 23:30:00,Facility_C,Refinery & Petrochemicals,"Maharashtra, India",21999.77,688.18,33.16,24.51,92.95157372039867,81.13,7.97,NONE
2026-02-18 23:45:00,Facility_B,Heavy Manufacturing,"Indiana, USA",369.51,1833.08,33.2,28.91,51.91426577889383,73.4,7.32,BROWNOUT_WATER_STALL
2026-02-19 00:00:00,Facility_B,heavy mfg,"Indiana, USA",25570.95,768.0,38.37,21.18,99.32476400111926,78.2,7.14,NONE
2026-02-19 00:15:00,Facility_D,Pharmaceuticals & Healthcare,"Flanders, Belgium",22924.98,490.97,41.73,23.01,89.8331897824948,68.83,7.14,NONE
2026-02-19 00:30:00,Facility_A,Food & Beverage Processing,"Illinois, USA",19289.77,654.11,,27.86,93.65664295336794,75.84,7.4,CHEMICAL_DOSING_BREACH
2026-02-19 00:45:00,Facility_E,Data Center Cooling,"Nuevo Leon, Mexico",23516.12,744.34,32.75,25.88,91.20025478611566,80.19,7.73,NONE
2026-02-19 01:00:00,Facility_A,Food & Beverage Processing,"Illinois, USA",20589.24,649.61,27.43,29.93,,73.71,8.01,NONE
2026-02-19 01:15:00,Facility_C,Refinery & Petrochemicals,"Maharashtra, India",19863.77,690.97,34.34,127.08,93.77647563759716,79.63,7.08,SENSOR_TEMP_SPIKE
2026-02-19 01:30:00,Facility_A,F&B Processing,"Illinois, USA",18091.07,885.8,35.46,27.09,97.38113196410946,77.29,7.53,NONE
2026-02-19 01:45:00,Facility_E,Data Center Cooling,"Nuevo Leon, Mexico",20790.48,781.53,19.67,30.64,82.50460035306233,72.01,6.9,NONE
2026-02-19 02:00:00,FAC-B,Heavy Manufacturing,"Indiana, USA",24239.97,833.77,23.47,23.51,94.16261031725139,83.39,7.25,NONE
2026-02-19 02:15:00,Facility_A,Food & Beverage Processing,"Illinois, USA",21480.55,820.26,23.52,27.9,89.41556604259584,70.37,7.83,NONE
2026-02-19 02:30:00,Facility_D,Pharmaceuticals & Healthcare,"Flanders, Belgium",19221.45,613.88,37.32,95.48,95.66997023109985,79.64,7.44,SENSOR_TEMP_SPIKE
2026-02-19 02:45:00,Facility_C,Refinery & Petrochemicals,"Maharashtra, India",19932.05,681.06,38.47,31.56,94.79467351766866,65.91,7.81,NONE
2026-02-19 03:00:00,FACILITY_D,Pharmaceuticals & Healthcare,"Flanders, Belgium",16596.66,591.07,41.5,31.27,87.73981820230449,74.53,7.36,NONE
2026-02-19 03:15:00,Facility_E,Data Center Cooling,"Nuevo Leon, Mexico",24743.62,784.4,34.58,30.48,93.2626681454041,74.87,7.78,NONE
2026-02-19 03:30:00,Facility_D,Pharmaceuticals & Healthcare,"Flanders, Belgium",15805.73,620.55,34.86,28.16,96.77496437317176,70.03,7.46,NONE
2026-02-19 03:45:00,Facility_E,Data Center Cooling,"Nuevo Leon, Mexico",19862.0,573.23,30.51,30.05,87.38774235387258,70.86,6.84,NONE
2026-02-19 04:00:00,Facility_A,Food & Beverage Processing,"Illinois, USA",20954.35,811.96,35.07,31.74,91.84294270186619,76.46,7.35,NONE
2026-02-19 04:15:00,facility_e,Data Center Cooling,"Nuevo Leon, Mexico",21569.22,821.81,33.44,29.39,88.99553660366385,73.16,7.29,NONE
2026-02-19 04:30:00,Facility_D,Pharmaceuticals & Healthcare,"Flanders, Belgium",19358.29,616.4,29.46,28.99,90.4155577941842,79.63,7.29,NONE
2026-02-19 04:45:00,Facility_D,Healthcare & Pharma,"Flanders, Belgium",17566.92,599.63,35.01,30.26,99.30502784035849,82.04,7.24,NONE
2026-02-19 05:00:00,Fac_D,Pharmaceuticals & Healthcare,"Flanders, Belgium",18309.36,533.78,29.41,32.23,100.0,72.0,7.12,NONE
2026-02-19 05:15:00,Facility_B,Heavy Manufacturing,"Indiana, USA",24945.59,847.14,23.73,29.6,96.74767121260166,74.57,7.71,NONE
2026-02-19 05:30:00,Facility_A,F&B Processing,"Illinois, USA",20106.18,635.36,29.08,30.91,89.90771431692446,68.36,7.02,NONE
2026-02-19 05:45:00,Facility_E,Data Center Cooling,"Nuevo Leon, Mexico",22406.02,722.53,33.47,28.88,85.63631914254769,73.41,7.81,NONE
2026-02-19 06:00:00,Facility_D,Pharmaceuticals & Healthcare,"Flanders, Belgium",18796.65,490.93,30.68,32.66,90.91620233138589,80.94,7.53,NONE
2026-02-19 06:15:00,Facility_D,Pharmaceuticals & Healthcare,"Flanders, Belgium",16990.33,635.41,33.62,27.89,90.72641474129777,77.46,7.67,NONE
2026-02-19 06:30:00,Facility_C,Refinery & Petrochemicals,"Maharashtra, India",17932.28,631.83,28.96,28.54,89.3592099863996,75.19,7.89,NONE
2026-02-19 06:45:00,Facility_B_Unit2,Heavy Manufacturing,"Indiana, USA",28252.77,745.23,25.58,29.52,94.74548533437788,81.07,7.22,NONE
2026-02-19 07:00:00,Facility_A_Line1,Food & Beverage Processing,"Illinois, USA",22819.98,863.01,30.03,29.69,92.34601802434842,74.28,7.25,NONE
2026-02-19 07:15:00,Facility_B,Heavy Manufacturing,"Indiana, USA",28526.35,709.9,26.25,30.88,96.28427042291364,83.88,6.99,NONE
2026-02-19 07:30:00,Facility_E,Data Center Cooling,"Nuevo Leon, Mexico",19449.03,580.02,23.84,27.01,91.83184833579415,72.97,7.48,NONE
2026-02-19 07:45:00,Facility_A,Food & Beverage Processing,"Illinois, USA",,746.51,,28.23,88.1039241413092,76.63,7.81,NONE
2026-02-19 08:00:00,Facility_A,Food & Beverage Processing,"Illinois, USA",25123.69,779.7,37.62,30.79,94.46643003388867,74.5,7.32,NONE
2026-02-19 08:15:00,Facility_D,Pharmaceuticals & Healthcare,"Flanders, Belgium",20082.66,539.38,36.88,27.71,95.01976534100771,69.68,7.36,NONE
2026-02-19 08:30:00,Facility_E,Data Center Cooling,"Nuevo Leon, Mexico",22367.24,793.94,31.74,29.29,95.055404094047,71.81,6.8,NONE
2026-02-19 08:45:00,Facility_B,Heavy Manufacturing,"Indiana, USA",27431.2,865.07,32.76,-16.53,88.36987722970429,73.59,7.6,SENSOR_TEMP_SPIKE
2026-02-19 09:00:00,Facility_C,Petrochem / Refining,"Maharashtra, India",15068.62,697.28,37.5,26.33,92.48161627277813,74.17,7.67,NONE
2026-02-19 09:15:00,Facility_B,Heavy Manufacturing,"Indiana, USA",27691.73,920.88,29.77,27.62,91.53628650269265,69.8,7.52,NONE
2026-02-19 09:30:00,facility_e,Data Center Cooling,"Nuevo Leon, Mexico",19342.99,720.45,28.59,31.89,95.60282850541834,70.52,7.39,NONE
2026-02-19 09:45:00,Facility_A,Food & Beverage Processing,"Illinois, USA",23080.11,756.86,24.79,27.07,90.32580639199001,80.48,7.7,NONE
2026-02-19 10:00:00,Facility_C,Petrochem / Refining,"Maharashtra, India",17414.89,726.76,35.69,28.63,90.4205570261664,72.88,6.94,NONE
2026-02-19 10:15:00,Facility_B,Heavy Manufacturing,"Indiana, USA",29727.58,692.13,21.06,29.05,89.54199603893103,71.75,7.37,NONE
2026-02-19 10:30:00,Facility_A,Food & Beverage Processing,"Illinois, USA",20824.0,697.24,38.97,28.03,97.31054306642798,75.25,7.95,NONE
2026-02-19 10:45:00,Facility_D,Pharmaceuticals & Healthcare,"Flanders, Belgium",21096.38,571.47,40.14,27.32,92.63312051726362,68.13,7.12,NONE
2026-02-19 11:00:00,Facility_D,Pharmaceuticals & Healthcare,"Flanders, Belgium",23348.52,500.49,34.75,27.37,93.30669025679177,75.73,7.22,NONE
2026-02-19 11:15:00,FACILITY_E,Data Center Cooling,"Nuevo Leon, Mexico",22227.69,835.68,33.82,26.8,95.45629897248949,68.84,7.15,NONE
2026-02-19 11:30:00,Facility_A,FOOD & BEV,"Illinois, USA",16549.84,709.74,27.89,24.28,92.26478328774031,66.22,7.72,NONE
2026-02-19 11:45:00,Facility_E,Hyperscale Cooling,"Nuevo Leon, Mexico",19688.35,823.9,26.43,24.61,97.26167670833894,74.4,7.88,NONE
2026-02-19 12:00:00,Facility_A,Food & Beverage Processing,"Illinois, USA",18184.6,681.28,,28.32,--,89.01,7.27,NONE
2026-02-19 12:15:00,Facility_C ,Refinery & Petrochemicals,"Maharashtra, India",15958.98,699.1,34.35,28.97,92.90369964113063,81.05,7.47,NONE
2026-02-19 12:30:00,Facility_A,Food & Beverage Processing,"Illinois, USA",21767.27,740.61,33.09,27.33,91.68653285732562,71.5,7.45,NONE
2026-02-19 12:45:00,Facility_D,Pharmaceuticals & Healthcare,"Flanders, Belgium",23079.28,481.33,28.98,25.24,96.79871065757999,74.23,7.02,NONE
2026-02-19 13:00:00,Facility_E,Hyperscale Cooling,"Nuevo Leon, Mexico",21300.26,620.03,31.14,24.91,93.23749600145463,75.92,7.41,NONE
2026-02-19 13:15:00,Facility_B,Heavy Manufacturing,"Indiana, USA",24114.91,926.82,31.85,22.02,92.76322345128769,69.14,6.99,NONE
2026-02-19 13:30:00,Facility_E,Data Center Cooling,"Nuevo Leon, Mexico",22454.96,718.56,27.9,23.76,94.68456144902345,77.05,7.96,NONE
2026-02-19 13:45:00,Facility_E,Hyperscale Cooling,"Nuevo Leon, Mexico",20641.77,641.37,26.38,26.26,91.02753539158302,67.33,7.14,NONE
2026-02-19 14:00:00,Facility_E,Hyperscale Cooling,"Nuevo Leon, Mexico",19749.52,668.8,29.41,24.36,96.02705677062015,71.99,7.51,NONE
2026-02-19 14:15:00,Facility_E,Data Center Cooling,"Nuevo Leon, Mexico",19853.57,665.28,26.22,21.36,99.22229004794553,74.64,7.13,NONE
2026-02-19 14:30:00,facility_c,refinery,"Maharashtra, India",17973.81,586.6,41.52,26.47,93.8441340933123,75.44,7.0,NONE
2026-02-19 14:45:00,Facility_E,Data Center Cooling,"Nuevo Leon, Mexico",18074.34,622.7,,25.77,92.2737131881525,75.56,7.62,NONE
2026-02-19 15:00:00,Facility_E,Data Center Cooling,"Nuevo Leon, Mexico",16987.78,888.42,33.36,24.6,96.45710249771543,78.37,7.43,NONE
2026-02-19 15:15:00,Facility_D,Healthcare & Pharma,"Flanders, Belgium",21927.31,543.24,39.44,25.87,84.88816078061052,75.97,7.55,NONE
2026-02-19 15:30:00,Facility_C,Refinery & Petrochemicals,"Maharashtra, India",14967.22,798.9,32.17,24.04,93.1960022514856,69.74,7.66,NONE
2026-02-19 15:45:00,Facility_A,Food & Beverage Processing,"Illinois, USA",18295.92,732.25,232.58,21.52,93.52575759351305,71.77,7.27,CHEMICAL_DOSING_BREACH
2026-02-19 16:00:00,facility_b,Heavy Manufacturing,"Indiana, USA",26760.51,884.02,30.31,19.75,100.0,67.41,7.84,NONE
2026-02-19 16:15:00,Facility_A,Food & Beverage Processing,"Illinois, USA",20691.58,725.89,30.22,27.6,95.43436659255816,74.08,7.2,NONE
2026-02-19 16:30:00,Facility_B,Heavy Manufacturing,"Indiana, USA",23762.45,844.25,24.59,24.03,91.43394442484372,78.52,7.63,NONE
2026-02-19 16:45:00,Facility_D,Pharmaceuticals & Healthcare,"Flanders, Belgium",18594.48,602.02,40.15,20.08,99.0414175636916,72.85,7.54,NONE
2026-02-19 17:00:00,Facility_D,Pharmaceuticals & Healthcare,"Flanders, Belgium",20344.46,427.35,34.74,24.15,93.69920787019265,77.1,7.38,NONE
2026-02-19 17:15:00,Facility_D,PHARMACEUTICALS,"Flanders, Belgium",21480.54,575.49,43.48,20.81,93.09155177766738,71.33,7.46,NONE
2026-02-19 17:30:00,Facility_E,Data Center Cooling,"Nuevo Leon, Mexico",20394.41,732.79,25.54,21.7,93.46711339546663,64.9,6.71,NONE
2026-02-19 17:45:00,Facility_C,Refinery & Petrochemicals,"Maharashtra, India",18960.62,561.83,34.69,21.83,95.23452118355479,70.98,7.79,NONE
2026-02-19 18:00:00,Facility_D,Pharmaceuticals & Healthcare,"Flanders, Belgium",20624.21,482.95,36.31,25.25,91.26757790272148,73.76,7.74,NONE
2026-02-19 18:15:00,Facility_D,pharma,"Flanders, Belgium",17504.67,632.9,33.68,17.31,97.43129381261001,75.97,7.49,NONE
2026-02-19 18:30:00,Facility_D,Pharmaceuticals & Healthcare,"Flanders, Belgium",16263.9,511.34,42.33,22.97,93.12414061651917,74.99,7.77,NONE
2026-02-19 18:45:00,Facility_E,Data Center Cooling,"Nuevo Leon, Mexico",22932.38,714.4,22.61,23.64,90.54330236597046,68.68,7.72,NONE
2026-02-19 19:00:00,FAC-B,Heavy Manufacturing,"Indiana, USA",28489.92,872.4,23.3,127.92,96.79237860709071,72.63,7.21,SENSOR_TEMP_SPIKE
2026-02-19 19:15:00,Facility_B_Unit2,Heavy Manufacturing,"Indiana, USA",26032.91,807.62,24.01,25.57,,77.54,7.54,NONE
2026-02-19 19:30:00,Facility_B,Heavy Manufacturing,"Indiana, USA",25608.76,758.27,28.3,20.7,93.42410315988191,77.48,7.83,NONE
2026-02-19 19:45:00,Facility_A,Food and Beverage,"Illinois, USA",16748.37,695.14,29.3,23.41,88.63021319580537,69.82,6.88,NONE
2026-02-19 20:00:00,Facility_C,Refinery & Petrochemicals,"Maharashtra, India",15577.52,725.68,42.52,23.66,93.70798679551937,80.06,7.46,NONE
2026-02-19 20:15:00,Fac_D,Pharmaceuticals & Healthcare,"Flanders, Belgium",19791.77,542.08,34.82,20.81,91.57651338866755,72.74,7.45,NONE
2026-02-19 20:30:00,pune_fac_c,Refinery & Petrochemicals,"Maharashtra, India",18743.95,748.63,31.67,134.5,91.9071485214917,75.59,6.81,SENSOR_TEMP_SPIKE
2026-02-19 20:45:00,Facility_B,HEAVY_MANUFACTURING,"Indiana, USA",26831.16,823.48,32.34,21.2,93.2145405913391,73.13,7.64,NONE
2026-02-19 21:00:00,Facility_D,Pharmaceuticals & Healthcare,"Flanders, Belgium",14180.41,508.79,44.84,19.3,96.1061567094,70.85,7.42,NONE
2026-02-19 21:15:00,FAC_A,Food & Beverage Processing,"Illinois, USA",22531.04,733.91,37.53,22.98,92.3474359813027,77.54,7.23,NONE
2026-02-19 21:30:00,Facility_D,Pharmaceuticals & Healthcare,"Flanders, Belgium",20060.81,636.36,41.15,21.22,92.40758151344153,75.27,7.28,NONE
2026-02-19 21:45:00,Facility_B,Heavy Manufacturing,"Indiana, USA",26035.62,864.79,26.29,23.93,89.72068887037807,71.85,6.92,NONE
2026-02-19 22:00:00,FACILITY_A,Food & Beverage Processing,"Illinois, USA",19532.29,699.22,27.65,27.71,92.7146832542501,75.29,7.17,NONE
2026-02-19 22:15:00,Facility_B,Heavy Manufacturing,"Indiana, USA",24507.68,867.25,27.1,24.74,96.08183876913108,71.67,6.98,NONE
2026-02-19 22:30:00,facility_d,Pharmaceuticals & Healthcare,"Flanders, Belgium",15290.58,650.85,41.41,26.15,92.10463102120956,68.0,7.27,NONE
2026-02-19 22:45:00,Facility_C ,Refinery & Petrochemicals,"Maharashtra, India",18616.09,689.08,29.33,22.1,95.6036582001403,68.58,7.44,NONE
2026-02-19 23:00:00,Facility_C,refinery,"Maharashtra, India",17928.27,822.81,36.91,25.05,93.9174509606695,73.5,7.18,NONE
2026-02-19 23:15:00,Facility_A,Food & Beverage Processing,"Illinois, USA",21528.52,682.83,31.14,23.17,94.3769427323034,71.25,7.22,NONE
2026-02-19 23:30:00,Facility_C,Refinery & Petrochemicals,"Maharashtra, India",16930.23,767.37,27.07,27.21,93.37627272102647,71.9,6.92,NONE
2026-02-19 23:45:00,FAC-B,Heavy Manufacturing,"Indiana, USA",27130.25,786.72,33.99,27.11,98.4108982037988,74.62,7.65,NONE
2026-02-20 00:00:00,Facility_D,Pharmaceuticals & Healthcare,"Flanders, Belgium",19758.51,543.34,38.29,25.0,100.0,73.55,7.36,NONE
2026-02-20 00:15:00,Facility_C ,Refinery & Petrochemicals,"Maharashtra, India",19708.07,692.54,41.05,24.92,89.49529420044354,73.25,6.99,NONE
2026-02-20 00:30:00,Facility_A,Food & Beverage Processing,"Illinois, USA",22873.52,696.55,17.97,27.38,95.27121915793293,72.1,6.97,NONE
2026-02-20 00:45:00,Facility_A,Food & Beverage Processing,"Illinois, USA",19024.2,678.65,27.4,25.37,93.99995439659963,78.06,7.48,NONE
2026-02-20 01:00:00,Facility_B,Heavy Manufacturing,"Indiana, USA",20442.19,891.7,31.74,30.04,90.46035918050593,73.75,7.51,NONE
2026-02-20 01:15:00,Facility_E,data center,"Nuevo Leon, Mexico",19764.23,791.39,28.4,26.26,91.06402483619026,79.62,7.07,NONE
2026-02-20 01:30:00,Facility_B,Heavy Manufacturing,"Indiana, USA",22175.27,868.93,28.37,25.67,91.83785544291352,70.32,7.17,NONE
2026-02-20 01:45:00,Facility_D,pharma,"Flanders, Belgium",24390.79,551.78,33.8,31.91,96.34241535421566,77.26,7.12,NONE
2026-02-20 02:00:00,Facility_A,Food & Beverage Processing,"Illinois, USA",22017.19,771.2,32.12,25.41,93.43625599207095,81.78,7.41,NONE
2026-02-20 02:15:00,Facility_C,Refinery & Petrochemicals,"Maharashtra, India",17976.47,759.25,34.83,27.28,93.36801654603899,80.49,7.72,NONE
2026-02-20 02:30:00,Facility_C,Refinery & Petrochemicals,"Maharashtra, India",17122.77,876.14,,30.08,94.88211802124843,69.81,7.24,NONE
2026-02-20 02:45:00,FACILITY_C,REFINERY_PETRO,"Maharashtra, India",20708.76,683.23,31.13,29.69,90.97349548589087,77.71,7.14,NONE
2026-02-20 03:00:00,Facility_E,DATA_CENTER_COOLING,"Nuevo Leon, Mexico",21718.77,774.61,,28.9,91.32396326387214,73.92,7.08,NONE
2026-02-20 03:15:00,Facility_B,Heavy Manufacturing,"Indiana, USA",25098.29,902.87,23.73,28.63,95.15843971195184,64.65,7.87,NONE
2026-02-20 03:30:00,Facility_E,Data Center Cooling,"Nuevo Leon, Mexico",23746.59,634.62,19.66,29.73,89.91521857311324,78.33,7.46,NONE
2026-02-20 03:45:00,Facility_B,Heavy Manufacturing,"Indiana, USA",26171.83,792.1,35.22,31.18,95.43013058886606,79.4,7.06,NONE
2026-02-20 04:00:00,Facility_D,Pharmaceuticals & Healthcare,"Flanders, Belgium",21604.88,553.94,,29.68,87.49083005960452,78.31,6.84,NONE
2026-02-20 04:15:00,Facility_C,Refinery & Petrochemicals,"Maharashtra, India",16643.4,741.82,27.29,28.11,94.2834242905089,72.44,7.28,NONE
2026-02-20 04:30:00,Facility_C,Refinery & Petrochemicals,"Maharashtra, India",16759.78,780.59,34.13,27.24,92.85706025737304,68.41,7.6,NONE
2026-02-20 04:45:00,Facility_A,Food & Beverage Processing,"Illinois, USA",18358.01,892.78,35.56,30.05,95.35433226631653,64.6,7.62,NONE
2026-02-20 05:00:00,Facility_D,Pharmaceuticals & Healthcare,"Flanders, Belgium",16876.4,574.11,34.44,29.25,92.92037731206584,74.35,7.34,NONE
2026-02-20 05:15:00,monterrey_e,Data Center Cooling,"Nuevo Leon, Mexico",21094.97,628.07,38.29,30.84,94.90021550603882,72.47,7.11,NONE
2026-02-20 05:30:00,FACILITY_D,Pharmaceuticals & Healthcare,"Flanders, Belgium",19058.27,585.46,42.97,34.21,98.22647169276868,66.05,7.22,NONE
2026-02-20 05:45:00,facility_e,Data Center Cooling,"Nuevo Leon, Mexico",21950.29,719.98,28.32,26.63,96.42548160314658,65.56,6.91,NONE
2026-02-20 06:00:00,Facility_D,pharma,"Flanders, Belgium",16439.77,563.45,30.68,28.59,97.17662413539054,73.49,7.47,NONE
2026-02-20 06:15:00,Facility_A,Food & Beverage Processing,"Illinois, USA",16405.35,709.16,30.93,29.06,93.33655326682285,65.49,7.47,NONE
2026-02-20 06:30:00,Facility_B,Heavy Manufacturing,"Indiana, USA",24553.65,818.39,32.08,31.24,92.48131459500445,68.98,7.72,NONE
2026-02-20 06:45:00,Facility_E,Hyperscale Cooling,"Nuevo Leon, Mexico",17706.81,797.2,21.79,32.08,96.73392272922742,65.39,7.48,NONE
2026-02-20 07:00:00,Facility_E,data center,"Nuevo Leon, Mexico",22027.99,802.73,,28.63,92.80485450409641,81.49,7.04,NONE
2026-02-20 07:15:00,Facility_E,Data Center Cooling,"Nuevo Leon, Mexico",21917.48,836.34,24.34,27.74,89.4484725323164,75.78,6.99,NONE
2026-02-20 07:30:00,Facility_E,Data Center Cooling,"Nuevo Leon, Mexico",20757.27,852.85,28.28,28.8,93.90131095268283,73.69,7.48,NONE
2026-02-20 07:45:00,Facility_B,Heavy Manufacturing,"Indiana, USA",30800.93,873.33,37.04,30.91,91.04453986333426,84.3,7.32,NONE
2026-02-20 08:00:00,monterrey_e,Data Center Cooling,"Nuevo Leon, Mexico",18429.01,924.28,25.42,28.57,91.73529437425789,74.74,7.61,NONE
2026-02-20 08:15:00,Facility_D,Pharmaceuticals & Healthcare,"Flanders, Belgium",12769.07,621.72,35.17,29.08,98.98861379494822,74.96,7.48,NONE
2026-02-20 08:30:00,Facility_E,Data Center Cooling,"Nuevo Leon, Mexico",20977.05,807.27,35.3,25.22,96.97077757035598,80.96,7.49,NONE
2026-02-20 08:45:00,Facility_A,Food & Beverage Processing,"Illinois, USA",17697.24,630.84,41.42,27.88,98.35645302738001,75.76,7.92,NONE
2026-02-20 09:00:00,Facility_C,Refinery & Petrochemicals,"Maharashtra, India",18107.97,652.09,35.51,115.59,100.0,76.83,7.57,SENSOR_TEMP_SPIKE
2026-02-20 09:15:00,Facility_B,Heavy Manufacturing,"Indiana, USA",28200.14,849.27,36.66,27.05,91.16853155278464,72.37,7.16,NONE
2026-02-20 09:30:00,Facility_B,Heavy Manufacturing,"Indiana, USA",21274.91,612.8,20.83,30.91,93.47369951686649,77.76,7.19,NONE
2026-02-20 09:45:00,Facility_C ,Refinery & Petrochemicals,"Maharashtra, India",18604.84,902.34,42.02,30.42,94.14773691932935,76.33,7.45,NONE
2026-02-20 10:00:00,Facility_D,Pharmaceuticals & Healthcare,"Flanders, Belgium",18344.04,545.99,42.21,26.17,98.25954648719565,72.76,6.98,NONE
2026-02-20 10:15:00,Facility_E,data center,"Nuevo Leon, Mexico",19718.78,684.42,26.08,27.2,91.47217673159929,72.61,7.33,NONE
2026-02-20 10:30:00,Facility_D,Pharmaceuticals & Healthcare,"Flanders, Belgium",20434.84,555.06,260.5,28.04,95.22985846557746,74.21,7.17,CHEMICAL_DOSING_BREACH
2026-02-20 10:45:00,Facility_A,Food & Beverage Processing,"Illinois, USA",17140.53,727.99,36.85,27.37,91.25723630774975,72.85,7.19,NONE
2026-02-20 11:00:00,Facility_E,Data Center Cooling,"Nuevo Leon, Mexico",19411.21,641.73,27.47,27.96,90.03790669696623,70.05,7.08,NONE
2026-02-20 11:15:00,Facility_D,Pharmaceuticals & Healthcare,"Flanders, Belgium",15604.13,514.63,36.67,24.86,93.05986410411252,70.83,7.09,NONE
2026-02-20 11:30:00,Facility_C,Refinery & Petrochemicals,"Maharashtra, India",19679.21,727.26,33.53,29.36,90.5558219720257,81.05,7.25,NONE
2026-02-20 11:45:00,Facility_C,Refinery & Petrochemicals,"Maharashtra, India",16260.2,733.96,35.79,29.02,96.0562393874025,74.29,7.7,NONE
2026-02-20 12:00:00,Facility_D,Pharmaceuticals & Healthcare,"Flanders, Belgium",14493.66,583.19,38.8,27.08,88.34751626883613,69.42,7.3,NONE
2026-02-20 12:15:00,Facility_A,food & beverage,"Illinois, USA",21839.91,849.56,28.71,23.88,96.11043659656039,85.76,7.66,NONE
2026-02-20 12:30:00,Facility_E,DATA_CENTER_COOLING,"Nuevo Leon, Mexico",19204.46,964.59,31.38,24.55,N/A,70.09,7.18,NONE
2026-02-20 12:45:00,Facility_A,Food & Beverage Processing,"Illinois, USA",20942.63,711.22,31.66,25.79,97.06633576278452,63.54,7.43,NONE
2026-02-20 13:00:00,Facility_E,Data Center Cooling,"Nuevo Leon, Mexico",20365.21,693.56,25.33,20.72,90.94506206847618,79.81,7.58,NONE
2026-02-20 13:15:00,Facility_B,Heavy Manufacturing,"Indiana, USA",25197.71,721.45,31.95,27.57,96.80942294655253,69.64,7.11,NONE
2026-02-20 13:30:00,Facility_C,Refinery & Petrochemicals,"Maharashtra, India",22568.1,683.04,37.51,21.77,92.53899082440347,76.63,7.34,NONE
2026-02-20 13:45:00,Facility_E,Data Center Cooling,"Nuevo Leon, Mexico",22426.55,658.03,25.06,25.6,95.7300420545676,74.99,7.62,NONE
2026-02-20 14:00:00,Facility_C,Refinery & Petrochemicals,"Maharashtra, India",15082.97,740.78,43.16,26.81,95.52764212802414,73.3,7.64,NONE
2026-02-20 14:15:00,Facility_A,Food & Beverage Processing,"Illinois, USA",20254.99,604.81,35.68,22.72,95.93100240005816,66.73,7.8,NONE
2026-02-20 14:30:00,Facility_B,Heavy Manufacturing,"Indiana, USA",24939.25,746.82,25.61,23.46,93.48153690743274,79.93,7.37,NONE
2026-02-20 14:45:00,Facility_E,Data Center Cooling,"Nuevo Leon, Mexico",15603.24,657.77,40.08,24.11,96.54252836483356,72.61,7.07,NONE
2026-02-20 15:00:00,Facility_B,Heavy Manufacturing,"Indiana, USA",,850.78,26.57,27.12,91.5279910584748,69.25,7.58,NONE
2026-02-20 15:15:00,Facility_C,Refinery & Petrochemicals,"Maharashtra, India",20932.62,779.33,32.97,20.07,97.40630887182115,77.91,7.23,NONE
2026-02-20 15:30:00,Facility_B,Heavy Manufacturing,"Indiana, USA",25974.36,820.96,35.34,21.46,91.51580321913626,70.77,7.44,NONE
2026-02-20 15:45:00,Facility_B,Heavy Manufacturing,"Indiana, USA",25963.71,856.81,,25.85,92.04705565689204,79.34,8.23,NONE
2026-02-20 16:00:00,antwerp_hub_d,Pharmaceuticals & Healthcare,"Flanders, Belgium",16757.24,588.48,36.95,26.69,92.60190743204768,75.12,7.41,NONE
2026-02-20 16:15:00,Facility_C,Petrochem / Refining,"Maharashtra, India",18600.18,835.7,35.89,23.78,94.18352865554229,71.28,7.27,NONE
2026-02-20 16:30:00,facility_b,HEAVY_MANUFACTURING,"Indiana, USA",27508.92,886.31,33.73,26.15,91.83257959282876,74.61,7.3,NONE
2026-02-20 16:45:00,Fac_E_Cooling,Data Center Cooling,"Nuevo Leon, Mexico",18296.3,792.34,,20.77,92.30160211463898,71.88,6.93,NONE
2026-02-20 17:00:00,Facility_E,Data Center Cooling,"Nuevo Leon, Mexico",21007.89,664.11,29.17,23.12,94.75767290657512,75.99,7.78,NONE
2026-02-20 17:15:00,Facility_E,Data Center Cooling,"Nuevo Leon, Mexico",19052.51,693.11,31.25,22.34,97.10104514258649,76.53,7.89,NONE
2026-02-20 17:30:00,Facility_E,Data Center Cooling,"Nuevo Leon, Mexico",20868.76,638.85,29.93,22.41,95.21035995684663,76.98,7.2,NONE
2026-02-20 17:45:00,Facility_B,Heavy Manufacturing,"Indiana, USA",22667.33,827.74,18.5,22.65,92.19619815956428,77.88,6.79,NONE
2026-02-20 18:00:00,FACILITY_B,Heavy Manufacturing,"Indiana, USA",25809.64,972.4,31.34,24.27,94.58714727241583,66.52,7.4,NONE
2026-02-20 18:15:00,Facility_C,Refinery & Petrochemicals,"Maharashtra, India",19749.88,693.22,34.97,17.29,92.43088583698622,72.04,7.74,NONE
2026-02-20 18:30:00,Facility_A,Food & Beverage Processing,"Illinois, USA",17868.61,694.01,-4.53,21.47,95.80333254986292,65.03,7.67,CHEMICAL_DOSING_BREACH
2026-02-20 18:45:00,Facility_B,Heavy Manufacturing,"Indiana, USA",25753.24,635.36,27.27,23.49,91.72421530878984,76.63,7.62,NONE
2026-02-20 19:00:00,Facility_D,pharma,"Flanders, Belgium",20215.02,574.88,37.9,21.53,93.32280216254792,69.39,7.13,NONE
2026-02-20 19:15:00,Facility_B,Heavy Manufacturing,"Indiana, USA",27381.85,801.12,25.4,23.52,94.71567890217733,73.03,7.31,NONE
2026-02-20 19:30:00,Facility_D,Pharmaceuticals & Healthcare,"Flanders, Belgium",19653.34,624.13,38.34,20.66,92.79143202315696,72.17,7.06,NONE
2026-02-20 19:45:00,Facility_C,Refinery & Petrochemicals,"Maharashtra, India",,821.67,38.55,21.13,94.00384299865335,73.97,7.44,NONE
2026-02-20 20:00:00,FACILITY_D,pharma,"Flanders, Belgium",19010.4,568.29,36.94,25.03,90.74219517593828,73.22,7.65,NONE
2026-02-20 20:15:00,Facility_D,Pharmaceuticals & Healthcare,"Flanders, Belgium",16897.14,525.75,40.58,20.61,95.61401959368479,71.8,7.46,NONE
2026-02-20 20:30:00,Facility_D,Pharmaceuticals & Healthcare,"Flanders, Belgium",15976.89,636.43,32.39,24.63,89.73852037191685,82.14,7.33,NONE
2026-02-20 20:45:00,facility_c,Refinery & Petrochemicals,"Maharashtra, India",23234.45,713.37,33.64,25.67,88.93617273031963,70.85,7.49,NONE
2026-02-20 21:00:00,Facility_A,Food & Beverage Processing,"Illinois, USA",16908.03,750.21,32.22,20.95,96.5968601215471,68.32,7.57,NONE
2026-02-20 21:15:00,Facility_B,heavy mfg,"Indiana, USA",26187.61,801.78,23.86,24.46,90.7079206608719,79.44,7.7,NONE
2026-02-20 21:30:00,Facility_B,Heavy Manufacturing,"Indiana, USA",30871.77,863.6,26.8,23.53,92.31571973503279,75.12,7.47,NONE
2026-02-20 21:45:00,Facility_A,Food & Beverage Processing,"Illinois, USA",,714.43,25.61,23.54,98.47872569618087,67.0,7.56,NONE
2026-02-20 22:00:00,Facility_E,Data Center Cooling,"Nuevo Leon, Mexico",,683.74,30.16,27.31,94.58942136570614,72.82,6.99,NONE
2026-02-20 22:15:00,Facility_A,Food & Beverage Processing,"Illinois, USA",19034.5,618.02,30.2,24.62,85.94626722972649,80.25,7.0,NONE
2026-02-20 22:30:00,Facility_B,Heavy Manufacturing,"Indiana, USA",25214.49,884.84,34.0,23.54,85.47060716488673,78.85,7.0,NONE
2026-02-20 22:45:00,FAC_A,Food & Beverage Processing,"Illinois, USA",20093.87,743.06,17.84,22.31,null,62.37,6.98,NONE
2026-02-20 23:00:00,Facility_E,Data Center Cooling,"Nuevo Leon, Mexico",21411.13,743.36,29.77,26.27,88.11814538566523,68.22,7.56,NONE
2026-02-20 23:15:00,FACILITY_C,Refinery & Petrochemicals,"Maharashtra, India",22270.83,701.83,36.59,27.17,94.26017797500572,72.88,7.17,NONE
2026-02-20 23:30:00,facility_d,Pharmaceuticals & Healthcare,"Flanders, Belgium",23178.47,574.47,39.13,26.56,90.9002610975974,74.23,7.26,NONE
2026-02-20 23:45:00,Facility_C,Refinery & Petrochemicals,"Maharashtra, India",18058.52,801.63,31.65,24.07,95.10872019329734,71.61,7.25,NONE
2026-02-21 00:00:00,Facility_B,Heavy Manufacturing,"Indiana, USA",19820.76,920.9,30.7,27.77,94.73944198527278,67.18,7.41,NONE
2026-02-21 00:15:00,Facility_B,Heavy Manufacturing,"Indiana, USA",23904.85,759.12,30.6,29.75,98.2786861406603,76.8,7.34,NONE
2026-02-21 00:30:00,Facility_B,Heavy Manufacturing,"Indiana, USA",25122.94,764.02,27.37,28.66,99.3340452224798,70.33,6.79,NONE
2026-02-21 00:45:00,Facility_E,Data Center Cooling,"Nuevo Leon, Mexico",19755.83,817.8,37.2,112.92,97.61291267961082,70.18,7.12,SENSOR_TEMP_SPIKE
2026-02-21 01:00:00,Facility_C,Refinery & Petrochemicals,"Maharashtra, India",20892.17,903.22,36.95,27.08,90.08648058344505,73.49,7.41,NONE
2026-02-21 01:15:00,Facility_A,F&B Processing,"Illinois, USA",15881.02,778.7,29.72,29.34,93.46505612143685,75.34,7.15,NONE
2026-02-21 01:30:00,FACILITY_E,data center,"Nuevo Leon, Mexico",20227.43,798.15,27.95,26.04,93.8570369761673,75.74,7.73,NONE
2026-02-21 01:45:00,Facility_A,Food & Beverage Processing,"Illinois, USA",21927.2,708.39,29.2,27.86,91.82405277639064,76.28,7.64,NONE
2026-02-21 02:00:00,FACILITY_D,Pharmaceuticals & Healthcare,"Flanders, Belgium",21504.02,545.55,35.35,-18.36,87.31748175972429,68.59,7.34,SENSOR_TEMP_SPIKE
2026-02-21 02:15:00,Facility_C,Refinery & Petrochemicals,"Maharashtra, India",19683.87,815.16,32.22,27.84,92.63758781875373,72.28,7.54,NONE
2026-02-21 02:30:00,Facility_C,Refinery & Petrochemicals,"Maharashtra, India",15871.52,687.7,34.25,26.48,87.41849510733869,67.28,7.28,NONE
2026-02-21 02:45:00,Facility_A,Food & Beverage Processing,"Illinois, USA",20720.51,759.44,38.17,29.32,94.25584163945226,72.87,7.29,NONE
2026-02-21 03:00:00,Fac_E_Cooling,Data Center Cooling,"Nuevo Leon, Mexico",26367.94,769.6,29.96,27.27,94.81335127969622,76.96,7.66,NONE
2026-02-21 03:15:00,Facility_E,Data Center Cooling,"Nuevo Leon, Mexico",22695.37,740.49,27.79,29.38,93.84299853939488,79.7,7.65,NONE
2026-02-21 03:30:00,Facility_A,F&B Processing,"Illinois, USA",21003.4,857.68,20.34,28.85,93.46392761883398,70.97,7.09,NONE
2026-02-21 03:45:00,Facility_D,Pharmaceuticals & Healthcare,"Flanders, Belgium",14861.78,551.29,41.25,31.22,91.09318436402975,74.99,7.73,NONE
2026-02-21 04:00:00,Facility_D,PHARMACEUTICALS,"Flanders, Belgium",15304.5,559.96,38.7,29.98,96.22202686085566,67.26,7.07,NONE
2026-02-21 04:15:00,Facility_B,Heavy Manufacturing,"Indiana, USA",27900.78,697.01,31.91,30.9,95.87414316705716,71.89,7.49,NONE
2026-02-21 04:30:00,Facility_E,Data Center Cooling,"Nuevo Leon, Mexico",18131.77,718.91,28.65,28.58,94.19794197770963,68.85,7.43,NONE
2026-02-21 04:45:00,FACILITY_D,Pharmaceuticals & Healthcare,"Flanders, Belgium",22631.68,497.5,37.41,27.38,90.83454714211067,77.16,7.23,NONE
2026-02-21 05:00:00, Facility_A ,Food & Beverage Processing,"Illinois, USA",20979.13,738.37,31.23,28.51,95.69356229919212,75.37,6.92,NONE
2026-02-21 05:15:00,Facility_C,Refinery & Petrochemicals,"Maharashtra, India",16647.91,561.85,29.76,29.86,90.12126195088739,70.26,7.74,NONE
2026-02-21 05:30:00,Facility_E,DATA_CENTER_COOLING,"Nuevo Leon, Mexico",23704.96,697.9,31.83,32.65,95.47935517307442,75.35,7.66,NONE
2026-02-21 05:45:00,Facility_D,Pharmaceuticals & Healthcare,"Flanders, Belgium",20447.55,499.97,36.71,29.5,97.18791514856665,71.39,7.14,NONE
2026-02-21 06:00:00,Facility_A,Food & Beverage Processing,"Illinois, USA",21636.24,731.51,40.37,28.95,91.8397250257088,79.05,6.99,NONE
2026-02-21 06:15:00,Facility_E,Data Center Cooling,"Nuevo Leon, Mexico",24441.46,659.44,31.06,27.17,,67.84,7.89,NONE
2026-02-21 06:30:00,Facility_D,Pharmaceuticals & Healthcare,"Flanders, Belgium",16311.82,521.84,39.75,29.38,95.73985074246144,70.8,7.13,NONE
2026-02-21 06:45:00,Facility_B,Heavy Manufacturing,"Indiana, USA",25704.71,737.78,30.16,32.0,95.2695892479758,76.89,6.81,NONE
2026-02-21 07:00:00,Facility_A,Food & Beverage Processing,"Illinois, USA",18195.87,696.81,37.61,29.32,86.13444962307148,69.48,7.16,NONE
2026-02-21 07:15:00,Facility_B,Heavy Manufacturing,"Indiana, USA",19116.12,921.37,21.91,31.09,90.00433047777109,80.78,7.27,NONE
2026-02-21 07:30:00,Facility_D,Pharmaceuticals & Healthcare,"Flanders, Belgium",17642.78,599.06,33.27,31.23,91.95866040052323,71.32,7.33,NONE
2026-02-21 07:45:00,Facility_C,Refinery & Petrochemicals,"Maharashtra, India",16365.17,762.17,36.93,25.93,96.99218409452033,77.67,6.83,NONE
2026-02-21 08:00:00,Facility_E,Data Center Cooling,"Nuevo Leon, Mexico",16009.59,813.14,31.71,31.09,88.93384382879258,82.23,7.14,NONE
2026-02-21 08:15:00,Facility_C,Refinery & Petrochemicals,"Maharashtra, India",19368.03,796.56,42.19,30.05,94.8306923381585,73.65,7.01,NONE
2026-02-21 08:30:00,Facility_A,Food & Beverage Processing,"Illinois, USA",13903.28,715.32,25.57,30.3,93.9760002789893,74.56,7.06,NONE
2026-02-21 08:45:00,Facility_C ,REFINERY_PETRO,"Maharashtra, India",21168.8,813.89,30.54,33.23,92.82546778372861,68.0,7.14,NONE
2026-02-21 09:00:00,Facility_C,Refinery & Petrochemicals,"Maharashtra, India",95156.99,882.63,40.04,30.66,43.8607273500848,117.57,7.28,PRESSURE_BURST_SURGE
2026-02-21 09:15:00,Facility_E,Data Center Cooling,"Nuevo Leon, Mexico",22170.18,930.9,,26.82,92.43688898127311,77.41,7.68,NONE
2026-02-21 09:30:00,FACILITY_C,Refinery & Petrochemicals,"Maharashtra, India",18128.12,767.78,37.87,122.43,94.61120613594198,75.29,7.5,SENSOR_TEMP_SPIKE
2026-02-21 09:45:00,Facility_A,Food & Beverage Processing,"Illinois, USA",19173.2,650.54,38.75,31.88,89.83657889416692,70.15,6.7,NONE
2026-02-21 10:00:00,Facility_E,Data Center Cooling,"Nuevo Leon, Mexico",22962.15,707.02,29.64,27.53,88.37318253246346,74.95,7.71,NONE
2026-02-21 10:15:00,Facility_C,Refinery & Petrochemicals,"Maharashtra, India",18763.73,697.21,34.88,29.19,92.85414663862342,69.06,7.92,NONE
2026-02-21 10:30:00,FACILITY_C,Refinery & Petrochemicals,"Maharashtra, India",15409.79,953.74,35.11,29.65,94.18869824201762,70.05,7.72,NONE
2026-02-21 10:45:00,Facility_C,Refinery & Petrochemicals,"Maharashtra, India",20218.56,769.57,38.56,27.54,86.45634654666581,66.3,7.34,NONE
2026-02-21 11:00:00,Facility_B,Heavy Manufacturing,"Indiana, USA",24806.91,832.48,27.07,25.52,89.07563414862143,70.19,7.56,NONE
2026-02-21 11:15:00,Facility_E,Hyperscale Cooling,"Nuevo Leon, Mexico",19031.06,828.16,24.15,29.41,91.85014101531554,72.61,7.27,NONE
2026-02-21 11:30:00,FACILITY_D,Pharmaceuticals & Healthcare,"Flanders, Belgium",20026.6,583.34,38.08,26.88,91.67793960886564,78.94,7.37,NONE
2026-02-21 11:45:00,Facility_B,Heavy Manufacturing,"Indiana, USA",27566.95,856.81,26.73,31.07,97.43644857862229,71.57,7.92,NONE
2026-02-21 12:00:00,Facility_A,Food & Beverage Processing,"Illinois, USA",21406.68,635.07,35.2,27.25,94.02983611833041,78.57,7.45,NONE
2026-02-21 12:15:00,Facility_B,Heavy Manufacturing,"Indiana, USA",19569.9,726.31,24.91,29.83,95.58538776486078,76.44,7.38,NONE
2026-02-21 12:30:00,Fac_D,Pharmaceuticals & Healthcare,"Flanders, Belgium",,486.29,41.68,28.97,95.66812774514615,71.79,7.24,NONE
2026-02-21 12:45:00,Facility_B,Heavy Manufacturing,"Indiana, USA",27935.09,830.21,,24.75,91.37730721435219,73.46,6.91,NONE
2026-02-21 13:00:00,Facility_E,Hyperscale Cooling,"Nuevo Leon, Mexico",22668.09,609.96,32.97,24.51,93.11939414489444,76.51,7.27,NONE
2026-02-21 13:15:00,FACILITY_D,Pharmaceuticals & Healthcare,"Flanders, Belgium",17060.3,585.3,46.73,26.63,91.07462999017969,72.42,7.22,NONE
2026-02-21 13:30:00,Facility_A,Food & Beverage Processing,"Illinois, USA",16878.32,755.77,30.13,25.54,85.13253503609018,77.11,7.18,NONE
2026-02-21 13:45:00,Facility_C,Refinery & Petrochemicals,"Maharashtra, India",16555.88,673.06,31.64,23.96,96.34385467839711,72.0,7.63,NONE
2026-02-21 14:00:00,Facility_D,Pharmaceuticals & Healthcare,"Flanders, Belgium",19375.26,672.52,35.4,25.24,97.49620521258439,76.84,7.3,NONE
2026-02-21 14:15:00,Facility_B,Heavy Mfg.,"Indiana, USA",24280.99,676.73,-9.25,22.62,91.76641016136409,74.23,6.91,CHEMICAL_DOSING_BREACH
2026-02-21 14:30:00,Facility_A,Food & Beverage Processing,"Illinois, USA",16968.04,740.62,26.19,23.98,89.01462478078416,76.37,7.53,NONE
2026-02-21 14:45:00,Facility_A,Food & Beverage Processing,"Illinois, USA",22117.59,801.78,32.65,20.69,93.50668778003781,76.06,7.38,NONE
2026-02-21 15:00:00,Facility_D,Pharmaceuticals & Healthcare,"Flanders, Belgium",22454.01,642.84,37.61,25.01,88.80753494547605,74.85,7.0,NONE
2026-02-21 15:15:00,Facility_D,Pharmaceuticals & Healthcare,"Flanders, Belgium",18316.78,530.38,34.76,22.03,92.21955538979293,71.43,7.53,NONE
2026-02-21 15:30:00,FACILITY_E,Data Center Cooling,"Nuevo Leon, Mexico",20430.52,746.58,29.72,23.84,90.0796175808223,72.81,7.42,NONE
2026-02-21 15:45:00,Facility_E,Data Center Cooling,"Nuevo Leon, Mexico",18869.58,675.46,23.57,23.54,92.55970924207885,73.32,6.85,NONE
2026-02-21 16:00:00,facility_d,pharma,"Flanders, Belgium",18878.29,575.86,38.61,25.63,91.06893702855591,76.19,7.44,NONE
2026-02-21 16:15:00,Facility_C,Refinery & Petrochemicals,"Maharashtra, India",,752.88,38.71,21.6,91.99688034357688,73.17,7.29,NONE
2026-02-21 16:30:00,Facility_C,refinery,"Maharashtra, India",19671.08,797.22,36.63,25.18,92.83462034910576,78.75,7.05,NONE
2026-02-21 16:45:00,Facility_E,Data Center Cooling,"Nuevo Leon, Mexico",20775.19,744.97,23.01,22.79,93.8705576528661,76.69,7.48,NONE
2026-02-21 17:00:00,Facility_D,Pharmaceuticals & Healthcare,"Flanders, Belgium",15849.43,637.05,-2.35,21.55,95.06882715690644,77.83,7.22,CHEMICAL_DOSING_BREACH
2026-02-21 17:15:00,Facility_E,Data Center Cooling,"Nuevo Leon, Mexico",20987.71,540.11,30.76,24.22,88.3981351942033,73.91,7.21,NONE
2026-02-21 17:30:00,Facility_E,Data Center Cooling,"Nuevo Leon, Mexico",21425.69,594.87,23.18,23.34,93.07369581917733,80.77,7.51,NONE
2026-02-21 17:45:00,Facility_C,Refinery & Petrochemicals,"Maharashtra, India",16651.33,832.9,42.68,22.38,94.78898465733278,77.71,7.3,NONE
2026-02-21 18:00:00,Facility_B_Unit2,Heavy Manufacturing,"Indiana, USA",19243.96,886.69,31.86,25.13,89.97923023449093,69.26,7.16,NONE
2026-02-21 18:15:00,Facility_D,Pharmaceuticals & Healthcare,"Flanders, Belgium",18341.82,599.63,32.79,24.22,96.37616113562518,78.17,7.26,NONE
2026-02-21 18:30:00,facility_d,Pharmaceuticals & Healthcare,"Flanders, Belgium",13698.53,660.11,35.01,144.89,93.88938216483177,79.08,7.34,SENSOR_TEMP_SPIKE
2026-02-21 18:45:00,Facility_E,Hyperscale Cooling,"Nuevo Leon, Mexico",21274.13,657.35,36.38,22.45,95.34026869365225,80.82,7.35,NONE
2026-02-21 19:00:00,Facility_C,Refinery & Petrochemicals,"Maharashtra, India",16576.72,697.14,33.61,23.24,94.90132332582475,79.08,6.92,NONE
2026-02-21 19:15:00,Facility_B,Heavy Manufacturing,"Indiana, USA",26476.12,891.72,30.93,18.36,92.30965865268273,77.66,7.12,NONE
2026-02-21 19:30:00,Facility_E,Data Center Cooling,"Nuevo Leon, Mexico",18096.31,792.29,29.76,23.22,91.43184489894432,68.08,7.62,NONE
2026-02-21 19:45:00,facility_e,Data Center Cooling,"Nuevo Leon, Mexico",29550.25,628.48,32.78,22.6,94.51489827977484,73.73,7.96,NONE
2026-02-21 20:00:00,Facility_A,Food & Beverage Processing,"Illinois, USA",17409.03,670.12,31.82,24.06,97.77172757987123,76.21,7.41,NONE
2026-02-21 20:15:00,Facility_B,Heavy Manufacturing,"Indiana, USA",24422.85,883.05,25.5,23.54,92.80247390214222,69.58,7.79,NONE
2026-02-21 20:30:00,Facility_A,Food & Beverage Processing,"Illinois, USA",16998.47,684.91,24.84,23.02,94.88743827985027,69.92,6.84,NONE
2026-02-21 20:45:00,Facility_E,data center,"Nuevo Leon, Mexico",20150.44,738.25,27.51,26.35,94.57178454765044,75.15,7.44,NONE
2026-02-21 21:00:00,Facility_D,Pharmaceuticals & Healthcare,"Flanders, Belgium",19445.86,543.78,33.57,28.12,93.03215197103287,74.1,7.36,NONE
2026-02-21 21:15:00,Facility_C,Refinery & Petrochemicals,"Maharashtra, India",17116.76,790.87,30.13,25.15,92.68022785216407,79.08,7.49,NONE
2026-02-21 21:30:00,Facility_E,Data Center Cooling,"Nuevo Leon, Mexico",22097.01,690.47,28.79,25.43,93.87298445911553,67.89,7.63,NONE
2026-02-21 21:45:00,Facility_A,Food & Beverage Processing,"Illinois, USA",21010.28,606.0,32.03,25.75,91.58137399263849,68.04,7.05,NONE
2026-02-21 22:00:00,Facility_C,Refinery & Petrochemicals,"Maharashtra, India",18581.0,849.31,30.93,22.56,92.52902952562371,77.09,7.84,NONE
2026-02-21 22:15:00,Facility_D,Pharmaceuticals & Healthcare,"Flanders, Belgium",18916.48,530.61,34.16,27.2,ERROR_SENSOR,74.87,7.72,NONE
2026-02-21 22:30:00,Facility_E,data center,"Nuevo Leon, Mexico",20699.15,668.92,30.72,25.16,95.0053007044622,76.6,7.49,NONE
2026-02-21 22:45:00,Facility_A,Food & Beverage Processing,"Illinois, USA",19947.3,761.27,37.17,23.8,92.64988624917615,77.57,7.33,NONE
2026-02-21 23:00:00,Facility_C ,Refinery & Petrochemicals,"Maharashtra, India",,802.86,33.44,29.28,96.67853165299358,79.22,7.36,NONE
2026-02-21 23:15:00,Facility_E,Data Center Cooling,"Nuevo Leon, Mexico",21886.24,724.32,24.98,24.08,100.0,75.79,6.98,NONE
2026-02-21 23:30:00,Facility_E,Data Center Cooling,"Nuevo Leon, Mexico",23534.48,946.74,22.05,27.06,89.90744829232496,79.2,6.75,NONE
2026-02-21 23:45:00,Facility_E,Data Center Cooling,"Nuevo Leon, Mexico",21299.68,783.28,22.68,27.04,92.01255209947522,81.75,6.95,NONE
2026-02-22 00:00:00,Facility_A,Food & Beverage Processing,"Illinois, USA",21363.04,705.87,36.93,28.87,92.69482247746075,73.8,7.6,NONE
2026-02-22 00:15:00,Facility_D,Pharmaceuticals & Healthcare,"Flanders, Belgium",19891.47,562.33,34.0,27.42,ERROR_SENSOR,76.92,7.66,NONE
2026-02-22 00:30:00,Facility_D,Pharmaceuticals & Healthcare,"Flanders, Belgium",16863.11,545.26,34.85,28.92,93.67506488649983,72.35,7.53,NONE
2026-02-22 00:45:00,Facility_D,Pharmaceuticals & Healthcare,"Flanders, Belgium",17639.1,557.41,32.82,28.79,90.00574006501941,80.45,7.42,NONE
2026-02-22 01:00:00,Facility_C,Refinery & Petrochemicals,"Maharashtra, India",18472.94,775.98,42.68,25.11,89.42942921762513,78.32,7.09,NONE
2026-02-22 01:15:00,Facility_C,Refinery & Petrochemicals,"Maharashtra, India",17156.97,742.57,40.23,29.24,93.04822357087167,75.8,7.46,NONE
2026-02-22 01:30:00,Facility_B,Heavy Manufacturing,"Indiana, USA",22687.38,761.5,19.95,30.71,--,74.06,7.5,NONE
2026-02-22 01:45:00,facility_d,Pharmaceuticals & Healthcare,"Flanders, Belgium",16537.26,520.77,33.63,23.05,93.29155512438707,84.52,7.2,NONE
2026-02-22 02:00:00,Facility_D,Pharmaceuticals & Healthcare,"Flanders, Belgium",17591.09,547.96,38.81,30.09,90.82965075593945,76.08,7.33,NONE
2026-02-22 02:15:00,Facility_A,Food & Beverage Processing,"Illinois, USA",19953.88,745.18,27.41,27.78,94.97955453626109,73.37,7.57,NONE
2026-02-22 02:30:00,Facility_B,Heavy Manufacturing,"Indiana, USA",25101.73,924.88,20.26,29.52,89.37309815283741,79.05,7.31,NONE
2026-02-22 02:45:00,Facility_D,Pharmaceuticals & Healthcare,"Flanders, Belgium",17954.13,521.99,40.29,30.16,92.59910702815112,76.99,7.41,NONE
2026-02-22 03:00:00,Facility_D,Pharmaceuticals & Healthcare,"Flanders, Belgium",18912.09,613.55,45.11,29.84,94.40699162851887,78.13,7.08,NONE
2026-02-22 03:15:00,Facility_A,Food & Beverage Processing,"Illinois, USA",18839.81,685.47,32.76,29.9,99.12740912043111,80.75,6.93,NONE
2026-02-22 03:30:00,facility_d,Pharmaceuticals & Healthcare,"Flanders, Belgium",19521.52,609.3,37.85,28.74,97.91188944917153,75.49,7.06,NONE
2026-02-22 03:45:00,Facility_B_Unit2,Heavy Mfg.,"Indiana, USA",28810.59,879.29,25.8,28.45,90.95238157867763,79.33,7.52,NONE
2026-02-22 04:00:00,Facility_B,Heavy Manufacturing,"Indiana, USA",28749.34,857.18,25.64,28.53,96.93407580086117,76.01,7.28,NONE
2026-02-22 04:15:00,Facility_D,pharma,"Flanders, Belgium",18766.97,625.79,39.87,29.92,93.35200181746441,71.34,7.36,NONE
2026-02-22 04:30:00,Facility_A,Food & Beverage Processing,"Illinois, USA",18597.61,709.43,29.23,27.78,96.55215852759001,76.58,7.28,NONE
2026-02-22 04:45:00,Facility_E,Data Center Cooling,"Nuevo Leon, Mexico",20285.18,645.84,32.98,32.54,93.21843762212634,75.47,7.07,NONE
2026-02-22 05:00:00,facility_c,Refinery & Petrochemicals,"Maharashtra, India",19020.39,723.54,32.62,29.84,92.14227963686236,73.42,7.65,NONE
2026-02-22 05:15:00,Facility_E,Data Center Cooling,"Nuevo Leon, Mexico",15752.5,710.0,31.15,30.77,91.0047855084544,83.47,8.1,NONE
2026-02-22 05:30:00,Facility_A,Food & Beverage Processing,"Illinois, USA",19227.16,642.31,30.45,28.44,94.78206832091314,76.59,7.63,NONE
2026-02-22 05:45:00,Facility_C,Refinery & Petrochemicals,"Maharashtra, India",378.03,1949.22,31.27,28.29,48.70422341125791,74.36,7.59,BROWNOUT_WATER_STALL
2026-02-22 06:00:00,Facility_D,Pharmaceuticals & Healthcare,"Flanders, Belgium",19529.88,612.81,41.12,32.39,87.92924899361607,72.63,7.63,NONE
2026-02-22 06:15:00,Facility_D,Pharmaceuticals & Healthcare,"Flanders, Belgium",16644.26,638.38,45.1,32.64,95.61708930273029,71.99,7.43,NONE
2026-02-22 06:30:00,Facility_D,pharma,"Flanders, Belgium",15695.29,524.55,34.51,30.58,92.24503275062946,75.18,7.6,NONE
2026-02-22 06:45:00,Facility_C,Refinery & Petrochemicals,"Maharashtra, India",17223.56,788.55,33.75,30.77,95.69575231427783,78.15,7.54,NONE
2026-02-22 07:00:00,FACILITY_D,Pharmaceuticals & Healthcare,"Flanders, Belgium",19648.93,488.19,-6.08,28.88,94.64758466178408,68.19,7.44,CHEMICAL_DOSING_BREACH
2026-02-22 07:15:00,Facility_D,Pharmaceuticals & Healthcare,"Flanders, Belgium",19313.07,628.4,40.43,28.76,90.18844484667376,62.97,7.76,NONE
2026-02-22 07:30:00,Facility_E,Data Center Cooling,"Nuevo Leon, Mexico",21203.95,891.28,27.69,30.7,96.35215510857151,81.37,7.49,NONE
2026-02-22 07:45:00,Facility_B,Heavy Manufacturing,"Indiana, USA",,842.35,,29.4,93.66390235076828,80.22,7.23,CHEMICAL_DOSING_BREACH
2026-02-22 08:00:00,Facility_B,Heavy Manufacturing,"Indiana, USA",29638.57,896.84,31.06,31.73,96.16611171611507,78.79,7.95,NONE
2026-02-22 08:15:00,Facility_D,Pharmaceuticals & Healthcare,"Flanders, Belgium",22351.0,595.54,35.64,30.49,87.33617367789273,77.73,7.05,NONE
2026-02-22 08:30:00,Facility_D,Pharmaceuticals & Healthcare,"Flanders, Belgium",21240.41,681.68,,29.58,90.09387887146423,66.22,7.32,NONE
2026-02-22 08:45:00,Facility_A,Food & Beverage Processing,"Illinois, USA",20731.23,766.79,32.15,26.51,93.89481203985058,67.28,6.95,NONE
2026-02-22 09:00:00,Facility_B,Heavy Manufacturing,"Indiana, USA",22705.04,928.18,30.79,29.91,90.73963462132212,72.26,6.97,NONE
2026-02-22 09:15:00,Facility_D,Pharmaceuticals & Healthcare,"Flanders, Belgium",21783.6,694.02,39.84,30.45,92.99132755452362,66.71,7.11,NONE
2026-02-22 09:30:00,facility_c,Refinery & Petrochemicals,"Maharashtra, India",17775.58,747.07,32.92,29.02,90.77945891669755,83.75,6.97,NONE
2026-02-22 09:45:00,Facility_C,Refinery & Petrochemicals,"Maharashtra, India",20831.65,756.65,37.44,29.64,94.0025383363861,68.9,7.26,NONE
2026-02-22 10:00:00,Facility_D,Pharmaceuticals & Healthcare,"Flanders, Belgium",19098.84,575.06,33.2,30.82,85.52056503706342,72.87,7.09,NONE
2026-02-22 10:15:00,Facility_C,Refinery & Petrochemicals,"Maharashtra, India",,856.0,29.59,32.51,52.105831429241235,129.43,6.95,PRESSURE_BURST_SURGE
2026-02-22 10:30:00,facility_e,Data Center Cooling,"Nuevo Leon, Mexico",26753.74,736.22,33.53,26.52,91.41946963543035,81.61,7.16,NONE
2026-02-22 10:45:00,Fac_E_Cooling,Hyperscale Cooling,"Nuevo Leon, Mexico",20549.65,700.39,33.22,25.61,97.68399534737127,75.1,7.4,NONE
2026-02-22 11:00:00,Facility_D,Pharmaceuticals & Healthcare,"Flanders, Belgium",18589.75,640.17,36.58,26.26,95.16539464969472,73.62,7.9,NONE
2026-02-22 11:15:00,Facility_B,Heavy Manufacturing,"Indiana, USA",28611.93,869.14,34.52,24.67,95.29540542794182,74.46,7.29,NONE
2026-02-22 11:30:00,Facility_B,Heavy Manufacturing,"Indiana, USA",24920.49,933.51,20.68,27.87,88.92260032409666,72.9,7.34,NONE
2026-02-22 11:45:00,Facility_B,Heavy Manufacturing,"Indiana, USA",30792.66,795.18,28.73,24.55,95.1186317013346,68.01,6.85,NONE
2026-02-22 12:00:00,Facility_C,Refinery & Petrochemicals,"Maharashtra, India",15417.98,754.95,34.52,28.54,98.37090994353258,80.74,7.67,NONE
2026-02-22 12:15:00,Facility_D,Pharmaceuticals & Healthcare,"Flanders, Belgium",23380.99,594.91,39.47,29.53,89.93409826593745,78.23,7.34,NONE
2026-02-22 12:30:00,Facility_E,Data Center Cooling,"Nuevo Leon, Mexico",24475.64,838.63,27.81,23.81,97.81851277138519,71.87,7.38,NONE
2026-02-22 12:45:00,Facility_A_Line1,FOOD & BEV,"Illinois, USA",16676.56,687.29,35.77,26.41,91.09588581464564,65.55,7.54,NONE
2026-02-22 13:00:00,Fac_D,Pharmaceuticals & Healthcare,"Flanders, Belgium",17786.22,578.95,36.93,24.7,95.48372497592278,70.09,7.39,NONE
2026-02-22 13:15:00,Facility_E,Data Center Cooling,"Nuevo Leon, Mexico",22150.05,851.06,28.72,23.07,95.65936746615671,70.0,7.16,NONE
2026-02-22 13:30:00,Facility_A_Line1,Food & Beverage Processing,"Illinois, USA",18107.52,699.83,36.93,26.14,89.97995668490732,80.81,7.65,NONE
2026-02-22 13:45:00,Facility_A,Food and Beverage,"Illinois, USA",20225.98,547.77,27.95,24.75,98.7973638469649,79.96,7.08,NONE
2026-02-22 14:00:00,Facility_A,Food & Beverage Processing,"Illinois, USA",15378.96,699.99,32.09,22.27,90.71309811569583,83.52,7.25,NONE
2026-02-22 14:15:00,Facility_B,Heavy Manufacturing,"Indiana, USA",24859.0,1077.41,27.08,22.46,91.23064599290642,75.31,7.22,NONE
2026-02-22 14:30:00,Facility_D,Pharmaceuticals & Healthcare,"Flanders, Belgium",18426.65,566.56,50.72,25.35,90.45662315363286,73.22,7.57,NONE
2026-02-22 14:45:00,Facility_E,Data Center Cooling,"Nuevo Leon, Mexico",23841.78,629.67,22.55,24.71,91.45922801063301,70.5,7.4,NONE
2026-02-22 15:00:00,Facility_E,Data Center Cooling,"Nuevo Leon, Mexico",23102.21,732.08,20.34,22.72,89.78670313734327,76.53,7.92,NONE
2026-02-22 15:15:00,Facility_D,Pharmaceuticals & Healthcare,"Flanders, Belgium",19365.75,594.09,40.91,25.92,91.63806317687776,73.76,7.62,NONE
2026-02-22 15:30:00,antwerp_hub_d,Pharmaceuticals & Healthcare,"Flanders, Belgium",16603.68,483.14,35.55,25.59,93.94961559134475,71.9,7.63,NONE
2026-02-22 15:45:00,Facility_D,Pharmaceuticals & Healthcare,"Flanders, Belgium",19962.27,524.79,36.7,21.33,93.95883434907192,76.86,6.66,NONE
2026-02-22 16:00:00,Facility_E,Data Center Cooling,"Nuevo Leon, Mexico",18516.92,875.89,27.09,26.02,89.4198091680262,71.61,7.41,NONE
2026-02-22 16:15:00,Facility_A,Food & Beverage Processing,"Illinois, USA",18526.56,803.23,31.0,24.19,90.00553637916775,75.19,7.26,NONE
2026-02-22 16:30:00,Facility_D,Pharmaceuticals & Healthcare,"Flanders, Belgium",16469.45,595.55,43.22,21.73,94.85288722784381,73.03,7.38,NONE
2026-02-22 16:45:00,Facility_B,Heavy Manufacturing,"Indiana, USA",28389.2,961.11,33.72,21.36,89.19828323927184,64.95,7.53,NONE
2026-02-22 17:00:00,Facility_A,Food & Beverage Processing,"Illinois, USA",18046.44,788.74,27.15,23.44,87.83518716655726,76.27,7.46,NONE
2026-02-22 17:15:00,Facility_B,Heavy Manufacturing,"Indiana, USA",22387.17,856.15,37.19,23.82,100.0,74.69,7.51,NONE
2026-02-22 17:30:00,Facility_E,Data Center Cooling,"Nuevo Leon, Mexico",19894.3,768.47,24.4,24.16,90.92217197195681,81.5,6.97,NONE
2026-02-22 17:45:00,Facility_C,Refinery & Petrochemicals,"Maharashtra, India",18138.34,757.66,30.8,22.93,91.79300690041765,80.32,7.12,NONE
2026-02-22 18:00:00,Facility_C,Refinery & Petrochemicals,"Maharashtra, India",19778.15,770.32,34.6,22.66,95.7663605717518,65.51,7.36,NONE
2026-02-22 18:15:00,Facility_A,F&B Processing,"Illinois, USA",17354.15,659.54,32.52,24.49,98.46361248838947,71.38,6.55,NONE
2026-02-22 18:30:00,Facility_D,Pharmaceuticals & Healthcare,"Flanders, Belgium",18876.7,465.55,39.35,20.92,94.59551001992182,70.16,7.02,NONE
2026-02-22 18:45:00,Facility_C,Refinery & Petrochemicals,"Maharashtra, India",,807.85,,23.56,99.18717785716353,81.52,6.9,NONE
2026-02-22 19:00:00,Facility_E,Data Center Cooling,"Nuevo Leon, Mexico",17688.88,786.09,24.01,23.75,88.02707656395819,73.68,7.61,NONE
2026-02-22 19:15:00,antwerp_hub_d,Pharmaceuticals & Healthcare,"Flanders, Belgium",15232.78,562.35,36.95,23.8,91.35969363960353,67.57,6.64,NONE
2026-02-22 19:30:00,Facility_D,Pharmaceuticals & Healthcare,"Flanders, Belgium",21695.79,616.5,37.4,22.71,94.86068313683714,78.35,6.79,NONE
2026-02-22 19:45:00,Facility_D,Pharmaceuticals & Healthcare,"Flanders, Belgium",14720.84,459.42,36.05,23.24,96.74010885140231,60.9,6.98,NONE
2026-02-22 20:00:00,FAC-B,Heavy Manufacturing,"Indiana, USA",26194.38,861.39,27.66,21.01,91.2610684234665,73.38,6.87,NONE
2026-02-22 20:15:00,Facility_B,Heavy Manufacturing,"Indiana, USA",23149.46,724.01,30.61,21.53,89.31672017113225,71.67,7.56,NONE
2026-02-22 20:30:00,Facility_A,Food & Beverage Processing,"Illinois, USA",,791.58,35.49,21.98,--,78.94,7.21,NONE
2026-02-22 20:45:00,Facility_B,Mfg Heavy,"Indiana, USA",26533.24,764.24,27.55,23.03,95.50704213952042,72.27,7.41,NONE
2026-02-22 21:00:00,Facility_C,Refinery & Petrochemicals,"Maharashtra, India",19688.1,715.69,33.81,24.51,ERROR_SENSOR,68.34,7.5,NONE
2026-02-22 21:15:00,Facility_C,Refinery & Petrochemicals,"Maharashtra, India",21569.96,784.43,31.71,23.77,90.40487764895475,71.74,7.46,NONE
2026-02-22 21:30:00,Facility_D,Pharmaceuticals & Healthcare,"Flanders, Belgium",18583.07,580.15,32.59,22.97,95.4616843724207,66.46,6.98,NONE
2026-02-22 21:45:00,Facility_C,Refinery & Petrochemicals,"Maharashtra, India",18136.61,736.79,38.73,19.97,93.2360428440694,80.17,7.44,NONE
2026-02-22 22:00:00,Facility_B_Unit2,Heavy Manufacturing,"Indiana, USA",21043.55,1043.92,26.2,20.12,96.09855502801447,70.36,7.87,NONE
2026-02-22 22:15:00,Facility_D,Pharmaceuticals & Healthcare,"Flanders, Belgium",20340.03,690.26,33.08,27.03,90.89764889955487,75.55,7.4,NONE
2026-02-22 22:30:00,Facility_B,Heavy Manufacturing,"Indiana, USA",30083.26,908.03,26.55,26.93,93.20568369626565,77.12,7.43,NONE
2026-02-22 22:45:00,Facility_D,Healthcare & Pharma,"Flanders, Belgium",18240.26,493.69,38.35,24.0,89.56360856293259,77.74,7.17,NONE
2026-02-22 23:00:00,Facility_C,Refinery & Petrochemicals,"Maharashtra, India",14748.52,777.17,34.86,25.35,93.29871400625579,69.47,7.24,NONE
2026-02-22 23:15:00,facility_e,Data Center Cooling,"Nuevo Leon, Mexico",,814.12,27.02,26.77,93.79772515960758,72.52,7.7,NONE
2026-02-22 23:30:00,Facility_D,Pharmaceuticals & Healthcare,"Flanders, Belgium",,586.44,30.51,26.63,91.3878633019247,72.28,7.27,NONE
2026-02-22 23:45:00,Facility_B,Heavy Manufacturing,"Indiana, USA",18924.13,704.42,31.99,26.43,98.16675578649651,67.84,7.59,NONE
2026-02-23 00:00:00,Facility_A,Food & Beverage Processing,"Illinois, USA",20327.91,796.03,31.05,26.71,90.69202359378689,72.78,7.21,NONE
2026-02-23 00:15:00,Facility_D,Pharmaceuticals & Healthcare,"Flanders, Belgium",15741.57,576.75,41.46,28.89,90.90604113327973,73.84,7.31,NONE
2026-02-23 00:30:00,Facility_D,Pharmaceuticals & Healthcare,"Flanders, Belgium",22031.36,670.64,32.02,27.9,95.19958880374715,73.1,7.0,NONE
2026-02-23 00:45:00,Facility_B,Heavy Manufacturing,"Indiana, USA",27973.16,942.16,,29.43,93.51290857314363,80.4,7.75,NONE
2026-02-23 01:00:00,Facility_D,Pharmaceuticals & Healthcare,"Flanders, Belgium",18666.09,592.75,34.55,24.61,94.30233367370471,67.4,7.94,NONE
2026-02-23 01:15:00,Facility_D,Pharmaceuticals & Healthcare,"Flanders, Belgium",21276.36,560.38,48.7,26.65,92.24418634597585,72.18,7.33,NONE
2026-02-23 01:30:00,Facility_B,Heavy Manufacturing,"Indiana, USA",24830.52,878.35,24.31,28.26,91.76390004532364,74.28,7.05,NONE
2026-02-23 01:45:00,Facility_E,Data Center Cooling,"Nuevo Leon, Mexico",18911.03,909.39,24.63,29.21,91.78221652448947,69.42,7.37,NONE
2026-02-23 02:00:00,Facility_A,Food & Beverage Processing,"Illinois, USA",17254.47,749.93,30.98,30.9,89.32207473339244,75.24,7.45,NONE
2026-02-23 02:15:00,facility_d,Pharmaceuticals & Healthcare,"Flanders, Belgium",16480.4,531.22,290.64,25.91,93.1205419511631,77.63,7.31,CHEMICAL_DOSING_BREACH
2026-02-23 02:30:00,Facility_C ,Refinery & Petrochemicals,"Maharashtra, India",,676.12,26.67,29.55,91.38579699207978,65.9,7.2,NONE
2026-02-23 02:45:00,Facility_C,REFINERY_PETRO,"Maharashtra, India",19390.32,808.28,36.34,27.89,95.40218287914209,73.91,7.1,NONE
2026-02-23 03:00:00,FACILITY_D,Pharmaceuticals & Healthcare,"Flanders, Belgium",16209.66,580.17,41.15,30.4,94.0223112064968,76.85,8.01,NONE
2026-02-23 03:15:00,Facility_A,Food & Beverage Processing,"Illinois, USA",19928.35,724.22,33.79,30.86,89.22516830764897,74.8,7.63,NONE
2026-02-23 03:30:00,Facility_E,Data Center Cooling,"Nuevo Leon, Mexico",25519.97,751.51,26.59,29.97,91.43946784508947,81.06,7.48,NONE
2026-02-23 03:45:00,Facility_E,Data Center Cooling,"Nuevo Leon, Mexico",20966.86,833.52,23.66,26.1,94.84947668032156,78.83,7.31,NONE
2026-02-23 04:00:00,Facility_C ,Refinery & Petrochemicals,"Maharashtra, India",17292.72,702.66,30.32,31.16,96.11746810904775,78.13,7.35,NONE
2026-02-23 04:15:00,Fac_E_Cooling,Data Center Cooling,"Nuevo Leon, Mexico",18172.83,696.38,31.01,28.22,93.17411832364739,69.42,7.15,NONE
2026-02-23 04:30:00,Facility_E,Data Center Cooling,"Nuevo Leon, Mexico",18183.38,751.22,22.36,28.83,96.2235936617409,78.72,7.54,NONE
2026-02-23 04:45:00,facility_e,Data Center Cooling,"Nuevo Leon, Mexico",24683.84,651.03,28.12,30.42,99.74594736708036,72.93,7.57,NONE
2026-02-23 05:00:00,Facility_B,Heavy Manufacturing,"Indiana, USA",31031.37,850.95,,29.68,88.02342271666068,71.93,6.95,NONE
2026-02-23 05:15:00,Facility_E,Data Center Cooling,"Nuevo Leon, Mexico",23080.58,632.84,30.15,32.47,95.83268443398796,71.83,7.56,NONE
2026-02-23 05:30:00,FAC-B,Heavy Manufacturing,"Indiana, USA",25819.95,801.59,26.97,31.26,88.5187282717706,71.73,7.45,NONE
2026-02-23 05:45:00,Facility_C,Refinery & Petrochemicals,"Maharashtra, India",17668.79,676.63,31.76,30.8,95.04518592401895,78.88,7.57,NONE
2026-02-23 06:00:00,Facility_A,Food & Beverage Processing,"Illinois, USA",21040.8,575.99,34.66,29.57,88.88705976379858,76.51,7.4,NONE
2026-02-23 06:15:00,Facility_C,Refinery & Petrochemicals,"Maharashtra, India",20825.91,735.47,35.48,27.25,99.77505945344238,67.98,7.12,NONE
2026-02-23 06:30:00,Facility_E,Data Center Cooling,"Nuevo Leon, Mexico",18490.12,765.49,-6.53,32.41,94.50736776918843,67.29,7.57,CHEMICAL_DOSING_BREACH
2026-02-23 06:45:00,Facility_C,Refinery & Petrochemicals,"Maharashtra, India",20887.23,807.98,38.27,28.62,96.4553911808967,71.42,7.68,NONE
2026-02-23 07:00:00,Facility_B,Heavy Mfg.,"Indiana, USA",20900.79,778.4,27.62,28.58,93.39871005027139,72.44,7.29,NONE
2026-02-23 07:15:00,Facility_C,REFINERY_PETRO,"Maharashtra, India",122272.11,676.72,35.4,30.06,37.75485175112433,138.23,7.44,PRESSURE_BURST_SURGE
2026-02-23 07:30:00,Facility_C,Refinery & Petrochemicals,"Maharashtra, India",19383.21,904.68,38.52,30.05,N/A,79.23,7.17,NONE
2026-02-23 07:45:00,Facility_D,Pharmaceuticals & Healthcare,"Flanders, Belgium",164.55,2408.11,37.07,30.34,ERROR_SENSOR,72.04,7.63,BROWNOUT_WATER_STALL
2026-02-23 08:00:00,Fac_E_Cooling,Hyperscale Cooling,"Nuevo Leon, Mexico",,713.53,30.53,32.06,93.65729014186968,79.23,7.5,NONE
2026-02-23 08:15:00,Facility_C,Refinery & Petrochemicals,"Maharashtra, India",16669.42,711.21,31.73,29.48,92.60761767870528,76.68,7.31,NONE
2026-02-23 08:30:00,Facility_E,Data Center Cooling,"Nuevo Leon, Mexico",21727.1,662.41,29.51,28.81,91.7358764249055,71.09,7.77,NONE
2026-02-23 08:45:00,Facility_C,Refinery & Petrochemicals,"Maharashtra, India",16161.76,829.58,35.3,27.06,92.54792986799222,63.49,7.83,NONE
2026-02-23 09:00:00,antwerp_hub_d,Pharmaceuticals & Healthcare,"Flanders, Belgium",83951.49,632.47,43.15,28.31,40.120599684868466,129.65,7.88,PRESSURE_BURST_SURGE
2026-02-23 09:15:00,Facility_C,Refinery & Petrochemicals,"Maharashtra, India",18394.84,805.53,30.8,31.84,94.89032528378935,72.57,7.47,NONE
2026-02-23 09:30:00,facility_e,Data Center Cooling,"Nuevo Leon, Mexico",19597.73,843.85,32.76,29.61,95.45741455199335,67.35,7.76,NONE
2026-02-23 09:45:00,Facility_A,Food & Beverage Processing,"Illinois, USA",19033.33,786.09,34.65,30.54,90.14715855917134,69.86,7.98,NONE
2026-02-23 10:00:00,Facility_D,Pharmaceuticals & Healthcare,"Flanders, Belgium",15306.13,506.55,37.68,28.58,91.77194215317608,76.77,7.6,NONE
2026-02-23 10:15:00,Fac_D,Pharmaceuticals & Healthcare,"Flanders, Belgium",,553.72,37.41,27.37,88.06564178499568,75.35,7.56,NONE
2026-02-23 10:30:00,Facility_D,Pharmaceuticals & Healthcare,"Flanders, Belgium",18373.24,440.12,35.1,29.66,88.89760475988221,77.13,7.23,NONE
2026-02-23 10:45:00,Facility_E,Data Center Cooling,"Nuevo Leon, Mexico",21052.46,698.56,23.73,30.37,96.11068490422878,76.9,7.6,NONE
2026-02-23 11:00:00,Facility_C,Refinery & Petrochemicals,"Maharashtra, India",19962.75,850.36,32.71,30.02,97.62297939051946,75.71,7.27,NONE
2026-02-23 11:15:00,Facility_C,REFINERY_PETRO,"Maharashtra, India",16062.75,794.77,42.58,25.19,96.75784047528194,71.88,7.24,NONE
2026-02-23 11:30:00,Facility_B,Heavy Manufacturing,"Indiana, USA",22152.19,776.79,31.22,28.41,94.25474585944514,71.75,7.04,NONE
2026-02-23 11:45:00,Facility_C,Refinery & Petrochemicals,"Maharashtra, India",18966.53,748.64,36.39,26.18,92.55387268260652,74.72,7.45,NONE
2026-02-23 12:00:00,antwerp_hub_d,Pharmaceuticals & Healthcare,"Flanders, Belgium",21468.27,549.83,39.79,29.75,95.3306442375282,79.24,7.18,NONE
2026-02-23 12:15:00,Facility_A,Food & Beverage Processing,"Illinois, USA",17597.85,701.64,31.28,28.17,91.16501136261967,73.6,7.65,NONE
2026-02-23 12:30:00,Facility_C,Refinery & Petrochemicals,"Maharashtra, India",19313.96,776.16,36.5,23.95,89.83999003442572,66.85,7.41,NONE
2026-02-23 12:45:00,Facility_B,Heavy Manufacturing,"Indiana, USA",28633.67,904.31,33.3,28.34,93.96287163036212,73.71,7.76,NONE
2026-02-23 13:00:00,Facility_D,Pharmaceuticals & Healthcare,"Flanders, Belgium",17144.32,501.94,36.08,24.64,93.65464558662727,70.17,7.45,NONE
2026-02-23 13:15:00,Facility_A,Food & Beverage Processing,"Illinois, USA",17947.46,800.57,26.48,24.96,92.42827426695196,75.04,7.61,NONE
2026-02-23 13:30:00,antwerp_hub_d,Pharmaceuticals & Healthcare,"Flanders, Belgium",19316.98,561.68,40.4,26.49,94.3614393494539,75.74,7.53,NONE
2026-02-23 13:45:00,Facility_B,Heavy Manufacturing,"Indiana, USA",20702.38,810.53,30.08,24.21,92.57792995315779,75.69,7.46,NONE
2026-02-23 14:00:00,Facility_A,Food & Beverage Processing,"Illinois, USA",20342.64,656.51,25.55,25.95,91.1242703760368,70.35,7.1,NONE
2026-02-23 14:15:00,FACILITY_A,Food & Beverage Processing,"Illinois, USA",21923.68,728.12,32.94,25.52,93.36441430267026,78.56,7.01,NONE
2026-02-23 14:30:00,Facility_D,Pharmaceuticals & Healthcare,"Flanders, Belgium",16280.42,504.09,39.27,24.98,91.98773748251679,72.95,7.71,NONE
2026-02-23 14:45:00,facility_c,Refinery & Petrochemicals,"Maharashtra, India",17258.1,799.96,32.62,25.84,95.51096378967253,67.7,7.28,NONE
2026-02-23 15:00:00,Facility_B,Heavy Manufacturing,"Indiana, USA",19355.89,915.64,37.1,19.75,88.93328418900145,74.75,7.34,NONE
2026-02-23 15:15:00,Facility_C,Refinery & Petrochemicals,"Maharashtra, India",,641.99,36.86,25.09,100.0,79.88,6.99,NONE
2026-02-23 15:30:00,FACILITY_D,Healthcare & Pharma,"Flanders, Belgium",18692.29,602.69,34.61,24.73,95.75080892779819,79.57,7.57,NONE
2026-02-23 15:45:00,FAC-B,Heavy Manufacturing,"Indiana, USA",26672.46,786.41,23.07,23.57,92.20773090652688,72.62,7.66,NONE
2026-02-23 16:00:00,Facility_D,Pharmaceuticals & Healthcare,"Flanders, Belgium",21793.99,498.71,36.62,22.26,94.50770765440855,63.8,6.94,NONE
2026-02-23 16:15:00,Facility_E,Data Center Cooling,"Nuevo Leon, Mexico",20802.5,808.96,28.82,24.12,94.13138680859835,79.74,7.77,NONE
2026-02-23 16:30:00,Facility_C,Refinery & Petrochemicals,"Maharashtra, India",17108.93,845.66,37.63,27.31,90.94692793915482,73.47,7.06,NONE
2026-02-23 16:45:00,Facility_B,Heavy Manufacturing,"Indiana, USA",22778.96,872.39,29.36,23.69,95.16321192783701,72.94,7.28,NONE
2026-02-23 17:00:00,Facility_D,Pharmaceuticals & Healthcare,"Flanders, Belgium",16538.31,529.1,,22.99,95.77452125308348,76.74,7.79,NONE
2026-02-23 17:15:00,Facility_B,Heavy Manufacturing,"Indiana, USA",22779.72,820.46,24.78,24.88,,79.2,7.76,NONE
2026-02-23 17:30:00,antwerp_hub_d,Pharmaceuticals & Healthcare,"Flanders, Belgium",19647.7,585.68,37.66,21.96,92.1003687557502,73.34,7.86,NONE
2026-02-23 17:45:00,Facility_B,Heavy Manufacturing,"Indiana, USA",22565.67,857.19,31.49,22.0,94.83146358797305,67.23,7.72,NONE
2026-02-23 18:00:00,Facility_A,Food and Beverage,"Illinois, USA",21877.72,705.98,27.8,23.93,89.8260177078334,69.48,7.33,NONE
2026-02-23 18:15:00,facility_e,Data Center Cooling,"Nuevo Leon, Mexico",24943.68,798.04,25.78,19.48,93.6328653236218,75.13,7.33,NONE
2026-02-23 18:30:00,Facility_C,REFINERY_PETRO,"Maharashtra, India",22908.07,766.75,25.92,21.8,94.95486265135177,75.74,7.3,NONE
2026-02-23 18:45:00,Facility_E,Data Center Cooling,"Nuevo Leon, Mexico",20233.5,600.03,28.86,21.97,94.29759962253907,76.21,7.7,NONE
2026-02-23 19:00:00,Facility_A_Line1,Food & Beverage Processing,"Illinois, USA",17054.15,620.74,168.97,21.31,90.85868936090792,80.5,7.39,CHEMICAL_DOSING_BREACH
2026-02-23 19:15:00,antwerp_hub_d,Pharmaceuticals & Healthcare,"Flanders, Belgium",23149.55,523.01,41.8,20.67,95.2852052616444,72.39,7.09,NONE
2026-02-23 19:30:00,Facility_D,Pharmaceuticals & Healthcare,"Flanders, Belgium",21833.51,535.51,34.02,22.66,91.87363938290603,83.97,7.65,NONE
2026-02-23 19:45:00,Facility_E,DATA_CENTER_COOLING,"Nuevo Leon, Mexico",19604.37,714.35,20.02,23.16,91.10941010259582,74.4,6.8,NONE
2026-02-23 20:00:00,Facility_A,food & beverage,"Illinois, USA",,834.12,31.73,21.64,93.43450648028856,73.71,7.96,NONE
2026-02-23 20:15:00,Facility_E,Data Center Cooling,"Nuevo Leon, Mexico",20257.24,659.75,28.59,23.53,95.2993470923333,77.4,7.9,NONE
2026-02-23 20:30:00,FAC_A,Food & Beverage Processing,"Illinois, USA",17886.09,664.05,23.71,24.52,90.66059403059474,78.01,7.21,NONE
2026-02-23 20:45:00,Facility_C ,Refinery & Petrochemicals,"Maharashtra, India",22726.35,665.62,39.8,25.12,95.1850446030855,68.97,7.5,NONE
2026-02-23 21:00:00,facility_b,Heavy Manufacturing,"Indiana, USA",26182.65,686.26,35.04,23.05,98.23989662727803,73.7,7.63,NONE
2026-02-23 21:15:00,FACILITY_D,Pharmaceuticals & Healthcare,"Flanders, Belgium",16788.27,581.2,,23.28,90.71848699547307,60.2,7.11,NONE
2026-02-23 21:30:00,facility_b,Heavy Manufacturing,"Indiana, USA",27957.94,722.8,23.51,21.48,94.16844197219378,69.98,7.69,NONE
2026-02-23 21:45:00,antwerp_hub_d,Pharmaceuticals & Healthcare,"Flanders, Belgium",20369.16,580.39,38.78,22.9,91.05938359681682,77.2,7.61,NONE
2026-02-23 22:00:00,Facility_D,Pharmaceuticals & Healthcare,"Flanders, Belgium",20296.48,542.22,35.86,22.82,95.95841227922523,65.17,6.73,NONE
2026-02-23 22:15:00,Facility_B,Heavy Manufacturing,"Indiana, USA",19585.36,660.01,34.2,26.15,89.66449087461423,73.52,7.76,NONE
2026-02-23 22:30:00,Facility_B,Heavy Manufacturing,"Indiana, USA",27338.01,1017.61,28.02,23.79,90.04045066660123,74.11,7.61,NONE
2026-02-23 22:45:00,Facility_E,Data Center Cooling,"Nuevo Leon, Mexico",21350.98,723.14,33.78,26.17,93.13700321081629,70.55,7.28,NONE
2026-02-23 23:00:00,Facility_C,Refinery & Petrochemicals,"Maharashtra, India",19895.05,716.37,30.32,24.6,93.34252898535124,80.13,7.03,NONE
2026-02-23 23:15:00,Facility_D,Healthcare & Pharma,"Flanders, Belgium",19228.34,553.21,36.54,28.49,93.75987883944117,69.89,7.6,NONE
2026-02-23 23:30:00,Facility_D,Pharmaceuticals & Healthcare,"Flanders, Belgium",20550.26,512.03,32.49,26.72,93.39449946002681,71.88,7.65,NONE
2026-02-23 23:45:00,Facility_C,Refinery & Petrochemicals,"Maharashtra, India",17488.9,809.76,40.43,25.63,87.64688404886648,72.19,7.4,NONE
2026-02-24 00:00:00,Facility_A,Food & Beverage Processing,"Illinois, USA",,675.84,38.74,24.16,94.02525972655143,72.92,7.73,NONE
2026-02-24 00:15:00,Facility_A,food & beverage,"Illinois, USA",15856.58,743.35,30.47,29.51,90.84861222008774,75.87,7.12,NONE
2026-02-24 00:30:00,Facility_A,Food & Beverage Processing,"Illinois, USA",19697.72,686.66,29.88,23.44,94.82666900594592,69.13,7.04,NONE
2026-02-24 00:45:00,facility_c,REFINERY_PETRO,"Maharashtra, India",56.33,2899.38,37.6,28.09,61.087916030678876,69.38,7.41,BROWNOUT_WATER_STALL
2026-02-24 01:00:00,FACILITY_C,Refinery & Petrochemicals,"Maharashtra, India",17267.1,749.5,32.44,28.9,96.20541579993188,79.67,7.23,NONE
2026-02-24 01:15:00,Facility_A,Food & Beverage Processing,"Illinois, USA",21931.13,833.02,25.93,26.91,93.1539350856533,77.7,7.73,NONE
2026-02-24 01:30:00,Facility_A,Food & Beverage Processing,"Illinois, USA",15262.71,665.26,36.31,26.5,--,76.58,7.57,NONE
2026-02-24 01:45:00,Facility_A,F&B Processing,"Illinois, USA",21089.23,682.58,30.38,27.65,94.22082323435556,64.41,7.49,NONE
2026-02-24 02:00:00,Facility_A,Food & Beverage Processing,"Illinois, USA",23244.64,727.07,30.99,28.63,95.19819773022006,79.15,7.33,NONE
2026-02-24 02:15:00,Facility_A,Food & Beverage Processing,"Illinois, USA",18877.24,615.04,31.7,26.56,91.74855195853758,77.95,7.64,NONE
2026-02-24 02:30:00,FACILITY_C,Refinery & Petrochemicals,"Maharashtra, India",19873.6,871.36,28.57,31.87,90.7837218554163,75.35,7.16,NONE
2026-02-24 02:45:00,facility_c,Refinery & Petrochemicals,"Maharashtra, India",19527.37,778.39,40.28,33.57,96.32181452613504,73.46,7.78,NONE
2026-02-24 03:00:00,Facility_E,Data Center Cooling,"Nuevo Leon, Mexico",16803.08,706.46,27.53,28.83,91.13535595315584,77.13,7.35,NONE
2026-02-24 03:15:00,FAC_A,Food & Beverage Processing,"Illinois, USA",18947.24,813.49,29.63,31.36,92.62300639513097,72.86,7.14,NONE
2026-02-24 03:30:00,Facility_C,Refinery & Petrochemicals,"Maharashtra, India",15539.1,725.61,28.04,30.13,92.49210619459203,78.88,7.15,NONE
2026-02-24 03:45:00,Facility_E,Data Center Cooling,"Nuevo Leon, Mexico",20447.57,841.34,32.24,30.07,90.18877606517572,76.64,7.27,NONE
2026-02-24 04:00:00,Facility_A,Food & Beverage Processing,"Illinois, USA",18061.08,807.92,37.66,28.37,98.99143995926967,73.6,7.57,NONE
2026-02-24 04:15:00,Facility_E,Hyperscale Cooling,"Nuevo Leon, Mexico",25736.78,737.78,29.6,31.39,98.55696162318245,74.09,7.58,NONE
2026-02-24 04:30:00, Facility_A ,Food & Beverage Processing,"Illinois, USA",17473.24,607.37,28.65,28.97,96.62039361879908,73.67,7.18,NONE
2026-02-24 04:45:00,Facility_C,Refinery & Petrochemicals,"Maharashtra, India",16822.38,744.55,39.35,28.69,93.0925146267099,72.28,7.45,NONE
2026-02-24 05:00:00,Facility_A,Food & Beverage Processing,"Illinois, USA",23518.4,666.51,32.83,30.34,92.00846338117681,74.23,7.86,NONE
2026-02-24 05:15:00,Facility_A,Food & Beverage Processing,"Illinois, USA",19103.41,708.07,29.91,31.17,90.30038739019305,74.55,7.47,NONE
2026-02-24 05:30:00,Facility_C,Refinery & Petrochemicals,"Maharashtra, India",,901.16,42.06,34.51,95.32835106292809,75.87,7.33,NONE
2026-02-24 05:45:00,Facility_A,Food & Beverage Processing,"Illinois, USA",19420.58,779.1,31.57,30.22,95.2885611732452,71.18,7.79,NONE
2026-02-24 06:00:00,FACILITY_A,Food & Beverage Processing,"Illinois, USA",19282.44,767.53,28.13,30.42,92.24022365814363,72.42,7.03,NONE
2026-02-24 06:15:00,Facility_A,FOOD & BEV,"Illinois, USA",21704.74,747.54,25.54,30.11,92.80392267349913,75.8,7.31,NONE
2026-02-24 06:30:00,Facility_D,Healthcare & Pharma,"Flanders, Belgium",119939.33,623.86,46.77,26.46,38.98032948101327,125.05,7.3,PRESSURE_BURST_SURGE
2026-02-24 06:45:00,Facility_B,Heavy Manufacturing,"Indiana, USA",24995.77,698.65,25.86,28.2,95.4969815421302,70.63,7.43,NONE
2026-02-24 07:00:00,FACILITY_C,Refinery & Petrochemicals,"Maharashtra, India",20516.7,868.01,34.02,30.92,94.59600480180322,79.72,7.57,NONE
2026-02-24 07:15:00,Facility_A,Food & Beverage Processing,"Illinois, USA",22275.76,594.31,28.71,32.14,95.35824587807303,73.44,7.22,NONE
2026-02-24 07:30:00,antwerp_hub_d,pharma,"Flanders, Belgium",20490.61,456.36,40.83,30.36,91.93571354370475,76.26,7.24,NONE
2026-02-24 07:45:00,Facility_A,Food & Beverage Processing,"Illinois, USA",19330.08,709.7,34.63,30.37,87.39081711643752,67.74,7.05,NONE
2026-02-24 08:00:00,Facility_E,Hyperscale Cooling,"Nuevo Leon, Mexico",22255.97,791.76,35.52,28.14,97.68960950364101,65.28,7.35,NONE
2026-02-24 08:15:00,Facility_D,PHARMACEUTICALS,"Flanders, Belgium",19269.8,582.75,36.2,30.04,89.54729737396704,77.89,7.42,NONE
2026-02-24 08:30:00,Facility_A,Food & Beverage Processing,"Illinois, USA",20100.32,693.11,,30.62,N/A,67.73,6.95,NONE
2026-02-24 08:45:00,Facility_C ,Refinery & Petrochemicals,"Maharashtra, India",19428.42,751.19,36.02,29.46,95.49042997713183,72.71,7.01,NONE
2026-02-24 09:00:00,Facility_C,Refinery & Petrochemicals,"Maharashtra, India",17042.53,764.53,30.23,29.26,--,72.39,7.41,NONE
2026-02-24 09:15:00,Facility_E,Data Center Cooling,"Nuevo Leon, Mexico",17012.65,678.51,23.7,30.72,100.0,70.04,7.28,NONE
2026-02-24 09:30:00,Facility_C,Refinery & Petrochemicals,"Maharashtra, India",17260.38,794.19,32.94,29.44,95.62808517350908,68.49,7.43,NONE
2026-02-24 09:45:00,pune_fac_c,Refinery & Petrochemicals,"Maharashtra, India",14773.8,757.07,34.14,28.31,92.50140653954811,71.77,7.28,NONE
2026-02-24 10:00:00,Facility_B,Heavy Manufacturing,"Indiana, USA",26526.99,862.37,28.98,27.47,96.9570772744153,80.86,6.99,NONE
2026-02-24 10:15:00,Facility_B,Heavy Manufacturing,"Indiana, USA",139744.03,800.68,32.39,28.25,42.61836836650836,136.66,7.27,PRESSURE_BURST_SURGE
2026-02-24 10:30:00,Facility_C,Petrochem / Refining,"Maharashtra, India",15348.7,747.83,37.2,28.27,95.02552090971236,74.58,7.53,NONE
2026-02-24 10:45:00,Facility_E,Hyperscale Cooling,"Nuevo Leon, Mexico",20482.38,727.46,25.04,31.7,93.2488252860782,75.96,7.29,NONE
2026-02-24 11:00:00,Facility_D,Healthcare & Pharma,"Flanders, Belgium",22294.82,568.36,38.88,25.97,99.13348681109463,74.98,7.85,NONE
2026-02-24 11:15:00,pune_fac_c,Refinery & Petrochemicals,"Maharashtra, India",17469.77,742.66,33.29,26.77,95.64576546755848,64.78,7.34,NONE
2026-02-24 11:30:00,Facility_B,Heavy Manufacturing,"Indiana, USA",23373.98,765.4,30.47,27.56,96.261829912948,75.74,7.4,NONE
2026-02-24 11:45:00,Facility_B,Heavy Manufacturing,"Indiana, USA",24061.32,762.14,31.02,26.3,94.77749218418583,73.98,6.78,NONE
2026-02-24 12:00:00,Fac_D,Pharmaceuticals & Healthcare,"Flanders, Belgium",19805.08,533.39,41.13,23.15,99.57699445459798,71.32,7.48,NONE
2026-02-24 12:15:00,Facility_A,Food & Beverage Processing,"Illinois, USA",17615.83,671.88,34.38,25.87,93.07577524762323,77.82,7.4,NONE
2026-02-24 12:30:00,Facility_D,Pharmaceuticals & Healthcare,"Flanders, Belgium",19725.91,533.45,40.3,26.18,94.87727821558131,75.64,7.67,NONE
2026-02-24 12:45:00,Facility_B,Heavy Mfg.,"Indiana, USA",27352.32,742.56,26.0,26.13,94.77492697380022,68.04,7.07,NONE
2026-02-24 13:00:00,Facility_B,Heavy Manufacturing,"Indiana, USA",29174.37,1005.13,21.55,25.93,93.65322044923846,78.55,7.49,NONE
2026-02-24 13:15:00,Facility_A,Food & Beverage Processing,"Illinois, USA",21179.51,550.38,31.47,23.58,90.68215395206262,68.48,7.41,NONE
2026-02-24 13:30:00,Facility_B_Unit2,Heavy Manufacturing,"Indiana, USA",26821.91,893.0,26.81,27.46,90.51744141234349,67.55,7.41,NONE
2026-02-24 13:45:00,Facility_A,Food & Beverage Processing,"Illinois, USA",17680.73,750.92,28.74,23.69,91.38750370840063,70.71,7.35,NONE
2026-02-24 14:00:00,Facility_B,Heavy Manufacturing,"Indiana, USA",26530.19,778.36,23.58,25.4,94.7412965829145,77.22,7.06,NONE
2026-02-24 14:15:00,facility_c,Refinery & Petrochemicals,"Maharashtra, India",16959.06,840.97,39.26,23.54,90.45163771876442,70.84,7.08,NONE
2026-02-24 14:30:00,Facility_C,Refinery & Petrochemicals,"Maharashtra, India",20629.7,832.39,35.84,22.84,90.68030696047029,71.23,7.1,NONE
2026-02-24 14:45:00,Facility_C,Refinery & Petrochemicals,"Maharashtra, India",19338.97,836.24,38.83,22.27,91.58725439123528,71.51,7.64,NONE
2026-02-24 15:00:00,Facility_B,Heavy Manufacturing,"Indiana, USA",21660.94,839.75,24.83,23.33,95.72031893449198,72.55,7.14,NONE
2026-02-24 15:15:00,Facility_B,Heavy Manufacturing,"Indiana, USA",28103.8,850.91,30.53,23.97,89.61270458858519,79.87,7.29,NONE
2026-02-24 15:30:00,Facility_B_Unit2,heavy mfg,"Indiana, USA",28397.21,810.59,30.88,25.15,96.32381298322116,74.47,7.25,NONE
2026-02-24 15:45:00,Facility_B,Heavy Manufacturing,"Indiana, USA",263.16,2080.24,33.19,21.69,52.503455538565156,78.11,7.48,BROWNOUT_WATER_STALL
2026-02-24 16:00:00,Facility_C,Refinery & Petrochemicals,"Maharashtra, India",19402.69,851.35,40.2,23.78,86.35570014257904,74.66,7.41,NONE
2026-02-24 16:15:00,Facility_B,Heavy Manufacturing,"Indiana, USA",22426.36,689.67,30.44,20.66,100.0,75.18,7.73,NONE
2026-02-24 16:30:00,FACILITY_D,Pharmaceuticals & Healthcare,"Flanders, Belgium",18789.0,611.76,37.72,24.61,86.97733791508689,78.0,7.54,NONE
2026-02-24 16:45:00,Facility_C,Refinery & Petrochemicals,"Maharashtra, India",18478.73,745.21,34.24,23.22,97.38492596689909,71.6,6.87,NONE
2026-02-24 17:00:00,Facility_A,Food & Beverage Processing,"Illinois, USA",25006.26,760.88,29.86,24.78,96.48782048580833,76.22,7.22,NONE
2026-02-24 17:15:00,Facility_E,Data Center Cooling,"Nuevo Leon, Mexico",22789.66,831.72,21.28,22.98,94.4541622488879,75.2,7.36,NONE
2026-02-24 17:30:00,Facility_D,Pharmaceuticals & Healthcare,"Flanders, Belgium",21383.25,556.98,37.49,23.1,92.93017751262458,67.76,7.41,NONE
2026-02-24 17:45:00,Fac_E_Cooling,Data Center Cooling,"Nuevo Leon, Mexico",21670.86,722.61,27.94,16.78,97.36689935786923,78.05,6.98,NONE
2026-02-24 18:00:00,FACILITY_A,Food & Beverage Processing,"Illinois, USA",17701.62,816.28,26.65,23.36,91.92554646054258,75.85,7.36,NONE
2026-02-24 18:15:00,Facility_C,REFINERY_PETRO,"Maharashtra, India",,807.19,33.43,19.3,90.53128873998804,69.28,6.9,NONE
2026-02-24 18:30:00,Facility_C,Refinery & Petrochemicals,"Maharashtra, India",19661.56,763.58,36.99,23.47,95.92070027763278,75.83,7.08,NONE
2026-02-24 18:45:00,Facility_A,Food & Beverage Processing,"Illinois, USA",20602.61,728.81,148.88,22.59,94.72527931434539,73.57,7.36,CHEMICAL_DOSING_BREACH
2026-02-24 19:00:00,Facility_C ,Refinery & Petrochemicals,"Maharashtra, India",19227.68,825.31,33.74,24.14,95.78579305471935,70.04,7.08,NONE
2026-02-24 19:15:00,Facility_B,Heavy Manufacturing,"Indiana, USA",27176.95,790.65,24.11,25.8,90.4077517942442,67.14,7.13,NONE
2026-02-24 19:30:00,Facility_C ,Refinery & Petrochemicals,"Maharashtra, India",102091.18,782.71,43.43,21.42,39.89461355303733,127.84,7.17,PRESSURE_BURST_SURGE
2026-02-24 19:45:00,Facility_A,Food & Beverage Processing,"Illinois, USA",20889.7,762.42,35.11,20.61,98.1972072871392,74.4,6.92,NONE
2026-02-24 20:00:00,Facility_A,Food & Beverage Processing,"Illinois, USA",19964.73,803.71,29.46,24.79,98.11558316669618,74.18,7.14,NONE
2026-02-24 20:15:00,FACILITY_B,Heavy Manufacturing,"Indiana, USA",29411.98,938.01,23.21,22.99,95.80663192922749,77.49,7.27,NONE
2026-02-24 20:30:00,Facility_D,PHARMACEUTICALS,"Flanders, Belgium",217.71,2341.53,37.88,23.01,59.3494953465691,73.09,6.91,BROWNOUT_WATER_STALL
2026-02-24 20:45:00,antwerp_hub_d,Pharmaceuticals & Healthcare,"Flanders, Belgium",20963.02,546.27,36.6,22.36,93.15756642214855,74.16,7.35,NONE
2026-02-24 21:00:00,Facility_A,Food & Beverage Processing,"Illinois, USA",16344.43,776.63,29.18,22.49,91.24775674709586,69.26,7.42,NONE
2026-02-24 21:15:00,Facility_B,Heavy Manufacturing,"Indiana, USA",28559.79,779.27,20.76,22.01,92.06548496225903,68.46,7.18,NONE
2026-02-24 21:30:00,FACILITY_C,Refinery & Petrochemicals,"Maharashtra, India",17580.97,775.8,29.39,25.11,98.81500421983932,80.43,7.19,NONE
2026-02-24 21:45:00,Facility_B,Heavy Manufacturing,"Indiana, USA",27859.35,886.22,28.32,24.6,95.68574014994894,77.98,7.12,NONE
2026-02-24 22:00:00,Facility_B,Heavy Manufacturing,"Indiana, USA",28103.96,979.98,32.21,107.14,85.23273805809589,76.68,7.42,SENSOR_TEMP_SPIKE
2026-02-24 22:15:00,facility_c,Refinery & Petrochemicals,"Maharashtra, India",21147.43,689.54,33.37,26.35,90.10906061613494,75.09,7.35,NONE
2026-02-24 22:30:00,Facility_C,Refinery & Petrochemicals,"Maharashtra, India",18384.35,821.5,30.81,23.57,93.05440385456973,68.59,7.69,NONE
2026-02-24 22:45:00,Facility_E,Data Center Cooling,"Nuevo Leon, Mexico",19077.52,808.97,24.82,26.48,88.35168424176993,80.34,7.67,NONE
2026-02-24 23:00:00,pune_fac_c,Refinery & Petrochemicals,"Maharashtra, India",17578.58,712.85,37.42,22.72,93.6112066777416,70.37,7.28,NONE
2026-02-24 23:15:00,Facility_D,Pharmaceuticals & Healthcare,"Flanders, Belgium",88887.17,523.57,44.66,27.12,57.09580476469522,134.21,7.59,PRESSURE_BURST_SURGE
2026-02-24 23:30:00,Facility_C,Refinery & Petrochemicals,"Maharashtra, India",20234.0,687.24,,27.59,97.11161785151093,68.43,7.33,NONE
2026-02-24 23:45:00,Facility_C,refinery,"Maharashtra, India",18180.92,711.98,32.41,27.26,91.04889921007478,73.45,7.49,NONE
2026-02-25 00:00:00,Facility_A,Food & Beverage Processing,"Illinois, USA",23313.88,734.34,34.53,26.97,92.84209877088053,72.99,7.32,NONE
2026-02-25 00:15:00,facility_c,REFINERY_PETRO,"Maharashtra, India",13993.21,751.59,37.34,-20.36,98.14898804063542,74.56,7.31,SENSOR_TEMP_SPIKE
2026-02-25 00:30:00,Facility_D,Pharmaceuticals & Healthcare,"Flanders, Belgium",21263.63,644.54,43.65,27.84,90.18173766161199,72.93,7.81,NONE
2026-02-25 00:45:00,antwerp_hub_d,Pharmaceuticals & Healthcare,"Flanders, Belgium",19301.66,544.3,35.21,25.34,96.44187355920141,71.97,7.07,NONE
2026-02-25 01:00:00,Facility_B,Heavy Manufacturing,"Indiana, USA",23097.89,620.82,31.47,27.11,89.56817376459321,80.24,7.36,NONE
2026-02-25 01:15:00,Facility_B,Mfg Heavy,"Indiana, USA",18853.08,900.63,24.25,28.86,95.11637244716556,74.62,7.0,NONE
2026-02-25 01:30:00,Facility_A,Food & Beverage Processing,"Illinois, USA",16413.7,709.51,27.55,-33.19,93.17530034595357,69.48,7.63,SENSOR_TEMP_SPIKE
2026-02-25 01:45:00,Facility_A,Food & Beverage Processing,"Illinois, USA",14846.22,639.63,29.68,27.06,89.90175593830429,74.34,7.59,NONE
2026-02-25 02:00:00,Facility_D,Pharmaceuticals & Healthcare,"Flanders, Belgium",23219.97,612.36,,30.51,89.88678274831388,71.59,7.62,NONE
2026-02-25 02:15:00,Facility_B,Heavy Manufacturing,"Indiana, USA",23753.46,844.85,25.56,28.33,93.27845187430341,76.12,7.4,NONE
2026-02-25 02:30:00,Facility_C,Refinery & Petrochemicals,"Maharashtra, India",20442.34,807.47,34.66,27.84,90.57332428857288,61.73,7.32,NONE
2026-02-25 02:45:00,Facility_D,Pharmaceuticals & Healthcare,"Flanders, Belgium",16151.39,519.15,36.24,28.2,95.25234780360938,73.25,7.81,NONE
2026-02-25 03:00:00,Facility_C ,Refinery & Petrochemicals,"Maharashtra, India",23783.9,753.22,31.94,26.15,99.34897516804503,70.74,7.2,NONE
2026-02-25 03:15:00,Facility_B,Heavy Manufacturing,"Indiana, USA",23624.73,812.56,26.5,31.0,84.71336004152023,73.16,7.55,NONE
2026-02-25 03:30:00,Facility_E,Data Center Cooling,"Nuevo Leon, Mexico",19351.92,794.12,28.88,28.38,87.7009408953239,75.83,7.44,NONE
2026-02-25 03:45:00,Facility_C,Refinery & Petrochemicals,"Maharashtra, India",17153.74,836.04,33.46,31.69,,80.66,7.45,NONE
2026-02-25 04:00:00,Facility_E,Data Center Cooling,"Nuevo Leon, Mexico",21170.96,608.66,28.73,29.53,98.66852022878045,74.96,7.57,NONE
2026-02-25 04:15:00,FACILITY_E,Data Center Cooling,"Nuevo Leon, Mexico",24654.64,850.46,28.13,33.92,91.88051442989438,79.99,7.14,NONE
2026-02-25 04:30:00,Facility_D,Pharmaceuticals & Healthcare,"Flanders, Belgium",20650.87,514.16,40.1,28.66,90.18241471145781,69.65,7.49,NONE
2026-02-25 04:45:00,Facility_E,Data Center Cooling,"Nuevo Leon, Mexico",22352.04,786.76,29.43,29.42,91.19145651687883,69.34,7.04,NONE
2026-02-25 05:00:00,Facility_A,Food & Beverage Processing,"Illinois, USA",22066.99,637.5,27.59,28.57,89.25456164653994,75.37,7.2,NONE
2026-02-25 05:15:00,Facility_C,Refinery & Petrochemicals,"Maharashtra, India",18456.94,767.95,36.71,30.61,97.28815455484121,70.99,7.18,NONE
2026-02-25 05:30:00,facility_e,Data Center Cooling,"Nuevo Leon, Mexico",20874.84,744.5,22.27,27.63,93.04951600688426,80.24,7.77,NONE
2026-02-25 05:45:00,Facility_E,Data Center Cooling,"Nuevo Leon, Mexico",18271.23,717.71,29.18,31.04,90.38446726129291,81.66,7.19,NONE
2026-02-25 06:00:00,Facility_A,Food & Beverage Processing,"Illinois, USA",20115.72,689.52,30.14,31.86,N/A,77.06,7.1,NONE
2026-02-25 06:15:00,Facility_D,Pharmaceuticals & Healthcare,"Flanders, Belgium",15696.43,720.37,38.79,28.88,96.51509300007358,69.92,7.9,NONE
2026-02-25 06:30:00,FACILITY_D,Pharmaceuticals & Healthcare,"Flanders, Belgium",17803.15,617.87,37.31,27.72,90.35137752924334,70.55,7.16,NONE
2026-02-25 06:45:00,Facility_A,Food & Beverage Processing,"Illinois, USA",19696.34,539.61,32.32,26.87,94.64539455447705,70.4,7.39,NONE
2026-02-25 07:00:00,Facility_C,Refinery & Petrochemicals,"Maharashtra, India",15813.27,728.1,26.91,28.12,97.98458193680375,80.43,7.0,NONE
2026-02-25 07:15:00,pune_fac_c,Refinery & Petrochemicals,"Maharashtra, India",18062.11,812.61,35.84,29.25,88.51731187039807,77.95,7.21,NONE
2026-02-25 07:30:00,Facility_C,Refinery & Petrochemicals,"Maharashtra, India",15109.5,773.49,34.06,29.28,93.90499760270748,73.04,7.66,NONE
2026-02-25 07:45:00,Facility_D,Pharmaceuticals & Healthcare,"Flanders, Belgium",16667.62,525.14,40.74,34.58,100.0,77.29,7.25,NONE
2026-02-25 08:00:00,Facility_C,REFINERY_PETRO,"Maharashtra, India",17620.48,746.92,-1.67,31.19,97.72832583252439,73.39,7.94,CHEMICAL_DOSING_BREACH
2026-02-25 08:15:00,Facility_B,Heavy Manufacturing,"Indiana, USA",34226.67,767.91,31.75,31.72,91.39808496248168,68.78,6.87,NONE
2026-02-25 08:30:00,Facility_D,Pharmaceuticals & Healthcare,"Flanders, Belgium",16374.69,545.2,42.08,28.64,83.68378270331317,71.05,7.26,NONE
2026-02-25 08:45:00,Facility_C,Refinery & Petrochemicals,"Maharashtra, India",18024.8,576.27,34.07,31.88,92.00829102179023,70.96,7.13,NONE
2026-02-25 09:00:00,Facility_B,Heavy Manufacturing,"Indiana, USA",,712.04,23.74,31.35,95.64740824285838,71.56,7.49,NONE
2026-02-25 09:15:00,Facility_D,Pharmaceuticals & Healthcare,"Flanders, Belgium",16653.17,515.96,33.5,26.31,93.1968997059372,82.96,6.79,NONE
2026-02-25 09:30:00,pune_fac_c,REFINERY_PETRO,"Maharashtra, India",22636.09,566.04,37.6,25.59,95.13574295746152,70.34,7.55,NONE
2026-02-25 09:45:00,Facility_D,Pharmaceuticals & Healthcare,"Flanders, Belgium",16911.31,597.07,36.59,30.9,92.87847261758465,74.93,7.37,NONE
2026-02-25 10:00:00,Facility_C,refinery,"Maharashtra, India",20799.33,849.31,35.65,25.37,90.3664527850379,77.51,6.92,NONE
2026-02-25 10:15:00,Facility_D,Pharmaceuticals & Healthcare,"Flanders, Belgium",,534.04,36.5,27.58,93.602307096121,69.16,7.1,NONE
2026-02-25 10:30:00,Facility_D,Pharmaceuticals & Healthcare,"Flanders, Belgium",22695.84,648.46,39.63,29.13,94.31812756878575,73.68,7.1,NONE
2026-02-25 10:45:00,facility_a,Food & Beverage Processing,"Illinois, USA",22569.94,844.86,29.09,29.73,92.03320484879282,70.31,7.22,NONE
2026-02-25 11:00:00,Facility_B,Heavy Manufacturing,"Indiana, USA",24520.43,887.35,26.47,29.0,91.03697105697108,73.55,7.02,NONE
2026-02-25 11:15:00,Facility_B,Heavy Manufacturing,"Indiana, USA",21632.44,867.5,28.79,26.38,90.40626754514001,68.6,7.44,NONE
2026-02-25 11:30:00,Facility_E,Data Center Cooling,"Nuevo Leon, Mexico",19253.21,869.64,29.1,27.91,97.90805034663867,70.13,7.47,NONE
2026-02-25 11:45:00,Facility_C,Refinery & Petrochemicals,"Maharashtra, India",19891.24,734.43,28.92,22.82,90.50149694089221,78.89,7.12,NONE
2026-02-25 12:00:00,Facility_E,Data Center Cooling,"Nuevo Leon, Mexico",23456.81,690.6,28.57,27.4,96.70478373095689,71.8,7.16,NONE
2026-02-25 12:15:00,FACILITY_B,Heavy Manufacturing,"Indiana, USA",19574.1,801.49,42.33,25.79,88.85971165433776,73.19,7.55,NONE
2026-02-25 12:30:00,Facility_E,Data Center Cooling,"Nuevo Leon, Mexico",19511.19,666.32,39.05,26.65,98.40122314769579,72.2,7.85,NONE
2026-02-25 12:45:00,Facility_C,Refinery & Petrochemicals,"Maharashtra, India",20877.1,816.72,30.34,24.4,94.94017960434873,72.44,7.45,NONE
2026-02-25 13:00:00,Facility_C,Refinery & Petrochemicals,"Maharashtra, India",17749.83,809.75,32.75,26.28,90.27276134559187,72.46,7.29,NONE
2026-02-25 13:15:00,Facility_E,Data Center Cooling,"Nuevo Leon, Mexico",,701.87,29.68,26.49,94.30229363170605,76.28,7.37,NONE
2026-02-25 13:30:00,Facility_D,pharma,"Flanders, Belgium",17158.07,470.74,35.28,24.75,91.4910548724495,80.99,7.43,NONE
2026-02-25 13:45:00,pune_fac_c,Refinery & Petrochemicals,"Maharashtra, India",18620.23,819.51,43.99,24.22,90.41442448093427,75.45,7.03,NONE
2026-02-25 14:00:00,Facility_C,Refinery & Petrochemicals,"Maharashtra, India",16673.13,887.65,40.94,25.67,94.74758987610139,68.51,7.12,NONE
2026-02-25 14:15:00,Facility_D,Pharmaceuticals & Healthcare,"Flanders, Belgium",21690.89,540.16,34.14,23.94,95.34652286879515,73.07,7.3,NONE
2026-02-25 14:30:00,Facility_C,refinery,"Maharashtra, India",13906.21,771.5,39.69,23.94,100.0,70.75,7.21,NONE
2026-02-25 14:45:00,Facility_D,Pharmaceuticals & Healthcare,"Flanders, Belgium",17212.81,529.26,39.76,23.37,--,75.11,7.11,NONE
2026-02-25 15:00:00,Facility_B,Heavy Manufacturing,"Indiana, USA",22718.06,980.0,29.43,26.02,93.72242179597406,74.07,7.73,NONE
2026-02-25 15:15:00,Facility_A,Food & Beverage Processing,"Illinois, USA",20124.73,738.8,29.8,25.06,93.26235851595627,71.5,7.95,NONE
2026-02-25 15:30:00,facility_c,Refinery & Petrochemicals,"Maharashtra, India",18150.11,715.59,40.28,24.55,91.3787711943743,73.65,7.54,NONE
2026-02-25 15:45:00,Facility_B,Heavy Manufacturing,"Indiana, USA",284.41,3240.91,28.47,24.65,48.24138651482475,71.09,7.64,BROWNOUT_WATER_STALL
2026-02-25 16:00:00,Facility_C,Refinery & Petrochemicals,"Maharashtra, India",,742.18,37.71,25.34,93.00534917433988,74.04,7.02,NONE
2026-02-25 16:15:00,Facility_A,food & beverage,"Illinois, USA",18748.23,728.78,31.41,22.26,95.82269334442742,74.26,8.07,NONE
2026-02-25 16:30:00,Facility_B,HEAVY_MANUFACTURING,"Indiana, USA",26432.85,609.29,23.83,23.76,91.44140864018838,71.38,7.0,NONE
2026-02-25 16:45:00,Facility_D,Pharmaceuticals & Healthcare,"Flanders, Belgium",17648.13,580.03,39.12,20.88,--,68.64,7.47,NONE
2026-02-25 17:00:00,facility_b,Heavy Manufacturing,"Indiana, USA",26833.09,761.51,24.08,23.32,91.70837594047138,73.14,7.54,NONE
2026-02-25 17:15:00,Facility_B,Heavy Manufacturing,"Indiana, USA",27272.83,763.06,28.27,20.89,96.28380463986028,80.91,7.11,NONE
2026-02-25 17:30:00, Facility_A ,Food & Beverage Processing,"Illinois, USA",19190.96,778.41,31.6,23.54,93.66514026083502,69.24,7.38,NONE
2026-02-25 17:45:00,Facility_B,Heavy Manufacturing,"Indiana, USA",29278.72,866.4,,19.32,,71.08,7.1,NONE
2026-02-25 18:00:00,Facility_B,Heavy Manufacturing,"Indiana, USA",29919.76,818.58,27.02,23.12,86.61194095025184,80.1,7.88,NONE
2026-02-25 18:15:00,Facility_C,Refinery & Petrochemicals,"Maharashtra, India",20894.46,809.01,34.59,20.57,97.32100421034484,78.12,7.48,NONE
2026-02-25 18:30:00,facility_d,Pharmaceuticals & Healthcare,"Flanders, Belgium",19468.42,586.1,35.29,137.38,92.58600467032858,72.08,7.66,SENSOR_TEMP_SPIKE
2026-02-25 18:45:00,Facility_A,Food & Beverage Processing,"Illinois, USA",19195.49,761.39,34.56,20.02,94.78172857154895,69.47,7.22,NONE
2026-02-25 19:00:00,antwerp_hub_d,Pharmaceuticals & Healthcare,"Flanders, Belgium",19113.54,566.94,40.25,24.02,96.20602828570439,67.95,8.01,NONE
2026-02-25 19:15:00,Facility_D,Pharmaceuticals & Healthcare,"Flanders, Belgium",18663.79,638.02,26.94,22.23,88.82581728745298,70.12,7.36,NONE
2026-02-25 19:30:00,Facility_C,Refinery & Petrochemicals,"Maharashtra, India",18070.72,879.1,42.93,21.06,91.93915147082285,69.36,7.67,NONE
2026-02-25 19:45:00,Facility_C,Refinery & Petrochemicals,"Maharashtra, India",19186.32,779.51,36.81,22.35,90.7592959173231,74.23,7.28,NONE
2026-02-25 20:00:00,Facility_A,Food & Beverage Processing,"Illinois, USA",20065.17,596.64,32.28,21.8,93.98417579972337,78.07,7.19,NONE
2026-02-25 20:15:00,Facility_D,pharma,"Flanders, Belgium",21407.17,469.95,43.98,25.4,90.66291316508652,70.05,6.93,NONE
2026-02-25 20:30:00,Facility_C,refinery,"Maharashtra, India",20908.62,751.33,33.8,21.31,99.29831646219337,69.62,7.36,NONE
2026-02-25 20:45:00,antwerp_hub_d,Pharmaceuticals & Healthcare,"Flanders, Belgium",19204.13,546.32,34.98,22.83,95.30906666480959,72.44,7.81,NONE
2026-02-25 21:00:00,Facility_C,Refinery & Petrochemicals,"Maharashtra, India",17071.48,835.59,28.12,22.27,90.88786506854652,69.03,7.43,NONE
2026-02-25 21:15:00,Facility_C,Refinery & Petrochemicals,"Maharashtra, India",18578.06,599.94,43.88,24.18,93.50376753445039,79.9,7.63,NONE
2026-02-25 21:30:00,Facility_C,refinery,"Maharashtra, India",18153.35,625.29,37.87,22.33,97.46564626748615,70.51,7.22,NONE
2026-02-25 21:45:00,Facility_B,Heavy Manufacturing,"Indiana, USA",21633.12,733.97,28.04,23.91,91.97717563673328,83.24,7.52,NONE
2026-02-25 22:00:00,Facility_A,Food & Beverage Processing,"Illinois, USA",19286.68,516.4,34.97,29.89,92.89855918232946,70.35,7.4,NONE
2026-02-25 22:15:00,Facility_D,Pharmaceuticals & Healthcare,"Flanders, Belgium",15503.66,595.29,43.8,23.52,91.456349495149,73.64,7.21,NONE
2026-02-25 22:30:00,Facility_C,Refinery & Petrochemicals,"Maharashtra, India",15410.31,747.07,33.03,27.43,97.19719910011737,80.29,7.57,NONE
2026-02-25 22:45:00,Facility_D,Pharmaceuticals & Healthcare,"Flanders, Belgium",19181.25,519.25,43.07,25.84,89.50630288724783,69.89,7.0,NONE
2026-02-25 23:00:00,Facility_A,Food and Beverage,"Illinois, USA",14519.61,740.7,26.3,24.1,93.62428681167286,73.15,7.15,NONE
2026-02-25 23:15:00,Facility_A,Food & Beverage Processing,"Illinois, USA",50.04,2874.02,25.27,26.54,60.32514371919959,71.01,7.05,BROWNOUT_WATER_STALL
2026-02-25 23:30:00,Facility_C,Refinery & Petrochemicals,"Maharashtra, India",15115.28,904.77,36.47,25.01,98.56102991938525,79.6,7.18,NONE
2026-02-25 23:45:00,Facility_A,Food & Beverage Processing,"Illinois, USA",21275.08,795.16,35.02,28.52,90.46147677761977,74.12,7.81,NONE
2026-02-26 00:00:00,Facility_E,Data Center Cooling,"Nuevo Leon, Mexico",20113.02,701.61,,23.65,94.54438976399202,66.5,7.7,NONE
2026-02-26 00:15:00,FACILITY_B,Heavy Manufacturing,"Indiana, USA",20772.86,911.34,25.44,24.86,93.58397254730718,75.35,7.38,NONE
2026-02-26 00:30:00,Facility_D,Pharmaceuticals & Healthcare,"Flanders, Belgium",19482.59,608.32,29.05,27.27,89.13536260525977,68.29,7.04,NONE
2026-02-26 00:45:00,facility_e,Data Center Cooling,"Nuevo Leon, Mexico",16105.57,749.17,21.08,28.01,98.36002576044756,81.04,7.04,NONE
2026-02-26 01:00:00,Facility_D,Pharmaceuticals & Healthcare,"Flanders, Belgium",16052.25,613.46,37.74,27.4,89.31477241641329,74.54,7.59,NONE
2026-02-26 01:15:00,Facility_B,Heavy Manufacturing,"Indiana, USA",23399.06,878.96,29.17,26.61,93.33649607657276,69.29,7.59,NONE
2026-02-26 01:30:00,Facility_E,DATA_CENTER_COOLING,"Nuevo Leon, Mexico",,705.16,32.29,27.09,90.50524760216952,74.83,7.85,NONE
2026-02-26 01:45:00,Facility_B,Heavy Manufacturing,"Indiana, USA",29392.62,891.25,32.68,29.2,94.23186949586419,78.11,7.45,NONE
2026-02-26 02:00:00,Facility_C,Refinery & Petrochemicals,"Maharashtra, India",18706.69,791.48,36.89,29.05,94.66798867441821,69.56,7.29,NONE
2026-02-26 02:15:00,Facility_A,Food & Beverage Processing,"Illinois, USA",16334.61,731.73,32.95,31.09,94.46106001039043,72.33,7.23,NONE
2026-02-26 02:30:00,Facility_D,Pharmaceuticals & Healthcare,"Flanders, Belgium",20169.45,530.25,38.14,30.65,99.97944383433102,79.2,7.2,NONE
2026-02-26 02:45:00,Facility_D,Pharmaceuticals & Healthcare,"Flanders, Belgium",17042.49,604.86,36.6,26.48,100.0,74.78,7.7,NONE
2026-02-26 03:00:00,Facility_C,Refinery & Petrochemicals,"Maharashtra, India",18073.62,774.56,36.14,28.84,91.0703281074734,83.89,7.45,NONE
2026-02-26 03:15:00,Facility_E,Data Center Cooling,"Nuevo Leon, Mexico",17104.57,757.63,22.46,27.99,93.84177898328846,76.43,6.64,NONE
2026-02-26 03:30:00,Facility_E,Hyperscale Cooling,"Nuevo Leon, Mexico",25444.51,700.59,27.56,32.43,98.97676097552794,71.21,7.65,NONE
2026-02-26 03:45:00,Facility_A,Food & Beverage Processing,"Illinois, USA",19629.9,902.27,28.67,32.8,91.62738249231882,69.17,7.27,NONE
2026-02-26 04:00:00,Facility_B,Heavy Manufacturing,"Indiana, USA",20712.77,761.8,,29.51,--,77.7,7.34,NONE
2026-02-26 04:15:00,Facility_A,Food & Beverage Processing,"Illinois, USA",15247.3,560.78,,28.58,91.60646156303639,81.3,7.18,NONE
2026-02-26 04:30:00,Facility_D,Pharmaceuticals & Healthcare,"Flanders, Belgium",16775.0,568.8,35.32,31.27,94.28579091037363,82.34,7.27,NONE
2026-02-26 04:45:00,Facility_A,Food & Beverage Processing,"Illinois, USA",23726.56,762.76,33.73,26.71,86.65449838583118,66.76,7.41,NONE
2026-02-26 05:00:00,Facility_E,DATA_CENTER_COOLING,"Nuevo Leon, Mexico",23009.73,790.09,253.2,31.99,97.3222183975907,72.61,7.51,CHEMICAL_DOSING_BREACH
2026-02-26 05:15:00,Facility_A,food & beverage,"Illinois, USA",20150.65,731.83,28.96,30.79,92.4128787427033,69.19,7.43,NONE
2026-02-26 05:30:00,Facility_E,Data Center Cooling,"Nuevo Leon, Mexico",18511.06,746.77,26.96,29.45,97.99704777926695,81.37,7.27,NONE
2026-02-26 05:45:00,Facility_E,Data Center Cooling,"Nuevo Leon, Mexico",23625.27,631.39,23.54,30.38,90.08688048978414,75.69,7.43,NONE
2026-02-26 06:00:00,Facility_E,data center,"Nuevo Leon, Mexico",20979.91,927.54,,31.54,95.0537607409788,69.95,7.9,NONE
2026-02-26 06:15:00,Facility_E,Data Center Cooling,"Nuevo Leon, Mexico",17545.36,771.38,31.63,32.26,92.50409478846076,77.35,7.06,NONE
2026-02-26 06:30:00,Fac_D,Pharmaceuticals & Healthcare,"Flanders, Belgium",22471.26,559.73,35.41,29.32,N/A,66.89,7.6,NONE
2026-02-26 06:45:00,Facility_A,Food & Beverage Processing,"Illinois, USA",17882.75,806.01,26.28,30.66,95.27242564928056,76.98,7.21,NONE
2026-02-26 07:00:00,facility_e,Data Center Cooling,"Nuevo Leon, Mexico",,715.73,33.4,34.13,88.30676821195873,70.68,6.86,NONE
2026-02-26 07:15:00,Facility_D,Pharmaceuticals & Healthcare,"Flanders, Belgium",17487.19,532.7,32.48,33.28,97.1699829535579,75.1,7.32,NONE
2026-02-26 07:30:00,Facility_E,Data Center Cooling,"Nuevo Leon, Mexico",23359.82,674.89,29.5,29.11,100.0,67.89,7.27,NONE
2026-02-26 07:45:00,Facility_B,Heavy Manufacturing,"Indiana, USA",21783.77,903.18,31.65,28.83,89.52484799425636,72.26,7.15,NONE
2026-02-26 08:00:00,Facility_D,Pharmaceuticals & Healthcare,"Flanders, Belgium",18862.99,661.16,40.28,31.33,93.48642829128475,85.9,7.38,NONE
2026-02-26 08:15:00,facility_e,Data Center Cooling,"Nuevo Leon, Mexico",22937.25,832.4,28.29,30.2,91.67650879976016,74.08,7.76,NONE
2026-02-26 08:30:00,Facility_A,Food & Beverage Processing,"Illinois, USA",21953.46,762.02,35.32,29.61,96.53411793116533,73.31,6.89,NONE
2026-02-26 08:45:00,Facility_A,Food & Beverage Processing,"Illinois, USA",23498.81,698.44,35.93,28.85,84.89157490617255,73.67,6.83,NONE
2026-02-26 09:00:00,Facility_D,Pharmaceuticals & Healthcare,"Flanders, Belgium",20415.75,555.96,42.62,29.75,90.20369970280393,77.01,6.91,NONE
2026-02-26 09:15:00,Facility_E,Data Center Cooling,"Nuevo Leon, Mexico",20322.43,610.2,29.97,29.58,ERROR_SENSOR,69.79,7.73,NONE
2026-02-26 09:30:00,Facility_E,DATA_CENTER_COOLING,"Nuevo Leon, Mexico",23400.85,767.55,26.06,28.31,93.45089089439489,69.05,7.59,NONE
2026-02-26 09:45:00,Facility_E,Data Center Cooling,"Nuevo Leon, Mexico",24288.64,878.18,27.06,31.2,98.10451132639614,71.16,7.07,NONE
2026-02-26 10:00:00,facility_a,Food & Beverage Processing,"Illinois, USA",21774.73,673.89,28.42,29.97,89.06506021282786,71.99,6.83,NONE
2026-02-26 10:15:00,Facility_E,Data Center Cooling,"Nuevo Leon, Mexico",18971.27,700.69,25.35,27.5,86.92628296500129,69.47,7.73,NONE
2026-02-26 10:30:00,Facility_E,Data Center Cooling,"Nuevo Leon, Mexico",21854.99,711.57,,29.41,93.77481447885496,68.95,7.2,NONE
2026-02-26 10:45:00,Facility_E,Data Center Cooling,"Nuevo Leon, Mexico",17968.43,698.06,31.38,28.84,96.79327392394394,74.64,6.93,NONE
2026-02-26 11:00:00,Facility_B,Heavy Manufacturing,"Indiana, USA",21934.91,879.82,28.93,25.45,92.4044810985008,82.55,7.61,NONE
2026-02-26 11:15:00,Facility_D,Pharmaceuticals & Healthcare,"Flanders, Belgium",22085.31,501.9,44.52,26.34,98.53106972575722,75.61,7.53,NONE
2026-02-26 11:30:00,Facility_E,Data Center Cooling,"Nuevo Leon, Mexico",22858.86,757.41,30.95,25.19,93.08739908640813,77.51,7.38,NONE
2026-02-26 11:45:00,FAC_A,Food & Beverage Processing,"Illinois, USA",18452.22,729.67,25.77,28.64,86.8474295705113,73.89,7.56,NONE
2026-02-26 12:00:00,Facility_A,Food & Beverage Processing,"Illinois, USA",,679.55,36.12,25.26,98.89106122069174,73.06,7.28,NONE
2026-02-26 12:15:00,Facility_D,Pharmaceuticals & Healthcare,"Flanders, Belgium",20354.55,551.35,37.9,27.27,89.57879715719014,76.76,6.88,NONE
2026-02-26 12:30:00,Facility_A,Food & Beverage Processing,"Illinois, USA",,687.58,25.99,29.02,94.03560225228176,71.06,7.39,NONE
2026-02-26 12:45:00,Facility_D,Pharmaceuticals & Healthcare,"Flanders, Belgium",24305.07,512.36,40.26,24.07,95.04338765033889,71.03,7.3,NONE
2026-02-26 13:00:00,Facility_A,Food & Beverage Processing,"Illinois, USA",19628.58,807.12,25.31,28.52,87.36167331637333,75.47,7.37,NONE
2026-02-26 13:15:00,Facility_A,Food & Beverage Processing,"Illinois, USA",18959.42,715.59,33.69,26.05,92.92549376789361,77.16,7.29,NONE
2026-02-26 13:30:00,Facility_E,Data Center Cooling,"Nuevo Leon, Mexico",,836.83,33.48,26.86,90.21991819745567,75.92,7.48,NONE
2026-02-26 13:45:00,Facility_E,Data Center Cooling,"Nuevo Leon, Mexico",25575.59,809.46,-7.1,24.04,85.36397447339841,73.65,7.25,CHEMICAL_DOSING_BREACH
2026-02-26 14:00:00,Facility_D,PHARMACEUTICALS,"Flanders, Belgium",22171.73,416.07,32.17,28.8,96.64906768881266,75.38,7.35,NONE
2026-02-26 14:15:00,Facility_C,Refinery & Petrochemicals,"Maharashtra, India",17504.95,677.82,37.04,25.72,91.2823531542873,65.82,7.54,NONE
2026-02-26 14:30:00,Facility_A,Food & Beverage Processing,"Illinois, USA",,772.32,30.83,20.18,89.57952496542966,79.79,6.97,NONE
2026-02-26 14:45:00,Facility_D,Pharmaceuticals & Healthcare,"Flanders, Belgium",20291.29,510.89,32.79,27.15,99.46116167073214,74.73,7.21,NONE
2026-02-26 15:00:00,Facility_B,Heavy Manufacturing,"Indiana, USA",,707.31,33.59,27.31,95.3581417426493,68.77,7.78,NONE
2026-02-26 15:15:00,Facility_B,Heavy Manufacturing,"Indiana, USA",26757.87,828.21,24.43,21.44,97.19082984088364,73.66,7.33,NONE
2026-02-26 15:30:00,Facility_D,Pharmaceuticals & Healthcare,"Flanders, Belgium",,457.91,37.41,23.31,98.28448776391991,77.72,7.01,NONE
2026-02-26 15:45:00,Facility_C,Refinery & Petrochemicals,"Maharashtra, India",17938.16,858.3,30.03,26.23,93.37030533876533,76.41,7.23,NONE
2026-02-26 16:00:00,Facility_C,Refinery & Petrochemicals,"Maharashtra, India",17797.62,705.37,41.95,24.1,90.40742051228459,77.17,7.61,NONE
2026-02-26 16:15:00,Facility_C,Refinery & Petrochemicals,"Maharashtra, India",21270.29,798.87,36.22,21.24,97.76126670536921,77.0,7.63,NONE
2026-02-26 16:30:00,monterrey_e,Data Center Cooling,"Nuevo Leon, Mexico",16332.59,821.74,-8.87,24.29,89.66657656126134,82.16,7.17,CHEMICAL_DOSING_BREACH
2026-02-26 16:45:00,Facility_A,Food & Beverage Processing,"Illinois, USA",21925.44,698.4,39.27,23.25,,73.68,7.04,NONE
2026-02-26 17:00:00,Facility_C,Refinery & Petrochemicals,"Maharashtra, India",19496.01,766.65,32.96,24.87,89.17009279653867,82.6,7.3,NONE
2026-02-26 17:15:00,Facility_E,Data Center Cooling,"Nuevo Leon, Mexico",17651.19,779.24,29.27,22.3,91.48443482502444,79.91,7.5,NONE
2026-02-26 17:30:00,pune_fac_c,Refinery & Petrochemicals,"Maharashtra, India",17729.73,807.94,32.22,24.3,100.0,78.98,7.17,NONE
2026-02-26 17:45:00,Facility_A,Food & Beverage Processing,"Illinois, USA",17038.73,720.05,24.74,24.16,95.63033548323877,73.31,7.27,NONE
2026-02-26 18:00:00, Facility_A ,FOOD & BEV,"Illinois, USA",19007.41,824.36,29.8,20.35,90.99831486582431,78.45,7.08,NONE
2026-02-26 18:15:00,Facility_E,Data Center Cooling,"Nuevo Leon, Mexico",24134.82,734.89,20.97,23.86,92.63166393174376,75.67,7.18,NONE
2026-02-26 18:30:00,Facility_E,DATA_CENTER_COOLING,"Nuevo Leon, Mexico",24216.72,783.42,37.6,23.81,92.75512836443026,70.11,6.95,NONE
2026-02-26 18:45:00,Facility_B,Heavy Manufacturing,"Indiana, USA",25391.52,832.45,35.18,21.84,96.74703339213971,73.52,7.88,NONE
2026-02-26 19:00:00,Facility_C,REFINERY_PETRO,"Maharashtra, India",15289.06,882.05,33.4,24.24,98.52965798639991,72.42,7.04,NONE
2026-02-26 19:15:00,monterrey_e,Data Center Cooling,"Nuevo Leon, Mexico",,685.95,18.3,22.3,95.57930662127984,75.11,7.24,NONE
2026-02-26 19:30:00,Facility_A_Line1,Food & Beverage Processing,"Illinois, USA",17212.96,672.29,32.69,24.29,88.71490371336128,74.71,7.42,NONE
2026-02-26 19:45:00,facility_d,Pharmaceuticals & Healthcare,"Flanders, Belgium",,600.12,41.42,21.89,90.7268974812013,83.7,7.57,NONE
2026-02-26 20:00:00,Facility_C,Refinery & Petrochemicals,"Maharashtra, India",19233.16,724.61,32.25,24.07,90.86791937647223,70.1,7.31,NONE
2026-02-26 20:15:00,Facility_A_Line1,Food & Beverage Processing,"Illinois, USA",20738.41,838.77,32.51,21.7,92.64325960587497,79.87,7.69,NONE
2026-02-26 20:30:00,Facility_D,Pharmaceuticals & Healthcare,"Flanders, Belgium",21520.28,626.68,45.54,23.7,95.90542666553264,70.37,7.42,NONE
2026-02-26 20:45:00,Facility_C ,Refinery & Petrochemicals,"Maharashtra, India",19442.91,838.28,32.87,20.68,91.64150739555483,78.78,7.29,NONE
2026-02-26 21:00:00,FACILITY_B,Heavy Manufacturing,"Indiana, USA",27242.72,789.72,32.87,23.48,93.116605939648,79.97,7.79,NONE
2026-02-26 21:15:00,Facility_E,DATA_CENTER_COOLING,"Nuevo Leon, Mexico",24511.4,725.41,-6.02,22.22,88.73563856324913,69.8,7.11,CHEMICAL_DOSING_BREACH
2026-02-26 21:30:00,FACILITY_D,pharma,"Flanders, Belgium",15790.65,566.1,39.35,24.7,91.83069286437986,72.43,7.45,NONE
2026-02-26 21:45:00,Facility_D,Pharmaceuticals & Healthcare,"Flanders, Belgium",19151.31,600.96,33.46,27.4,95.5205582515946,77.34,7.05,NONE
2026-02-26 22:00:00,Facility_D,Pharmaceuticals & Healthcare,"Flanders, Belgium",16283.88,529.32,40.6,22.42,94.92881389437562,80.56,7.15,NONE
2026-02-26 22:15:00,Facility_B,Heavy Manufacturing,"Indiana, USA",22891.78,778.59,27.81,26.44,96.73704981646728,77.59,6.81,NONE
2026-02-26 22:30:00,Facility_B,Heavy Manufacturing,"Indiana, USA",25209.97,765.89,30.2,26.59,91.90274754685272,82.65,7.1,NONE
2026-02-26 22:45:00,Facility_E,Data Center Cooling,"Nuevo Leon, Mexico",22447.0,910.83,32.36,26.28,92.95467295927925,76.75,7.2,NONE
2026-02-26 23:00:00,Facility_E,Data Center Cooling,"Nuevo Leon, Mexico",23956.05,695.69,27.46,23.95,92.40085754890605,71.94,6.79,NONE
2026-02-26 23:15:00,Facility_E,Data Center Cooling,"Nuevo Leon, Mexico",21184.52,713.69,23.0,24.49,94.65718808519757,66.02,7.31,NONE
2026-02-26 23:30:00,Facility_C,Petrochem / Refining,"Maharashtra, India",21415.13,743.4,41.64,27.91,94.66490187800466,73.89,7.35,NONE
2026-02-26 23:45:00,Facility_D,Pharmaceuticals & Healthcare,"Flanders, Belgium",19819.52,682.74,39.6,28.92,89.79096023753907,71.57,7.35,NONE
2026-02-27 00:00:00,Facility_E,Data Center Cooling,"Nuevo Leon, Mexico",24501.8,615.63,41.17,26.5,97.26959502980002,73.93,7.12,NONE
2026-02-27 00:15:00,Facility_C,REFINERY_PETRO,"Maharashtra, India",22697.85,761.98,32.46,27.45,95.40743086123982,75.51,7.47,NONE
2026-02-27 00:30:00,Facility_C,Refinery & Petrochemicals,"Maharashtra, India",19687.11,872.81,35.74,25.86,95.81179784445567,62.91,7.52,NONE
2026-02-27 00:45:00,facility_c,Refinery & Petrochemicals,"Maharashtra, India",22232.83,836.22,28.83,29.88,ERROR_SENSOR,74.9,7.71,NONE
2026-02-27 01:00:00,Facility_E,Data Center Cooling,"Nuevo Leon, Mexico",19535.57,760.42,23.02,27.2,89.76629116276169,76.17,6.94,NONE
2026-02-27 01:15:00,Facility_A,Food & Beverage Processing,"Illinois, USA",19055.7,672.57,28.49,29.77,90.06297461581866,71.56,7.4,NONE
2026-02-27 01:30:00,Facility_E,Data Center Cooling,"Nuevo Leon, Mexico",22726.75,614.54,27.75,29.39,98.82422634566933,74.14,6.96,NONE
2026-02-27 01:45:00, Facility_A ,Food & Beverage Processing,"Illinois, USA",19233.28,678.66,32.93,31.58,89.74849566047055,78.94,7.6,NONE
2026-02-27 02:00:00,Facility_C,Refinery & Petrochemicals,"Maharashtra, India",20305.44,797.34,44.21,30.82,91.63145624842282,74.22,7.05,NONE
2026-02-27 02:15:00,Facility_B,Heavy Manufacturing,"Indiana, USA",30084.28,843.97,20.42,24.3,,70.21,7.23,NONE
2026-02-27 02:30:00,Facility_D,Pharmaceuticals & Healthcare,"Flanders, Belgium",18254.15,642.76,43.48,32.95,98.96671577767611,76.83,6.96,NONE
2026-02-27 02:45:00,Facility_B,Heavy Manufacturing,"Indiana, USA",28272.31,707.47,29.89,26.46,99.71553208850807,75.73,7.29,NONE
2026-02-27 03:00:00,Facility_A,Food & Beverage Processing,"Illinois, USA",18219.99,710.48,28.45,28.74,87.08669506714541,69.86,7.02,NONE
2026-02-27 03:15:00,Facility_A,Food & Beverage Processing,"Illinois, USA",20467.29,715.39,35.14,28.75,93.8618942654867,64.85,7.61,NONE
2026-02-27 03:30:00,Facility_C,Refinery & Petrochemicals,"Maharashtra, India",21688.58,827.58,31.8,30.67,94.06156251903865,65.18,7.7,NONE
2026-02-27 03:45:00,facility_d,Pharmaceuticals & Healthcare,"Flanders, Belgium",16321.26,601.72,37.62,-33.2,90.73622766839411,71.72,7.54,SENSOR_TEMP_SPIKE
2026-02-27 04:00:00,Facility_B,Heavy Manufacturing,"Indiana, USA",23446.51,889.42,28.48,28.78,97.71592529558973,69.26,7.5,NONE
2026-02-27 04:15:00,Facility_B_Unit2,Heavy Manufacturing,"Indiana, USA",149956.28,867.12,33.63,29.82,44.16887938271444,144.66,7.65,PRESSURE_BURST_SURGE
2026-02-27 04:30:00,Facility_A,Food & Beverage Processing,"Illinois, USA",21580.58,686.48,24.85,29.56,93.98764637489516,73.85,7.72,NONE
2026-02-27 04:45:00,Facility_E,Data Center Cooling,"Nuevo Leon, Mexico",18669.53,687.5,24.06,31.06,88.61669199016373,77.35,7.09,NONE
2026-02-27 05:00:00,Facility_D,Pharmaceuticals & Healthcare,"Flanders, Belgium",16982.4,669.73,42.68,30.58,89.30467791826338,83.06,7.3,NONE
2026-02-27 05:15:00,Facility_C ,Refinery & Petrochemicals,"Maharashtra, India",19386.34,847.86,27.26,29.27,93.28216083189211,74.59,6.98,NONE
2026-02-27 05:30:00,monterrey_e,Data Center Cooling,"Nuevo Leon, Mexico",21926.29,752.53,-5.35,32.27,92.63838148071892,73.12,7.63,CHEMICAL_DOSING_BREACH
2026-02-27 05:45:00,Facility_B,Heavy Manufacturing,"Indiana, USA",26667.76,756.85,38.91,31.26,91.46658787304767,63.35,7.57,NONE
2026-02-27 06:00:00,Facility_A,Food & Beverage Processing,"Illinois, USA",15679.36,738.48,39.62,28.45,95.86177731863361,70.35,7.67,NONE
2026-02-27 06:15:00,Facility_E,Data Center Cooling,"Nuevo Leon, Mexico",21266.66,748.57,33.57,31.62,90.92499507672161,82.04,6.92,NONE
2026-02-27 06:30:00,Facility_D,Pharmaceuticals & Healthcare,"Flanders, Belgium",19338.29,522.18,31.25,28.42,93.34243353650999,75.57,7.65,NONE
2026-02-27 06:45:00,facility_a,Food & Beverage Processing,"Illinois, USA",22674.95,732.8,29.64,32.29,91.53314725042479,66.82,7.61,NONE
2026-02-27 07:00:00,Facility_E,Data Center Cooling,"Nuevo Leon, Mexico",24452.14,688.36,36.74,31.41,94.88867832948766,71.67,7.63,NONE
2026-02-27 07:15:00,facility_d,Pharmaceuticals & Healthcare,"Flanders, Belgium",15294.82,549.67,34.42,27.93,96.2615598570101,75.54,7.58,NONE
2026-02-27 07:30:00,Facility_A,Food & Beverage Processing,"Illinois, USA",18619.69,783.24,,29.35,91.45555595019401,65.08,7.68,NONE
2026-02-27 07:45:00,Facility_D,Pharmaceuticals & Healthcare,"Flanders, Belgium",21079.63,735.57,36.09,28.89,88.05540728770912,78.32,7.55,NONE
2026-02-27 08:00:00,Facility_B,Heavy Manufacturing,"Indiana, USA",30592.45,763.0,31.51,29.02,97.79989182063206,76.41,6.91,NONE
2026-02-27 08:15:00,Facility_B,Heavy Manufacturing,"Indiana, USA",25383.97,676.36,23.61,27.84,91.44898736235432,72.82,7.4,NONE
2026-02-27 08:30:00,pune_fac_c,Refinery & Petrochemicals,"Maharashtra, India",19085.79,775.15,36.9,27.42,N/A,80.46,7.3,NONE
2026-02-27 08:45:00,Facility_D,Pharmaceuticals & Healthcare,"Flanders, Belgium",19830.17,591.85,41.12,30.02,96.20516873183786,76.28,7.53,NONE
2026-02-27 09:00:00,Facility_A,Food & Beverage Processing,"Illinois, USA",20285.0,641.22,26.58,28.69,98.46524969016431,73.23,7.44,NONE
2026-02-27 09:15:00,FACILITY_D,Pharmaceuticals & Healthcare,"Flanders, Belgium",,580.02,37.86,24.33,94.43084461430652,66.57,7.15,NONE
2026-02-27 09:30:00,Facility_B,Heavy Manufacturing,"Indiana, USA",28867.69,853.23,26.62,27.97,92.16242485237386,74.72,7.01,NONE
2026-02-27 09:45:00,Facility_D,PHARMACEUTICALS,"Flanders, Belgium",102106.46,503.7,30.25,30.51,50.54299013738601,117.11,7.53,PRESSURE_BURST_SURGE
2026-02-27 10:00:00,Facility_A,Food & Beverage Processing,"Illinois, USA",17906.98,720.82,29.1,27.46,95.05741469716932,69.46,6.66,NONE
2026-02-27 10:15:00,Facility_D,PHARMACEUTICALS,"Flanders, Belgium",17405.05,651.62,30.66,26.04,91.46302229680992,66.81,7.77,NONE
2026-02-27 10:30:00,Facility_E,Data Center Cooling,"Nuevo Leon, Mexico",21347.67,616.61,,27.96,92.72782304755394,73.26,7.31,NONE
2026-02-27 10:45:00,pune_fac_c,Refinery & Petrochemicals,"Maharashtra, India",19526.98,806.01,,27.89,94.08055359362028,71.25,7.83,NONE
2026-02-27 11:00:00,Facility_C,Refinery & Petrochemicals,"Maharashtra, India",18639.13,816.16,33.61,26.99,94.59617297081208,67.77,7.56,NONE
2026-02-27 11:15:00,Facility_D,Pharmaceuticals & Healthcare,"Flanders, Belgium",15953.45,619.14,36.37,30.99,96.64526055243395,78.45,7.39,NONE
2026-02-27 11:30:00,facility_c,Refinery & Petrochemicals,"Maharashtra, India",21107.87,836.06,,25.45,90.52304741214074,70.5,7.28,NONE
2026-02-27 11:45:00,Facility_B,Heavy Mfg.,"Indiana, USA",27388.58,938.69,31.05,29.0,90.11976933161205,71.73,7.28,NONE
2026-02-27 12:00:00,Facility_D,Pharmaceuticals & Healthcare,"Flanders, Belgium",17219.87,505.12,39.14,25.23,96.08179774150248,68.5,7.59,NONE
2026-02-27 12:15:00,Facility_D,Pharmaceuticals & Healthcare,"Flanders, Belgium",19201.66,581.24,38.52,-16.17,93.29592685763329,72.78,7.43,SENSOR_TEMP_SPIKE
2026-02-27 12:30:00,Fac_E_Cooling,data center,"Nuevo Leon, Mexico",22496.9,716.06,-5.61,25.32,91.2526519810599,73.32,7.14,CHEMICAL_DOSING_BREACH
2026-02-27 12:45:00,Facility_A,food & beverage,"Illinois, USA",20340.85,708.66,31.11,24.99,96.14584320194305,72.91,7.42,NONE
2026-02-27 13:00:00,Facility_A,Food and Beverage,"Illinois, USA",21681.11,706.73,31.08,25.05,94.10815594366105,77.63,7.57,NONE
2026-02-27 13:15:00,Facility_C,Petrochem / Refining,"Maharashtra, India",19936.89,871.01,35.85,27.74,96.85966992294117,71.06,7.57,NONE
2026-02-27 13:30:00,Facility_A,FOOD & BEV,"Illinois, USA",91208.48,798.72,31.2,23.57,48.43937621667283,117.11,7.69,PRESSURE_BURST_SURGE
2026-02-27 13:45:00,Facility_D,Pharmaceuticals & Healthcare,"Flanders, Belgium",19264.25,478.49,37.05,26.27,95.74267662960861,82.04,7.17,NONE
2026-02-27 14:00:00,Facility_E,Data Center Cooling,"Nuevo Leon, Mexico",17765.27,773.25,29.39,24.49,91.11152636875474,62.06,7.07,NONE
2026-02-27 14:15:00,Facility_C,Refinery & Petrochemicals,"Maharashtra, India",,799.06,39.55,24.9,--,77.44,7.36,NONE
2026-02-27 14:30:00,Facility_A,Food & Beverage Processing,"Illinois, USA",19326.57,505.6,28.74,22.96,93.15182806994883,69.81,7.61,NONE
2026-02-27 14:45:00,Facility_B,Heavy Manufacturing,"Indiana, USA",23061.9,932.6,24.46,22.78,91.32460047015506,71.77,7.68,NONE
2026-02-27 15:00:00,Facility_A,Food & Beverage Processing,"Illinois, USA",18506.92,691.49,28.38,23.2,null,73.03,7.31,NONE
2026-02-27 15:15:00,FACILITY_E,Data Center Cooling,"Nuevo Leon, Mexico",23672.59,770.52,23.67,23.34,91.77727941935984,76.34,7.38,NONE
2026-02-27 15:30:00,Facility_A,Food & Beverage Processing,"Illinois, USA",21875.78,660.24,30.69,21.41,93.36623061358979,67.09,7.44,NONE
2026-02-27 15:45:00,Facility_B,Heavy Manufacturing,"Indiana, USA",25618.36,853.04,31.81,23.58,89.41431188357147,71.5,7.33,NONE
2026-02-27 16:00:00,Facility_D,pharma,"Flanders, Belgium",17982.0,557.28,44.31,23.22,94.72323077295462,64.96,7.56,NONE
2026-02-27 16:15:00,Facility_E,Data Center Cooling,"Nuevo Leon, Mexico",28321.17,850.92,,27.02,93.58798837310573,75.38,7.28,NONE
2026-02-27 16:30:00,Facility_D,Pharmaceuticals & Healthcare,"Flanders, Belgium",18060.12,441.08,40.81,22.27,92.89820579880411,75.23,7.23,NONE
2026-02-27 16:45:00,facility_e,Data Center Cooling,"Nuevo Leon, Mexico",21768.01,840.23,30.2,22.44,93.10481566757545,74.9,7.12,NONE
2026-02-27 17:00:00,Facility_A,Food & Beverage Processing,"Illinois, USA",19743.48,761.81,31.87,21.87,92.58126873654425,76.93,7.04,NONE
2026-02-27 17:15:00,Facility_E,Hyperscale Cooling,"Nuevo Leon, Mexico",19032.73,629.48,28.64,24.13,97.76074184466407,80.97,7.16,NONE
2026-02-27 17:30:00,FACILITY_E,Data Center Cooling,"Nuevo Leon, Mexico",21733.08,719.83,35.42,24.88,94.03782860472724,71.21,6.38,NONE
2026-02-27 17:45:00,Facility_A_Line1,Food & Beverage Processing,"Illinois, USA",15949.15,580.93,25.43,25.89,89.35586747708248,69.23,7.09,NONE
2026-02-27 18:00:00,facility_d,Pharmaceuticals & Healthcare,"Flanders, Belgium",24556.06,565.45,41.68,22.82,87.14989114367998,80.9,7.46,NONE
2026-02-27 18:15:00,Facility_A,Food & Beverage Processing,"Illinois, USA",18981.65,838.5,30.04,22.25,92.3956712940952,78.84,7.58,NONE
2026-02-27 18:30:00,facility_d,pharma,"Flanders, Belgium",19344.86,509.15,35.95,20.64,97.21317702949484,66.91,7.8,NONE
2026-02-27 18:45:00,FACILITY_D,Pharmaceuticals & Healthcare,"Flanders, Belgium",21611.43,516.74,35.75,21.29,94.87674815263495,80.36,7.68,NONE
2026-02-27 19:00:00,Facility_C,Refinery & Petrochemicals,"Maharashtra, India",17848.91,874.5,40.42,22.3,93.46973287064667,80.94,7.65,NONE
2026-02-27 19:15:00,Facility_C,Refinery & Petrochemicals,"Maharashtra, India",21594.08,977.88,37.8,23.3,,82.95,7.18,NONE
2026-02-27 19:30:00,Facility_B,Heavy Manufacturing,"Indiana, USA",25165.29,754.44,29.94,24.41,90.46359268916937,79.1,7.22,NONE
2026-02-27 19:45:00,Facility_B,Heavy Manufacturing,"Indiana, USA",24134.93,934.91,25.87,20.39,95.87970275170896,73.41,7.69,NONE
2026-02-27 20:00:00,Facility_B,Heavy Manufacturing,"Indiana, USA",28367.94,693.14,34.03,26.46,96.80753122964555,78.83,7.28,NONE
2026-02-27 20:15:00,Facility_C,Refinery & Petrochemicals,"Maharashtra, India",17750.03,793.51,,24.78,92.09909552766345,71.57,6.93,NONE
2026-02-27 20:30:00,Facility_C,Refinery & Petrochemicals,"Maharashtra, India",20288.55,746.71,34.24,26.44,95.41484450171005,75.45,7.58,NONE
2026-02-27 20:45:00,Facility_B,Heavy Manufacturing,"Indiana, USA",30186.52,704.13,26.12,23.07,90.36930581662867,72.81,6.92,NONE
2026-02-27 21:00:00,Facility_B,HEAVY_MANUFACTURING,"Indiana, USA",28643.96,796.53,29.34,23.76,95.28374208359689,62.93,7.48,NONE
2026-02-27 21:15:00,Facility_C ,refinery,"Maharashtra, India",18205.5,808.61,30.55,24.61,97.65523795111748,74.85,7.15,NONE
2026-02-27 21:30:00,Facility_D,Pharmaceuticals & Healthcare,"Flanders, Belgium",17206.06,601.79,39.89,24.71,93.37991990401838,74.91,7.33,NONE
2026-02-27 21:45:00,Facility_B,Heavy Mfg.,"Indiana, USA",24611.25,903.63,29.8,26.6,97.0739692165889,75.25,7.52,NONE
2026-02-27 22:00:00,Facility_C,Refinery & Petrochemicals,"Maharashtra, India",16664.48,770.97,36.94,21.65,94.87415059302124,69.68,7.11,NONE
2026-02-27 22:15:00,Facility_E,Data Center Cooling,"Nuevo Leon, Mexico",19759.34,747.71,22.92,26.27,94.06773836595899,82.66,7.43,NONE
2026-02-27 22:30:00,Fac_D,Pharmaceuticals & Healthcare,"Flanders, Belgium",20001.19,520.42,32.54,26.08,90.00147211037839,76.89,7.83,NONE
2026-02-27 22:45:00,Facility_B,Heavy Manufacturing,"Indiana, USA",28716.96,887.92,29.63,24.52,93.13340435515792,71.46,6.98,NONE
2026-02-27 23:00:00,Facility_B,Heavy Manufacturing,"Indiana, USA",25899.64,933.06,23.09,27.98,97.39498954515705,75.79,7.46,NONE
2026-02-27 23:15:00, Facility_A ,Food & Beverage Processing,"Illinois, USA",18832.48,716.0,29.55,25.78,93.94744371564002,82.47,7.51,NONE
2026-02-27 23:30:00,Facility_B,Heavy Manufacturing,"Indiana, USA",25141.94,831.69,25.5,24.99,96.41422621357732,71.78,7.18,NONE
2026-02-27 23:45:00,Facility_C,Refinery & Petrochemicals,"Maharashtra, India",17488.37,720.34,40.23,26.5,92.59659320159517,74.13,7.41,NONE
2026-02-28 00:00:00,Facility_A,Food & Beverage Processing,"Illinois, USA",17535.59,613.92,,28.28,N/A,78.14,7.89,NONE
2026-02-28 00:15:00,Facility_B,Heavy Manufacturing,"Indiana, USA",24133.03,745.92,31.28,24.12,93.62151249239417,72.66,7.54,NONE
2026-02-28 00:30:00,Facility_B,Heavy Manufacturing,"Indiana, USA",24297.46,940.78,25.36,28.29,91.36747612588346,76.47,7.07,NONE
2026-02-28 00:45:00,Facility_D,Pharmaceuticals & Healthcare,"Flanders, Belgium",18664.83,644.23,37.98,29.41,93.41592166423226,71.73,7.4,NONE
2026-02-28 01:00:00,Facility_C,Refinery & Petrochemicals,"Maharashtra, India",20224.11,628.94,37.69,25.84,89.69699909452576,76.42,7.72,NONE
2026-02-28 01:15:00,Facility_E,Data Center Cooling,"Nuevo Leon, Mexico",21647.94,648.34,25.68,27.03,94.12751020873195,73.68,7.49,NONE
2026-02-28 01:30:00,Facility_B,Heavy Manufacturing,"Indiana, USA",28884.72,868.96,32.27,27.55,100.0,76.49,7.54,NONE
2026-02-28 01:45:00,Fac_D,Pharmaceuticals & Healthcare,"Flanders, Belgium",22667.24,574.02,34.79,30.62,97.86845749312404,74.69,7.84,NONE
2026-02-28 02:00:00,Facility_A,Food & Beverage Processing,"Illinois, USA",19070.48,779.47,37.87,28.68,94.96175395147588,78.62,7.25,NONE
2026-02-28 02:15:00,Fac_D,Healthcare & Pharma,"Flanders, Belgium",16890.19,644.85,38.79,27.81,93.80117366937834,76.29,6.91,NONE
2026-02-28 02:30:00,Facility_A,Food & Beverage Processing,"Illinois, USA",20918.06,742.12,38.45,28.54,97.90677578722642,73.8,7.39,NONE
2026-02-28 02:45:00,Facility_D,Pharmaceuticals & Healthcare,"Flanders, Belgium",19350.1,688.11,-1.5,30.03,93.63514059922313,73.87,7.51,CHEMICAL_DOSING_BREACH
2026-02-28 03:00:00,Facility_E,Data Center Cooling,"Nuevo Leon, Mexico",,731.18,28.3,27.53,99.84529820829292,73.16,7.27,NONE
2026-02-28 03:15:00,Facility_E,Data Center Cooling,"Nuevo Leon, Mexico",,833.03,25.59,31.64,92.529434168962,80.44,7.2,NONE
2026-02-28 03:30:00,Facility_A,Food & Beverage Processing,"Illinois, USA",20963.03,716.05,26.77,27.12,91.12255084600766,78.47,6.81,NONE
2026-02-28 03:45:00,Facility_B,Heavy Manufacturing,"Indiana, USA",127967.89,860.74,21.43,28.39,39.73475659737393,140.31,7.76,PRESSURE_BURST_SURGE
2026-02-28 04:00:00,Facility_C,Refinery & Petrochemicals,"Maharashtra, India",17257.84,763.36,36.91,26.11,91.74762484471374,70.76,7.23,NONE
2026-02-28 04:15:00,Facility_D,Pharmaceuticals & Healthcare,"Flanders, Belgium",17666.84,571.58,38.47,31.3,95.27193393540821,79.56,7.63,NONE
2026-02-28 04:30:00,Facility_A,food & beverage,"Illinois, USA",22580.27,803.61,29.52,29.73,92.90578148777426,79.5,7.3,NONE
2026-02-28 04:45:00,Facility_A,Food & Beverage Processing,"Illinois, USA",21193.31,582.62,22.97,32.74,95.34539863019052,79.71,6.94,NONE
2026-02-28 05:00:00,facility_c,Refinery & Petrochemicals,"Maharashtra, India",19405.27,668.07,39.63,30.58,93.40023089324542,78.34,7.35,NONE
2026-02-28 05:15:00,Facility_C,Refinery & Petrochemicals,"Maharashtra, India",18749.01,671.59,41.55,30.79,95.48327758955459,68.28,7.76,NONE
2026-02-28 05:30:00,Facility_D,Pharmaceuticals & Healthcare,"Flanders, Belgium",,671.6,42.05,26.21,96.23423736719013,78.46,7.55,NONE
2026-02-28 05:45:00,Facility_A_Line1,Food & Beverage Processing,"Illinois, USA",19899.14,703.7,31.62,33.12,98.40248400671393,73.45,7.15,NONE
2026-02-28 06:00:00,Facility_B,Heavy Manufacturing,"Indiana, USA",29883.72,922.1,29.59,28.85,88.27701677247212,77.61,7.21,NONE
2026-02-28 06:15:00,FACILITY_B,Heavy Mfg.,"Indiana, USA",24130.08,879.6,26.42,29.67,91.32956751674547,77.19,7.09,NONE
2026-02-28 06:30:00,facility_d,PHARMACEUTICALS,"Flanders, Belgium",15410.85,514.92,,29.42,95.0741704398543,72.61,7.29,NONE
2026-02-28 06:45:00,Facility_A,Food & Beverage Processing,"Illinois, USA",22439.58,722.02,38.5,33.91,98.56938206358372,71.66,7.4,NONE
2026-02-28 07:00:00,facility_b,Mfg Heavy,"Indiana, USA",30379.27,906.89,33.39,32.61,97.67121645198878,69.59,7.34,NONE
2026-02-28 07:15:00,Facility_E,Hyperscale Cooling,"Nuevo Leon, Mexico",19475.99,741.62,29.41,30.48,91.62662525087703,68.32,6.92,NONE
2026-02-28 07:30:00,Facility_E,Data Center Cooling,"Nuevo Leon, Mexico",25738.31,843.17,29.94,25.05,90.87811526476989,76.26,7.59,NONE
2026-02-28 07:45:00,FACILITY_D,Pharmaceuticals & Healthcare,"Flanders, Belgium",18022.96,600.67,37.11,32.13,93.38243020572767,73.68,7.21,NONE
2026-02-28 08:00:00,Facility_B,Heavy Manufacturing,"Indiana, USA",28129.18,874.97,23.64,30.66,--,78.34,7.32,NONE
2026-02-28 08:15:00,Facility_B,Heavy Manufacturing,"Indiana, USA",22775.85,802.06,36.2,29.44,96.80656692632267,67.83,7.46,NONE
2026-02-28 08:30:00,Facility_A,F&B Processing,"Illinois, USA",15718.55,718.0,28.39,28.01,90.16242751415051,73.04,6.82,NONE
2026-02-28 08:45:00,Facility_B,Mfg Heavy,"Indiana, USA",21335.84,847.86,21.16,26.77,99.21732005189939,81.07,7.12,NONE
2026-02-28 09:00:00,Facility_B,Heavy Mfg.,"Indiana, USA",26808.43,770.78,25.22,23.68,98.39198558060608,76.5,7.56,NONE
2026-02-28 09:15:00,Facility_D,Pharmaceuticals & Healthcare,"Flanders, Belgium",19914.8,557.67,35.46,29.08,98.1901882806289,74.1,7.89,NONE
2026-02-28 09:30:00,Facility_E,Data Center Cooling,"Nuevo Leon, Mexico",19132.81,638.25,24.63,28.65,97.94412965021456,71.82,6.94,NONE
2026-02-28 09:45:00,facility_e,Hyperscale Cooling,"Nuevo Leon, Mexico",21133.01,841.63,28.48,29.09,93.41346234330268,73.05,8.02,NONE
2026-02-28 10:00:00, Facility_A ,Food & Beverage Processing,"Illinois, USA",22299.54,846.61,43.62,30.82,,77.97,7.89,NONE
2026-02-28 10:15:00,Facility_B,Heavy Manufacturing,"Indiana, USA",27441.82,811.01,34.27,25.98,93.95265087070317,77.41,7.32,NONE
2026-02-28 10:30:00,Facility_C,Refinery & Petrochemicals,"Maharashtra, India",20240.16,827.7,37.85,27.69,92.21066512714995,73.48,6.97,NONE
2026-02-28 10:45:00,monterrey_e,Data Center Cooling,"Nuevo Leon, Mexico",24584.48,790.59,29.21,26.57,93.91242603508357,74.49,7.23,NONE
2026-02-28 11:00:00,facility_e,Data Center Cooling,"Nuevo Leon, Mexico",23758.83,665.21,24.68,29.54,98.31319276382614,75.26,7.07,NONE
2026-02-28 11:15:00,Facility_C ,Refinery & Petrochemicals,"Maharashtra, India",21814.35,793.44,36.02,30.06,--,72.34,6.91,NONE
2026-02-28 11:30:00,Facility_A,Food & Beverage Processing,"Illinois, USA",18533.12,746.79,34.18,24.82,91.42206264791967,60.7,7.45,NONE
2026-02-28 11:45:00,Facility_C,Refinery & Petrochemicals,"Maharashtra, India",14954.46,741.38,31.73,27.97,94.72844101934899,70.7,7.39,NONE
2026-02-28 12:00:00,Facility_E,Data Center Cooling,"Nuevo Leon, Mexico",22810.35,772.78,14.32,30.66,ERROR_SENSOR,79.06,7.15,NONE
2026-02-28 12:15:00,facility_d,Pharmaceuticals & Healthcare,"Flanders, Belgium",16621.26,538.83,45.9,25.67,93.29625273497733,82.35,7.25,NONE
2026-02-28 12:30:00,pune_fac_c,Refinery & Petrochemicals,"Maharashtra, India",18862.43,673.99,43.67,24.61,92.94829744272496,58.96,7.3,NONE
2026-02-28 12:45:00,Facility_E,Data Center Cooling,"Nuevo Leon, Mexico",20904.57,718.76,21.2,26.7,87.41931941536079,66.54,7.28,NONE
2026-02-28 13:00:00,facility_c,Petrochem / Refining,"Maharashtra, India",,773.28,36.75,24.26,91.34484554518434,77.97,7.7,NONE
2026-02-28 13:15:00,Facility_C,Refinery & Petrochemicals,"Maharashtra, India",21336.26,824.91,36.88,22.63,91.68214264840874,70.79,7.37,NONE
2026-02-28 13:30:00,Facility_B,Heavy Manufacturing,"Indiana, USA",,811.66,18.03,27.24,ERROR_SENSOR,70.21,7.53,NONE
2026-02-28 13:45:00,Facility_B,heavy mfg,"Indiana, USA",24193.45,842.01,29.9,25.0,92.69765318184342,74.56,8.0,NONE
2026-02-28 14:00:00,Facility_B,Heavy Manufacturing,"Indiana, USA",29799.36,920.68,30.52,27.54,96.59517319294326,80.27,7.75,NONE
2026-02-28 14:15:00,pune_fac_c,Refinery & Petrochemicals,"Maharashtra, India",20566.44,825.36,34.52,27.93,93.59476927057933,69.35,7.48,NONE
2026-02-28 14:30:00,Facility_D,Pharmaceuticals & Healthcare,"Flanders, Belgium",18454.68,515.57,33.8,24.25,94.02904235130572,67.88,7.25,NONE
2026-02-28 14:45:00,Facility_D,Pharmaceuticals & Healthcare,"Flanders, Belgium",20971.02,423.85,36.48,23.92,95.6163951491608,73.06,7.24,NONE
2026-02-28 15:00:00,Facility_C,Refinery & Petrochemicals,"Maharashtra, India",20207.5,773.03,42.92,24.79,96.10550722265327,74.34,7.88,NONE
2026-02-28 15:15:00,Facility_E,Data Center Cooling,"Nuevo Leon, Mexico",,663.82,28.11,23.02,93.05735780851022,82.9,7.13,NONE
2026-02-28 15:30:00,Fac_E_Cooling,Data Center Cooling,"Nuevo Leon, Mexico",20944.93,627.53,36.45,19.14,93.9624309000403,67.96,6.96,NONE
2026-02-28 15:45:00,Facility_D,Pharmaceuticals & Healthcare,"Flanders, Belgium",16734.42,506.26,38.63,20.88,96.82919317687413,80.0,7.81,NONE
2026-02-28 16:00:00,Facility_E,Data Center Cooling,"Nuevo Leon, Mexico",17225.29,691.33,26.48,22.02,96.06590958653122,75.43,7.09,NONE
2026-02-28 16:15:00,Facility_A,Food & Beverage Processing,"Illinois, USA",18610.38,710.64,30.78,21.59,89.94919860722247,77.38,7.02,NONE
2026-02-28 16:30:00,Facility_E,Data Center Cooling,"Nuevo Leon, Mexico",22892.13,767.83,24.91,23.72,91.2084159232177,76.54,7.13,NONE
2026-02-28 16:45:00,antwerp_hub_d,Pharmaceuticals & Healthcare,"Flanders, Belgium",18964.03,566.22,34.9,22.15,91.44089574414251,79.27,7.15,NONE
2026-02-28 17:00:00,Facility_B,Heavy Manufacturing,"Indiana, USA",25569.58,664.37,25.61,-23.94,95.01975113528394,75.96,7.34,SENSOR_TEMP_SPIKE
2026-02-28 17:15:00,Facility_A,Food & Beverage Processing,"Illinois, USA",,800.44,27.8,23.12,90.75919135010174,77.81,6.99,NONE
2026-02-28 17:30:00,Facility_B,Heavy Manufacturing,"Indiana, USA",22680.42,830.56,25.19,21.26,--,68.37,7.39,NONE
2026-02-28 17:45:00,Facility_D,Healthcare & Pharma,"Flanders, Belgium",19545.98,479.41,38.53,22.87,94.89760041009193,74.52,7.45,NONE
2026-02-28 18:00:00,FACILITY_C,Refinery & Petrochemicals,"Maharashtra, India",19614.09,796.07,37.06,25.27,97.69089882930292,73.49,7.18,NONE
2026-02-28 18:15:00,Facility_A,Food & Beverage Processing,"Illinois, USA",22199.74,876.16,31.38,23.41,92.45777382058581,76.39,6.79,NONE
2026-02-28 18:30:00,Facility_E,Data Center Cooling,"Nuevo Leon, Mexico",19772.2,804.27,24.83,23.53,95.16436259086571,76.61,7.21,NONE
2026-02-28 18:45:00,FACILITY_C,Refinery & Petrochemicals,"Maharashtra, India",20555.87,920.62,33.44,21.37,92.95498930397441,75.24,7.06,NONE
2026-02-28 19:00:00,Facility_D,Pharmaceuticals & Healthcare,"Flanders, Belgium",17698.3,651.83,42.27,20.85,99.47090233094727,72.07,7.44,NONE
2026-02-28 19:15:00,Facility_C,Refinery & Petrochemicals,"Maharashtra, India",18921.15,848.38,30.7,21.76,90.56649311657976,69.25,7.14,NONE
2026-02-28 19:30:00,Facility_B,Heavy Manufacturing,"Indiana, USA",23203.06,893.87,26.87,22.35,87.6275289862523,78.45,6.87,NONE
2026-02-28 19:45:00,Facility_D,Pharmaceuticals & Healthcare,"Flanders, Belgium",18933.46,644.6,43.96,20.42,92.92675147368345,77.47,7.24,NONE
2026-02-28 20:00:00,Facility_C,Refinery & Petrochemicals,"Maharashtra, India",21268.84,618.67,36.14,23.84,89.83319840154013,77.6,7.06,NONE
2026-02-28 20:15:00,Facility_B,Mfg Heavy,"Indiana, USA",30814.37,812.88,27.83,21.31,92.37971624482797,70.82,7.43,NONE
2026-02-28 20:30:00,Facility_E,Data Center Cooling,"Nuevo Leon, Mexico",21755.05,743.38,29.21,21.36,N/A,79.42,7.14,NONE
2026-02-28 20:45:00,Facility_A,Food & Beverage Processing,"Illinois, USA",81742.54,548.79,33.29,25.58,35.842276666344276,135.01,7.79,PRESSURE_BURST_SURGE
2026-02-28 21:00:00,Facility_D,Pharmaceuticals & Healthcare,"Flanders, Belgium",20561.46,511.82,32.05,25.65,99.71174589283667,76.23,7.51,NONE
2026-02-28 21:15:00,Facility_E,Data Center Cooling,"Nuevo Leon, Mexico",20259.27,763.5,29.97,23.53,97.81955367044642,74.8,7.44,NONE
2026-02-28 21:30:00,Facility_D,pharma,"Flanders, Belgium",18355.19,565.57,42.62,24.33,94.0417441680382,74.82,7.25,NONE
2026-02-28 21:45:00,FACILITY_B,Heavy Manufacturing,"Indiana, USA",21432.71,972.1,32.99,26.53,90.06793961903185,80.5,7.9,NONE
2026-02-28 22:00:00,pune_fac_c,Refinery & Petrochemicals,"Maharashtra, India",21187.5,905.04,38.85,22.98,95.12442198538307,69.41,7.18,NONE
2026-02-28 22:15:00,facility_b,Heavy Manufacturing,"Indiana, USA",26768.82,855.29,30.44,21.51,93.00643857037589,76.47,7.56,NONE
2026-02-28 22:30:00,Facility_D,Healthcare & Pharma,"Flanders, Belgium",20546.96,583.3,35.91,25.87,92.54091803107131,78.05,7.47,NONE
2026-02-28 22:45:00,Facility_B_Unit2,Heavy Manufacturing,"Indiana, USA",25598.98,775.4,33.2,26.22,100.0,76.37,7.52,NONE
2026-02-28 23:00:00,Facility_C,Petrochem / Refining,"Maharashtra, India",15516.61,801.12,34.17,26.95,94.57099021810906,78.43,7.95,NONE
2026-02-28 23:15:00,Facility_A,Food & Beverage Processing,"Illinois, USA",17417.54,780.5,34.37,29.28,95.75723062410113,76.71,7.59,NONE
2026-02-28 23:30:00,Facility_B,Heavy Manufacturing,"Indiana, USA",28641.13,962.17,25.06,25.27,99.05291558233762,65.19,7.33,NONE
2026-02-28 23:45:00,Facility_E,Data Center Cooling,"Nuevo Leon, Mexico",21478.69,736.73,35.14,27.1,92.26059486513525,71.15,7.43,NONE
2026-03-01 00:00:00,Facility_A,Food & Beverage Processing,"Illinois, USA",21958.17,722.87,30.94,25.25,94.69692428188576,75.43,7.15,NONE
2026-03-01 00:15:00,Facility_A,FOOD & BEV,"Illinois, USA",165.39,1978.67,31.71,27.31,55.833078983709306,77.32,7.48,BROWNOUT_WATER_STALL
2026-03-01 00:30:00,Facility_A,Food & Beverage Processing,"Illinois, USA",21706.12,778.86,33.89,27.51,95.1175344721858,79.53,7.34,NONE
2026-03-01 00:45:00,Facility_E,Data Center Cooling,"Nuevo Leon, Mexico",22053.98,727.0,28.57,27.49,95.46167593193854,71.76,7.32,NONE
2026-03-01 01:00:00,Facility_B,Heavy Manufacturing,"Indiana, USA",26816.06,829.16,29.16,25.39,95.26151502909151,71.26,6.96,NONE
2026-03-01 01:15:00,Facility_C,Refinery & Petrochemicals,"Maharashtra, India",19480.22,803.23,37.33,28.6,94.85315317489551,80.61,7.58,NONE
2026-03-01 01:30:00,FAC-B,Heavy Manufacturing,"Indiana, USA",28694.61,888.14,32.14,27.26,95.57562674281652,79.23,7.29,NONE
2026-03-01 01:45:00,Facility_D,Pharmaceuticals & Healthcare,"Flanders, Belgium",21807.52,549.88,,26.45,96.06673158924636,79.51,7.34,CHEMICAL_DOSING_BREACH
2026-03-01 02:00:00,Facility_C,REFINERY_PETRO,"Maharashtra, India",16827.85,784.15,39.01,29.35,88.53315964887685,72.54,7.41,NONE
2026-03-01 02:15:00,FAC_A,Food & Beverage Processing,"Illinois, USA",22465.54,702.47,33.59,29.04,91.62163018076025,71.96,7.3,NONE
2026-03-01 02:30:00,Facility_E,Data Center Cooling,"Nuevo Leon, Mexico",24320.87,691.69,189.67,27.86,97.67636437665008,75.73,7.73,CHEMICAL_DOSING_BREACH
2026-03-01 02:45:00,Fac_E_Cooling,Data Center Cooling,"Nuevo Leon, Mexico",14349.69,705.77,27.7,29.1,93.44605678627173,70.8,7.32,NONE
2026-03-01 03:00:00,Facility_E,Data Center Cooling,"Nuevo Leon, Mexico",20859.01,626.05,29.95,29.35,94.11511537466566,71.76,7.36,NONE
2026-03-01 03:15:00,Facility_E,Data Center Cooling,"Nuevo Leon, Mexico",15608.65,709.59,26.62,29.42,93.40418797790724,78.29,7.04,NONE
2026-03-01 03:30:00,Facility_B,Mfg Heavy,"Indiana, USA",,1008.29,26.45,30.99,98.08583314952918,80.33,7.27,NONE
2026-03-01 03:45:00,facility_d,Pharmaceuticals & Healthcare,"Flanders, Belgium",21150.14,617.93,42.56,31.07,97.24361408074915,72.98,7.22,NONE
2026-03-01 04:00:00,Facility_C,refinery,"Maharashtra, India",13901.76,744.16,-3.04,26.72,93.64310675587319,78.83,7.09,CHEMICAL_DOSING_BREACH
2026-03-01 04:15:00,Facility_C,Refinery & Petrochemicals,"Maharashtra, India",23057.29,773.2,31.76,31.06,95.93149309128033,73.23,7.42,NONE
2026-03-01 04:30:00,Facility_D,Pharmaceuticals & Healthcare,"Flanders, Belgium",18704.95,532.0,38.88,28.93,--,84.43,7.66,NONE
2026-03-01 04:45:00,Facility_B,Heavy Manufacturing,"Indiana, USA",25217.25,869.36,33.26,30.11,95.28692404012534,77.23,7.42,NONE
2026-03-01 05:00:00,FACILITY_E,Data Center Cooling,"Nuevo Leon, Mexico",21581.42,828.84,35.78,30.2,97.469121576613,67.31,7.49,NONE
2026-03-01 05:15:00,Facility_B,Heavy Manufacturing,"Indiana, USA",19039.23,775.02,24.15,33.37,92.59549054164621,73.78,7.29,NONE
2026-03-01 05:30:00,Facility_C,Petrochem / Refining,"Maharashtra, India",15559.63,799.29,35.82,29.0,97.9152677388188,80.07,7.0,NONE
2026-03-01 05:45:00,Facility_D,Pharmaceuticals & Healthcare,"Flanders, Belgium",17176.33,595.73,35.55,30.1,90.24363315475745,69.47,7.2,NONE
2026-03-01 06:00:00,antwerp_hub_d,Pharmaceuticals & Healthcare,"Flanders, Belgium",19013.06,580.27,34.07,28.43,89.52547696775089,78.45,7.95,NONE
2026-03-01 06:15:00,Facility_E,Data Center Cooling,"Nuevo Leon, Mexico",22189.22,557.48,30.89,32.63,91.42245008859877,77.96,7.65,NONE
2026-03-01 06:30:00,Facility_D,pharma,"Flanders, Belgium",21614.7,535.66,37.82,30.79,97.71924895342777,72.16,7.61,NONE
2026-03-01 06:45:00,Facility_E,Data Center Cooling,"Nuevo Leon, Mexico",21790.18,822.0,31.68,29.24,94.36102459872467,70.89,7.34,NONE
2026-03-01 07:00:00,Facility_D,Pharmaceuticals & Healthcare,"Flanders, Belgium",22645.69,544.89,34.93,30.03,95.66096636640727,77.01,7.45,NONE
2026-03-01 07:15:00,Facility_A,Food & Beverage Processing,"Illinois, USA",17420.74,695.29,37.41,27.56,94.3276246611953,73.01,7.48,NONE
2026-03-01 07:30:00,Facility_A,Food & Beverage Processing,"Illinois, USA",19575.4,605.96,33.97,28.44,89.71988643016887,74.23,7.23,NONE
2026-03-01 07:45:00,Facility_A,Food & Beverage Processing,"Illinois, USA",,685.29,28.42,32.87,94.5041699020486,73.29,7.56,NONE
2026-03-01 08:00:00,Facility_E,Data Center Cooling,"Nuevo Leon, Mexico",20622.02,730.52,32.42,28.71,--,76.95,7.4,NONE
2026-03-01 08:15:00,Facility_C,Refinery & Petrochemicals,"Maharashtra, India",19176.06,749.77,38.0,27.36,87.30134272045957,72.21,7.53,NONE
2026-03-01 08:30:00,Facility_C,Refinery & Petrochemicals,"Maharashtra, India",21638.85,819.58,31.63,28.03,97.37350799889859,78.07,7.5,NONE
2026-03-01 08:45:00,Facility_A,Food & Beverage Processing,"Illinois, USA",21390.95,725.03,30.63,29.22,95.53963467746415,75.07,6.8,NONE
2026-03-01 09:00:00,Facility_C,Refinery & Petrochemicals,"Maharashtra, India",20820.95,822.52,36.87,31.86,90.91578267142371,69.2,7.49,NONE
2026-03-01 09:15:00,Facility_A,food & beverage,"Illinois, USA",17513.66,831.82,28.59,27.84,92.2109190219883,72.66,7.25,NONE
2026-03-01 09:30:00,Facility_A,Food & Beverage Processing,"Illinois, USA",18654.77,687.17,,29.84,92.10564360228283,73.31,7.01,NONE
2026-03-01 09:45:00,Facility_C,Refinery & Petrochemicals,"Maharashtra, India",15382.79,769.69,42.03,31.46,90.59236785388374,70.67,7.4,NONE
2026-03-01 10:00:00,Facility_B,Heavy Manufacturing,"Indiana, USA",17539.13,790.77,29.43,28.09,87.4222942466723,65.77,6.95,NONE
2026-03-01 10:15:00,Facility_D,Pharmaceuticals & Healthcare,"Flanders, Belgium",18544.98,521.44,44.04,25.86,97.42950701777717,68.59,8.05,NONE
2026-03-01 10:30:00,Facility_B,Heavy Manufacturing,"Indiana, USA",27839.39,653.76,33.61,27.2,96.46932392422687,73.95,7.25,NONE
2026-03-01 10:45:00,Facility_E,Data Center Cooling,"Nuevo Leon, Mexico",20457.43,662.15,26.65,25.46,91.9894009647913,74.88,7.65,NONE
2026-03-01 11:00:00,Facility_A,Food & Beverage Processing,"Illinois, USA",,712.11,26.77,27.44,92.98217416613014,79.93,7.6,NONE
2026-03-01 11:15:00,Facility_B,Heavy Manufacturing,"Indiana, USA",26509.99,967.74,26.37,28.41,91.88436140235856,71.88,6.77,NONE
2026-03-01 11:30:00,antwerp_hub_d,Pharmaceuticals & Healthcare,"Flanders, Belgium",18945.65,576.35,36.92,27.84,96.69851025168427,73.92,7.52,NONE
2026-03-01 11:45:00,Facility_E,Hyperscale Cooling,"Nuevo Leon, Mexico",22046.07,830.73,30.74,30.04,94.34787039791762,69.78,7.7,NONE
2026-03-01 12:00:00,FACILITY_B,Heavy Manufacturing,"Indiana, USA",27775.12,879.92,22.02,29.18,96.70503437852958,75.41,6.55,NONE
2026-03-01 12:15:00,facility_e,Data Center Cooling,"Nuevo Leon, Mexico",20243.52,893.45,30.5,24.06,91.71675341349912,72.21,7.67,NONE
2026-03-01 12:30:00,antwerp_hub_d,Healthcare & Pharma,"Flanders, Belgium",15329.45,629.15,40.82,30.01,95.20528269573913,68.42,7.34,NONE
2026-03-01 12:45:00,Facility_B,Heavy Mfg.,"Indiana, USA",22721.65,872.67,35.82,24.18,96.48099569315465,71.21,6.92,NONE
2026-03-01 13:00:00,Facility_D,Pharmaceuticals & Healthcare,"Flanders, Belgium",22310.07,582.24,39.56,27.02,88.0575929796675,72.8,6.89,NONE
2026-03-01 13:15:00,Facility_B,Heavy Manufacturing,"Indiana, USA",24170.29,936.54,30.39,24.1,93.57908596615377,73.35,7.44,NONE
2026-03-01 13:30:00,Facility_A,Food & Beverage Processing,"Illinois, USA",17817.42,704.26,32.14,25.74,94.20219923937127,66.63,7.0,NONE
2026-03-01 13:45:00,Facility_A,Food & Beverage Processing,"Illinois, USA",,694.87,29.63,24.28,92.69152521319695,66.05,7.83,NONE
2026-03-01 14:00:00,Facility_C,Refinery & Petrochemicals,"Maharashtra, India",18572.41,778.13,35.83,26.23,95.68764541464128,73.66,7.11,NONE
2026-03-01 14:15:00,Facility_D,Pharmaceuticals & Healthcare,"Flanders, Belgium",21496.97,572.19,40.0,22.33,95.577083014362,67.59,7.24,NONE
2026-03-01 14:30:00,Facility_E,Data Center Cooling,"Nuevo Leon, Mexico",21436.51,880.3,31.27,26.65,94.97203692243754,69.01,7.04,NONE
2026-03-01 14:45:00,Facility_D,Pharmaceuticals & Healthcare,"Flanders, Belgium",20429.29,512.0,31.02,22.11,94.35819151417367,70.43,7.7,NONE
2026-03-01 15:00:00,Facility_B,Heavy Mfg.,"Indiana, USA",27111.53,855.89,30.13,24.76,95.47846004948545,70.32,7.7,NONE
2026-03-01 15:15:00,facility_c,Refinery & Petrochemicals,"Maharashtra, India",20246.0,746.31,38.75,21.09,96.23635265148985,75.3,6.75,NONE
2026-03-01 15:30:00,FACILITY_D,Pharmaceuticals & Healthcare,"Flanders, Belgium",23206.8,494.63,39.91,25.87,85.13442595606985,75.05,7.6,NONE
2026-03-01 15:45:00,Facility_D,Healthcare & Pharma,"Flanders, Belgium",21226.07,638.24,41.39,22.57,94.96978981996024,83.05,7.7,NONE
2026-03-01 16:00:00,Facility_B,Heavy Manufacturing,"Indiana, USA",23726.18,929.49,34.2,21.45,93.43264172883838,72.71,7.61,NONE
2026-03-01 16:15:00,Facility_E,data center,"Nuevo Leon, Mexico",20062.59,702.81,33.08,20.74,94.09369308441791,70.72,7.66,NONE
2026-03-01 16:30:00,Facility_A,Food & Beverage Processing,"Illinois, USA",17849.58,715.62,21.46,92.72,92.93471715291494,74.32,7.71,SENSOR_TEMP_SPIKE
2026-03-01 16:45:00,Facility_C,Refinery & Petrochemicals,"Maharashtra, India",20178.38,807.74,32.4,26.56,87.61738083850325,68.62,7.14,NONE
2026-03-01 17:00:00,Facility_C,Refinery & Petrochemicals,"Maharashtra, India",19256.56,780.38,32.33,22.95,97.20619889477675,74.25,7.0,NONE
2026-03-01 17:15:00,Facility_A,Food & Beverage Processing,"Illinois, USA",19022.78,654.7,25.63,22.65,90.60521839872013,72.51,7.47,NONE
2026-03-01 17:30:00,Facility_A,Food & Beverage Processing,"Illinois, USA",20004.4,798.92,24.27,22.17,96.73813581681989,66.44,7.3,NONE
2026-03-01 17:45:00,FACILITY_B,Mfg Heavy,"Indiana, USA",26411.12,747.88,25.66,20.37,94.39269894054779,62.75,7.14,NONE
2026-03-01 18:00:00,Facility_A,Food & Beverage Processing,"Illinois, USA",17599.2,777.71,24.94,24.83,95.89097314315339,78.7,7.23,NONE
2026-03-01 18:15:00,Facility_C,Refinery & Petrochemicals,"Maharashtra, India",17878.36,715.86,37.94,21.88,90.91574471098565,72.41,7.45,NONE
2026-03-01 18:30:00,Facility_C,Petrochem / Refining,"Maharashtra, India",15972.57,703.09,41.17,20.9,98.13198140446491,71.63,6.97,NONE
2026-03-01 18:45:00,Facility_A,Food & Beverage Processing,"Illinois, USA",22430.53,837.44,29.06,24.54,93.82993924313841,74.71,7.44,NONE
2026-03-01 19:00:00,Facility_A,Food & Beverage Processing,"Illinois, USA",19309.69,720.3,31.53,21.6,91.23503527011154,68.83,6.82,NONE
2026-03-01 19:15:00,pune_fac_c,Refinery & Petrochemicals,"Maharashtra, India",18620.63,711.51,,21.23,91.79999605542581,71.53,7.74,NONE
2026-03-01 19:30:00,monterrey_e,Data Center Cooling,"Nuevo Leon, Mexico",19592.99,858.42,25.35,23.67,N/A,81.72,7.69,NONE
2026-03-01 19:45:00,Facility_A,Food & Beverage Processing,"Illinois, USA",20993.55,854.0,35.15,23.7,89.16354565503605,63.4,6.99,NONE
2026-03-01 20:00:00,Facility_D,Pharmaceuticals & Healthcare,"Flanders, Belgium",14930.78,523.48,42.1,21.12,92.02020910620415,74.26,7.38,NONE
2026-03-01 20:15:00,Facility_E,Data Center Cooling,"Nuevo Leon, Mexico",19597.37,839.13,28.6,23.48,100.0,81.82,7.36,NONE
2026-03-01 20:30:00,Facility_E,Data Center Cooling,"Nuevo Leon, Mexico",22483.7,680.86,19.73,24.55,90.11685578450442,76.54,7.95,NONE
2026-03-01 20:45:00,antwerp_hub_d,Pharmaceuticals & Healthcare,"Flanders, Belgium",14504.84,439.32,33.64,24.95,97.50097054693065,77.64,7.43,NONE
2026-03-01 21:00:00,Facility_D,pharma,"Flanders, Belgium",18756.84,576.04,42.47,22.51,93.63326387685616,68.8,7.45,NONE
2026-03-01 21:15:00,Facility_D,Pharmaceuticals & Healthcare,"Flanders, Belgium",18759.9,716.17,31.29,25.55,91.8606077453082,77.71,7.56,NONE
2026-03-01 21:30:00,Facility_D,Pharmaceuticals & Healthcare,"Flanders, Belgium",18068.95,510.31,33.06,24.25,91.18654144167769,72.96,7.0,NONE
2026-03-01 21:45:00,Facility_A,Food & Beverage Processing,"Illinois, USA",20437.01,649.35,29.75,26.65,93.97451695881284,77.4,7.08,NONE
2026-03-01 22:00:00,Facility_C,Petrochem / Refining,"Maharashtra, India",19452.64,810.51,31.44,24.61,92.15329302487415,75.22,6.98,NONE
2026-03-01 22:15:00,Facility_E,DATA_CENTER_COOLING,"Nuevo Leon, Mexico",18442.6,645.52,23.67,23.6,95.14154380886232,74.41,7.37,NONE
2026-03-01 22:30:00,Facility_C,Refinery & Petrochemicals,"Maharashtra, India",16621.52,775.25,40.78,25.5,96.09445161428656,71.73,7.22,NONE
2026-03-01 22:45:00,Facility_D,Pharmaceuticals & Healthcare,"Flanders, Belgium",19890.27,515.61,36.99,25.55,92.25065798408818,70.2,7.17,NONE
2026-03-01 23:00:00,Facility_E,Data Center Cooling,"Nuevo Leon, Mexico",17611.35,770.8,32.0,24.56,100.0,70.59,7.14,NONE
2026-03-01 23:15:00,Facility_A,Food & Beverage Processing,"Illinois, USA",21042.24,757.27,34.31,27.65,90.51828728112429,75.68,6.96,NONE
2026-03-01 23:30:00,Facility_E,DATA_CENTER_COOLING,"Nuevo Leon, Mexico",23798.04,824.67,32.88,-19.61,96.78689032480082,74.76,7.74,SENSOR_TEMP_SPIKE
2026-03-01 23:45:00,facility_b,Heavy Manufacturing,"Indiana, USA",24834.3,812.87,30.3,23.97,92.7427929962948,73.77,6.98,NONE
2026-03-02 00:00:00,Facility_C,Refinery & Petrochemicals,"Maharashtra, India",19050.27,815.44,39.01,23.8,,64.66,7.1,NONE
2026-03-02 00:15:00,Facility_C,Refinery & Petrochemicals,"Maharashtra, India",23439.55,788.96,31.11,24.31,89.44771327114388,69.74,7.62,NONE
2026-03-02 00:30:00,Facility_B,Heavy Manufacturing,"Indiana, USA",,929.66,24.05,23.43,95.54487704336887,73.71,7.13,NONE
2026-03-02 00:45:00,Facility_B_Unit2,Heavy Manufacturing,"Indiana, USA",28871.47,949.08,-2.33,25.42,97.43363797409846,75.75,7.18,CHEMICAL_DOSING_BREACH
2026-03-02 01:00:00,Facility_B,Heavy Manufacturing,"Indiana, USA",23847.23,915.88,25.92,28.27,91.90424255763925,74.78,7.42,NONE
2026-03-02 01:15:00,Facility_B,Heavy Manufacturing,"Indiana, USA",,857.43,26.29,26.06,89.93554693606018,69.04,7.18,NONE
2026-03-02 01:30:00,Facility_C,Refinery & Petrochemicals,"Maharashtra, India",20124.26,671.03,35.85,28.71,96.7016250165205,71.55,7.4,NONE
2026-03-02 01:45:00,Facility_E,Data Center Cooling,"Nuevo Leon, Mexico",18174.77,652.34,30.02,31.99,95.61308575524266,68.53,7.03,NONE
2026-03-02 02:00:00,Facility_B,Heavy Manufacturing,"Indiana, USA",27696.16,900.55,,28.12,95.17121530685716,69.36,7.64,NONE
2026-03-02 02:15:00,Facility_A,Food & Beverage Processing,"Illinois, USA",20080.63,655.5,31.15,34.97,92.56077601647668,76.53,7.58,NONE
2026-03-02 02:30:00,Facility_E,Hyperscale Cooling,"Nuevo Leon, Mexico",21586.93,719.85,25.44,28.62,93.04313041250187,79.74,7.8,NONE
2026-03-02 02:45:00,Facility_E,Data Center Cooling,"Nuevo Leon, Mexico",25685.95,723.68,32.91,29.64,90.04841916118549,67.32,7.26,NONE
2026-03-02 03:00:00,Facility_C,Refinery & Petrochemicals,"Maharashtra, India",18506.1,707.52,40.69,32.01,92.90199575050083,80.89,7.47,NONE
2026-03-02 03:15:00,Facility_A,Food & Beverage Processing,"Illinois, USA",14727.43,568.17,32.93,29.23,90.5176953776258,75.97,7.96,NONE
2026-03-02 03:30:00,Facility_D,pharma,"Flanders, Belgium",18879.03,544.88,34.56,27.54,96.10671469468345,72.08,7.31,NONE
2026-03-02 03:45:00,Facility_E,Data Center Cooling,"Nuevo Leon, Mexico",20064.79,870.33,22.54,31.06,96.28482536903226,70.68,7.52,NONE
2026-03-02 04:00:00,Facility_B_Unit2,Heavy Manufacturing,"Indiana, USA",25264.59,908.39,24.43,30.45,93.732238751637,76.44,6.68,NONE
2026-03-02 04:15:00,Facility_E,Data Center Cooling,"Nuevo Leon, Mexico",19280.59,793.92,,31.97,94.7921311820806,70.19,7.43,NONE
2026-03-02 04:30:00,Facility_C,Refinery & Petrochemicals,"Maharashtra, India",20149.87,915.37,31.78,29.51,99.93359220246283,73.11,7.49,NONE
2026-03-02 04:45:00,Facility_C,Refinery & Petrochemicals,"Maharashtra, India",16433.84,750.4,272.28,29.6,94.08035191234859,75.15,7.37,CHEMICAL_DOSING_BREACH
2026-03-02 05:00:00,Facility_E,data center,"Nuevo Leon, Mexico",21559.02,700.08,25.12,28.51,97.35564803948192,70.79,7.1,NONE
2026-03-02 05:15:00,Facility_B,Heavy Manufacturing,"Indiana, USA",22729.18,672.91,37.76,30.58,90.66601721838545,72.45,7.0,NONE
2026-03-02 05:30:00,Facility_B,Mfg Heavy,"Indiana, USA",26360.73,827.28,33.18,29.21,94.65665193294186,74.08,7.11,NONE
2026-03-02 05:45:00,Facility_D,Pharmaceuticals & Healthcare,"Flanders, Belgium",19526.9,564.43,41.68,31.22,91.96606633135956,78.0,7.43,NONE
2026-03-02 06:00:00,Facility_A,FOOD & BEV,"Illinois, USA",18060.4,780.5,35.14,-42.43,91.17153010478752,74.56,7.25,SENSOR_TEMP_SPIKE
2026-03-02 06:15:00,Facility_A,Food & Beverage Processing,"Illinois, USA",18516.46,728.85,25.49,29.8,91.69820089326682,75.25,7.51,NONE
2026-03-02 06:30:00,Facility_D,Pharmaceuticals & Healthcare,"Flanders, Belgium",20344.05,547.93,39.75,27.77,N/A,70.87,6.97,NONE
2026-03-02 06:45:00,Facility_B,Heavy Manufacturing,"Indiana, USA",23657.94,961.5,31.17,33.65,94.46325481712788,80.11,7.25,NONE
2026-03-02 07:00:00,Facility_C,Refinery & Petrochemicals,"Maharashtra, India",15873.66,805.43,,31.26,96.16325553998468,75.81,7.32,NONE
2026-03-02 07:15:00,Fac_D,Pharmaceuticals & Healthcare,"Flanders, Belgium",18608.82,596.4,31.35,29.02,100.0,71.85,7.54,NONE
2026-03-02 07:30:00,facility_b,Heavy Manufacturing,"Indiana, USA",24571.05,822.83,180.04,31.32,91.78173901249062,64.86,6.96,CHEMICAL_DOSING_BREACH
2026-03-02 07:45:00,Facility_E,Data Center Cooling,"Nuevo Leon, Mexico",21376.36,717.58,15.34,27.18,95.54868719905198,76.32,7.51,NONE
2026-03-02 08:00:00,Facility_C,Refinery & Petrochemicals,"Maharashtra, India",20200.34,810.99,41.54,31.05,93.61748164733436,80.93,7.5,NONE
2026-03-02 08:15:00,Facility_C,refinery,"Maharashtra, India",20123.44,738.06,35.63,27.77,88.65379518119826,66.27,7.29,NONE
2026-03-02 08:30:00,Facility_C,Refinery & Petrochemicals,"Maharashtra, India",21918.58,810.78,39.14,28.11,94.46751294793826,83.15,7.57,NONE
2026-03-02 08:45:00,Facility_A,Food & Beverage Processing,"Illinois, USA",18398.34,592.26,25.98,30.69,94.20669704025852,82.09,7.37,NONE
2026-03-02 09:00:00,Facility_D,Pharmaceuticals & Healthcare,"Flanders, Belgium",15384.22,556.05,37.68,28.64,93.48979114907908,75.68,6.78,NONE
2026-03-02 09:15:00,Facility_A,Food & Beverage Processing,"Illinois, USA",17711.42,802.98,,26.84,89.42098719154045,77.44,7.92,NONE
2026-03-02 09:30:00,Fac_E_Cooling,Data Center Cooling,"Nuevo Leon, Mexico",21656.48,758.16,25.52,-37.84,92.53112532794765,81.06,7.45,SENSOR_TEMP_SPIKE
2026-03-02 09:45:00,Facility_E,Data Center Cooling,"Nuevo Leon, Mexico",21755.88,703.65,28.11,30.71,96.13002028706155,71.89,6.76,NONE
2026-03-02 10:00:00,FACILITY_A,Food & Beverage Processing,"Illinois, USA",17587.39,723.95,32.47,31.8,98.07806418517916,77.57,7.17,NONE
2026-03-02 10:15:00,FACILITY_B,Heavy Manufacturing,"Indiana, USA",26661.96,883.11,34.03,26.49,96.35162643676954,76.68,7.21,NONE
2026-03-02 10:30:00,Facility_A,Food & Beverage Processing,"Illinois, USA",22276.63,577.77,40.63,30.4,92.8789399872841,72.1,7.34,NONE
2026-03-02 10:45:00,Facility_A,Food & Beverage Processing,"Illinois, USA",17524.99,696.87,34.95,26.51,96.50874781273586,72.89,7.66,NONE
2026-03-02 11:00:00,Facility_C,Refinery & Petrochemicals,"Maharashtra, India",21905.92,699.37,26.64,27.83,94.32075959363712,68.5,7.82,NONE
2026-03-02 11:15:00,Facility_D,pharma,"Flanders, Belgium",17905.57,605.39,34.42,24.59,97.23663884818318,69.83,7.57,NONE
2026-03-02 11:30:00,Facility_E,Hyperscale Cooling,"Nuevo Leon, Mexico",19004.68,733.5,27.83,26.98,91.44400062493301,77.24,7.61,NONE
2026-03-02 11:45:00,pune_fac_c,Refinery & Petrochemicals,"Maharashtra, India",21586.42,742.3,30.8,27.15,94.68572748326073,75.69,7.78,NONE
2026-03-02 12:00:00,Facility_A,Food and Beverage,"Illinois, USA",19519.06,862.62,35.19,28.14,93.7801452255081,72.6,7.18,NONE
2026-03-02 12:15:00,FACILITY_C,Refinery & Petrochemicals,"Maharashtra, India",19240.71,845.07,34.67,25.57,90.20050556791337,76.3,7.05,NONE
2026-03-02 12:30:00,FACILITY_C,Refinery & Petrochemicals,"Maharashtra, India",19726.11,799.01,34.92,28.15,98.58819446031923,64.52,6.93,NONE
2026-03-02 12:45:00,Facility_E,Data Center Cooling,"Nuevo Leon, Mexico",22580.38,876.99,22.78,26.48,87.91444697050474,65.66,7.93,NONE
2026-03-02 13:00:00,Facility_E,Data Center Cooling,"Nuevo Leon, Mexico",,634.68,27.59,24.06,92.13342716333986,72.59,7.41,NONE
2026-03-02 13:15:00,Facility_B,Heavy Manufacturing,"Indiana, USA",27180.58,782.36,25.4,93.43,91.41742074427317,71.04,7.38,SENSOR_TEMP_SPIKE
2026-03-02 13:30:00,Facility_A,Food & Beverage Processing,"Illinois, USA",21695.47,748.21,39.98,24.52,95.75695969085444,80.56,7.1,NONE
2026-03-02 13:45:00,Facility_E,Data Center Cooling,"Nuevo Leon, Mexico",20192.19,841.97,31.33,24.69,89.07885220014711,68.16,7.22,NONE
2026-03-02 14:00:00,Facility_D,Pharmaceuticals & Healthcare,"Flanders, Belgium",16915.66,524.65,29.8,22.06,90.68052215887269,74.53,7.25,NONE
2026-03-02 14:15:00,Facility_E,Data Center Cooling,"Nuevo Leon, Mexico",21248.02,751.12,21.36,26.19,95.84573434753437,74.19,7.2,NONE
2026-03-02 14:30:00,Facility_C ,Refinery & Petrochemicals,"Maharashtra, India",21899.89,698.07,39.61,22.5,97.71233248769249,76.09,7.6,NONE
2026-03-02 14:45:00,Facility_A,Food & Beverage Processing,"Illinois, USA",19753.22,744.87,31.63,22.03,97.00127142179508,72.8,7.38,NONE
2026-03-02 15:00:00,antwerp_hub_d,Healthcare & Pharma,"Flanders, Belgium",15155.0,558.9,39.17,26.78,93.29240586112724,72.46,7.17,NONE
2026-03-02 15:15:00,Facility_C,Refinery & Petrochemicals,"Maharashtra, India",17394.06,915.75,31.03,22.75,98.05513466379055,79.19,8.0,NONE
2026-03-02 15:30:00,Facility_E,Data Center Cooling,"Nuevo Leon, Mexico",23816.52,768.37,31.1,21.51,93.17897352386645,69.66,7.75,NONE
2026-03-02 15:45:00,Facility_C,Refinery & Petrochemicals,"Maharashtra, India",15509.01,757.9,31.09,24.99,94.04387158699369,73.87,7.02,NONE
2026-03-02 16:00:00,Facility_D,Pharmaceuticals & Healthcare,"Flanders, Belgium",21922.42,516.14,35.8,23.03,95.21890243853828,72.7,7.75,NONE
2026-03-02 16:15:00,FACILITY_B,Heavy Manufacturing,"Indiana, USA",,979.96,24.64,23.86,91.13535740187453,73.3,6.98,NONE
2026-03-02 16:30:00,Facility_E,Hyperscale Cooling,"Nuevo Leon, Mexico",24581.01,853.07,33.65,24.54,100.0,74.95,7.82,NONE
2026-03-02 16:45:00,Facility_C,Refinery & Petrochemicals,"Maharashtra, India",18804.72,824.42,38.96,19.45,93.13934226363934,73.0,7.34,NONE
2026-03-02 17:00:00,Facility_B,Mfg Heavy,"Indiana, USA",23568.3,853.89,30.0,20.83,93.62009764569495,72.88,7.69,NONE
2026-03-02 17:15:00,Facility_A,Food & Beverage Processing,"Illinois, USA",20600.62,658.15,35.61,22.48,93.70210873896765,69.84,7.41,NONE
2026-03-02 17:30:00,Facility_B,Mfg Heavy,"Indiana, USA",28713.69,819.79,35.14,24.16,90.82989914707409,75.18,6.96,NONE
2026-03-02 17:45:00,Facility_A,Food & Beverage Processing,"Illinois, USA",17029.4,588.92,24.75,21.98,92.89252385313948,75.02,7.1,NONE
2026-03-02 18:00:00,Facility_B,Heavy Manufacturing,"Indiana, USA",28370.28,822.05,29.8,16.7,93.5096506670251,77.54,6.71,NONE
2026-03-02 18:15:00,Facility_A,Food & Beverage Processing,"Illinois, USA",19339.21,656.74,37.97,20.19,100.0,79.82,7.38,NONE
2026-03-02 18:30:00,Facility_A,Food & Beverage Processing,"Illinois, USA",15944.58,680.29,34.38,22.73,89.98482382721174,78.98,7.32,NONE
2026-03-02 18:45:00,FAC-B,Heavy Manufacturing,"Indiana, USA",26664.93,923.56,32.21,24.52,95.73559554888236,70.99,7.34,NONE
2026-03-02 19:00:00,monterrey_e,Data Center Cooling,"Nuevo Leon, Mexico",24517.11,648.83,23.76,23.61,93.21126586745507,66.46,7.55,NONE
2026-03-02 19:15:00,facility_e,Data Center Cooling,"Nuevo Leon, Mexico",22246.8,947.58,29.31,26.53,96.64755684361037,65.53,7.36,NONE
2026-03-02 19:30:00,Facility_C,REFINERY_PETRO,"Maharashtra, India",18681.88,770.08,31.87,24.25,92.39856596078967,79.29,7.64,NONE
2026-03-02 19:45:00,Facility_A,Food & Beverage Processing,"Illinois, USA",18710.99,669.75,29.15,22.96,94.53104559036642,71.98,7.23,NONE
2026-03-02 20:00:00,Facility_B,Heavy Manufacturing,"Indiana, USA",26672.68,926.78,29.52,22.99,94.25884024636035,65.92,7.29,NONE
2026-03-02 20:15:00,Facility_E,Data Center Cooling,"Nuevo Leon, Mexico",17918.14,709.11,24.66,21.5,90.34777363635077,84.46,7.33,NONE
2026-03-02 20:30:00,Facility_D,Pharmaceuticals & Healthcare,"Flanders, Belgium",21424.43,612.28,40.39,24.31,100.0,75.92,6.85,NONE
2026-03-02 20:45:00,facility_e,Data Center Cooling,"Nuevo Leon, Mexico",20658.93,671.53,22.62,24.27,86.86221803815732,74.49,6.89,NONE
2026-03-02 21:00:00,monterrey_e,Hyperscale Cooling,"Nuevo Leon, Mexico",20655.79,808.24,25.76,21.54,92.41017550817172,76.79,7.43,NONE
2026-03-02 21:15:00,Facility_D,Healthcare & Pharma,"Flanders, Belgium",18558.05,521.39,35.79,25.1,ERROR_SENSOR,75.09,7.25,NONE
2026-03-02 21:30:00,Facility_B,Heavy Manufacturing,"Indiana, USA",22292.41,1008.22,31.79,24.56,92.9739450506378,80.4,7.13,NONE
2026-03-02 21:45:00,Facility_B,Heavy Manufacturing,"Indiana, USA",27862.93,843.18,27.4,23.78,97.67866613420327,65.58,7.82,NONE
2026-03-02 22:00:00,facility_d,Pharmaceuticals & Healthcare,"Flanders, Belgium",21018.77,571.13,36.5,24.48,95.05077714617678,79.55,7.49,NONE
2026-03-02 22:15:00,Facility_E,Data Center Cooling,"Nuevo Leon, Mexico",21803.8,751.99,20.76,133.44,97.02112358899201,76.13,7.58,SENSOR_TEMP_SPIKE
2026-03-02 22:30:00,Facility_E,Data Center Cooling,"Nuevo Leon, Mexico",23299.86,685.83,30.88,25.78,97.73361100184286,57.71,8.02,NONE
2026-03-02 22:45:00,FACILITY_B,heavy mfg,"Indiana, USA",314.92,3085.49,24.5,24.69,64.86486431153638,81.52,7.78,BROWNOUT_WATER_STALL
2026-03-02 23:00:00,Facility_B,Heavy Manufacturing,"Indiana, USA",23132.82,811.34,34.78,26.21,90.41238482074552,70.47,7.52,NONE
2026-03-02 23:15:00,Facility_A,food & beverage,"Illinois, USA",20984.64,738.87,30.28,27.18,null,70.15,7.79,NONE
2026-03-02 23:30:00,Facility_D,Pharmaceuticals & Healthcare,"Flanders, Belgium",19816.97,524.35,38.06,26.03,92.38026402128953,75.05,7.09,NONE
2026-03-02 23:45:00,Facility_B,Heavy Manufacturing,"Indiana, USA",28493.74,839.48,21.74,25.83,91.52922727089454,60.54,7.31,NONE
2026-03-03 00:00:00,Facility_D,Pharmaceuticals & Healthcare,"Flanders, Belgium",21047.89,562.87,40.47,26.52,92.03961346946548,70.71,6.99,NONE
2026-03-03 00:15:00,Facility_E,Data Center Cooling,"Nuevo Leon, Mexico",23444.04,804.81,27.33,101.99,95.01066864973292,69.93,7.39,SENSOR_TEMP_SPIKE
2026-03-03 00:30:00,Facility_E,Data Center Cooling,"Nuevo Leon, Mexico",17197.56,756.9,27.95,22.68,98.67746782219648,72.53,7.28,NONE
2026-03-03 00:45:00,Facility_B,Heavy Manufacturing,"Indiana, USA",27444.72,835.74,30.03,25.22,N/A,65.41,7.28,NONE
2026-03-03 01:00:00,Facility_E,Data Center Cooling,"Nuevo Leon, Mexico",24758.91,637.05,27.03,23.71,93.52542969740412,76.1,7.46,NONE
2026-03-03 01:15:00,Facility_E,Data Center Cooling,"Nuevo Leon, Mexico",19576.07,589.19,23.29,30.05,96.31273308193344,73.59,7.4,NONE
2026-03-03 01:30:00,FACILITY_C,Refinery & Petrochemicals,"Maharashtra, India",16505.36,877.28,32.48,28.82,89.25071573140367,73.2,7.7,NONE
2026-03-03 01:45:00,Facility_E,Data Center Cooling,"Nuevo Leon, Mexico",18702.37,806.2,23.96,26.65,93.4712791224864,78.37,7.27,NONE
2026-03-03 02:00:00,Facility_A,Food & Beverage Processing,"Illinois, USA",20692.87,794.58,28.26,25.75,92.36235042756768,79.73,7.12,NONE
2026-03-03 02:15:00,Facility_E,Data Center Cooling,"Nuevo Leon, Mexico",23669.85,730.31,35.88,32.76,96.8006800441664,66.59,6.68,NONE
2026-03-03 02:30:00,Facility_B,Heavy Manufacturing,"Indiana, USA",25979.33,916.16,30.6,27.63,88.74484578537654,78.18,7.87,NONE
2026-03-03 02:45:00,Facility_A,Food & Beverage Processing,"Illinois, USA",,771.84,42.43,28.8,92.95764584608604,76.52,7.27,NONE
2026-03-03 03:00:00,Facility_A,Food & Beverage Processing,"Illinois, USA",22358.72,684.19,31.37,26.73,92.74613274680887,69.47,7.45,NONE
2026-03-03 03:15:00,Facility_C,Refinery & Petrochemicals,"Maharashtra, India",15067.1,853.14,31.84,32.72,97.88642365883358,76.41,6.92,NONE
2026-03-03 03:30:00,Facility_C,Refinery & Petrochemicals,"Maharashtra, India",88093.29,707.36,32.26,32.51,57.07965543246607,132.24,7.14,PRESSURE_BURST_SURGE
2026-03-03 03:45:00,FAC_A,FOOD & BEV,"Illinois, USA",18033.63,609.86,38.76,29.29,93.27849538732453,71.64,7.35,NONE
2026-03-03 04:00:00,Facility_C,Refinery & Petrochemicals,"Maharashtra, India",116.44,3094.87,34.1,32.55,--,79.48,7.19,BROWNOUT_WATER_STALL
2026-03-03 04:15:00,Facility_B,Heavy Manufacturing,"Indiana, USA",23263.13,869.49,32.42,31.88,89.12694243532746,72.28,7.7,NONE
2026-03-03 04:30:00,Facility_D,Pharmaceuticals & Healthcare,"Flanders, Belgium",19240.52,570.94,37.54,31.17,94.41493098177286,71.41,7.6,NONE
2026-03-03 04:45:00,Facility_A,Food & Beverage Processing,"Illinois, USA",16482.46,807.27,27.74,31.27,ERROR_SENSOR,71.86,7.73,NONE
2026-03-03 05:00:00,Facility_A,Food & Beverage Processing,"Illinois, USA",124577.23,708.8,38.83,32.13,50.943380254515404,138.9,7.38,PRESSURE_BURST_SURGE
2026-03-03 05:15:00,Facility_A,Food & Beverage Processing,"Illinois, USA",22461.04,594.89,38.54,32.56,90.15238227187896,80.53,7.89,NONE
2026-03-03 05:30:00,Facility_A,Food & Beverage Processing,"Illinois, USA",15298.87,762.01,35.36,31.12,97.24513901204793,74.9,7.49,NONE
2026-03-03 05:45:00,Facility_D,Pharmaceuticals & Healthcare,"Flanders, Belgium",14450.85,531.63,42.81,29.24,93.31910898022277,68.92,7.16,NONE
2026-03-03 06:00:00,Facility_D,Pharmaceuticals & Healthcare,"Flanders, Belgium",19479.08,561.11,29.86,29.14,97.95881736017026,78.81,7.36,NONE
2026-03-03 06:15:00,Facility_E,Data Center Cooling,"Nuevo Leon, Mexico",21950.89,701.51,34.32,30.02,89.55915048972524,66.34,6.86,NONE
2026-03-03 06:30:00,Fac_E_Cooling,Data Center Cooling,"Nuevo Leon, Mexico",19092.82,873.53,39.73,32.39,87.92194684254315,68.98,7.04,NONE
2026-03-03 06:45:00,Facility_B,Heavy Manufacturing,"Indiana, USA",24904.37,769.35,31.12,29.91,96.29932829567021,76.68,7.72,NONE
2026-03-03 07:00:00,Facility_E,DATA_CENTER_COOLING,"Nuevo Leon, Mexico",19251.9,821.51,25.33,30.26,90.82844748436693,75.59,7.72,NONE
2026-03-03 07:15:00,Facility_C,Refinery & Petrochemicals,"Maharashtra, India",,804.93,34.91,30.26,98.38828542705171,70.21,7.48,NONE
2026-03-03 07:30:00,Facility_B,Heavy Manufacturing,"Indiana, USA",29270.74,839.24,32.39,34.19,93.2042363170812,72.85,7.41,NONE
2026-03-03 07:45:00,Facility_E,Hyperscale Cooling,"Nuevo Leon, Mexico",22341.44,849.98,33.78,30.68,87.20425065808402,67.48,7.62,NONE
2026-03-03 08:00:00,Facility_C,Refinery & Petrochemicals,"Maharashtra, India",17404.74,858.05,38.96,29.63,90.86010274534651,73.24,7.41,NONE
2026-03-03 08:15:00,Facility_B,Heavy Manufacturing,"Indiana, USA",21509.75,918.0,31.45,30.16,94.11035657624409,80.4,7.14,NONE
2026-03-03 08:30:00,Facility_A,Food & Beverage Processing,"Illinois, USA",18439.2,717.45,29.06,29.44,88.45837220554148,72.29,7.32,NONE
2026-03-03 08:45:00,Facility_B,Heavy Manufacturing,"Indiana, USA",23473.02,948.71,30.34,29.31,91.58702653025652,67.07,7.16,NONE
2026-03-03 09:00:00,facility_e,Data Center Cooling,"Nuevo Leon, Mexico",21267.97,744.63,25.35,32.34,97.00768185511623,72.03,7.51,NONE
2026-03-03 09:15:00,Facility_E,Data Center Cooling,"Nuevo Leon, Mexico",24382.69,776.08,27.8,25.87,93.28493614275463,70.59,7.18,NONE
2026-03-03 09:30:00,Facility_B,Heavy Manufacturing,"Indiana, USA",24798.92,821.47,26.92,26.53,87.90367013632047,77.71,7.83,NONE
2026-03-03 09:45:00,Facility_D,Pharmaceuticals & Healthcare,"Flanders, Belgium",18953.35,506.68,41.66,32.45,97.38321568822123,80.05,7.02,NONE
2026-03-03 10:00:00,FAC-B,Heavy Manufacturing,"Indiana, USA",24044.99,941.39,23.43,27.5,94.10497334656257,76.42,7.27,NONE
2026-03-03 10:15:00,Facility_A,F&B Processing,"Illinois, USA",19286.81,724.78,30.55,27.36,N/A,71.56,7.6,NONE
2026-03-03 10:30:00,Facility_D,Healthcare & Pharma,"Flanders, Belgium",19405.48,564.83,36.5,29.91,92.32311818419677,77.26,7.68,NONE
2026-03-03 10:45:00,Facility_E,Data Center Cooling,"Nuevo Leon, Mexico",22346.66,629.05,26.72,26.25,89.6734227603809,78.91,7.46,NONE
2026-03-03 11:00:00,Facility_A,Food & Beverage Processing,"Illinois, USA",,712.2,28.71,29.2,91.38542902394882,75.43,7.44,NONE
2026-03-03 11:15:00,FACILITY_B,Heavy Manufacturing,"Indiana, USA",23249.47,755.39,37.01,27.99,93.6611520731214,79.44,7.84,NONE
2026-03-03 11:30:00,Facility_C,Refinery & Petrochemicals,"Maharashtra, India",22218.33,670.18,35.64,26.52,99.56492813711216,77.21,6.99,NONE
2026-03-03 11:45:00,Facility_B,Heavy Manufacturing,"Indiana, USA",20091.18,976.22,28.45,26.69,92.39980453893617,70.26,7.36,NONE
2026-03-03 12:00:00,Facility_D,Pharmaceuticals & Healthcare,"Flanders, Belgium",20531.23,567.4,41.9,27.74,96.38875848492475,74.82,7.3,NONE
2026-03-03 12:15:00,Facility_D,Pharmaceuticals & Healthcare,"Flanders, Belgium",16134.05,625.06,38.58,-28.58,ERROR_SENSOR,79.71,7.35,SENSOR_TEMP_SPIKE
2026-03-03 12:30:00,Facility_A_Line1,Food and Beverage,"Illinois, USA",19986.2,616.24,28.42,25.48,95.49770511704818,75.22,7.2,NONE
2026-03-03 12:45:00,Fac_D,Pharmaceuticals & Healthcare,"Flanders, Belgium",17216.62,471.39,34.93,24.38,97.310430116062,72.21,7.24,NONE
2026-03-03 13:00:00,Facility_D,Pharmaceuticals & Healthcare,"Flanders, Belgium",19190.34,646.77,,29.77,89.01865033205968,74.74,7.32,NONE
2026-03-03 13:15:00,facility_b,Heavy Manufacturing,"Indiana, USA",20146.93,741.98,32.32,26.16,95.16123255354971,76.01,6.88,NONE
2026-03-03 13:30:00,Facility_A,Food & Beverage Processing,"Illinois, USA",16725.0,674.76,34.98,25.21,96.39340087347472,82.8,6.91,NONE
2026-03-03 13:45:00,Facility_C,Refinery & Petrochemicals,"Maharashtra, India",195.45,2366.72,32.02,25.52,48.73046611156624,69.73,7.52,BROWNOUT_WATER_STALL
2026-03-03 14:00:00,Facility_C,Refinery & Petrochemicals,"Maharashtra, India",,825.37,36.62,23.58,97.7864399261199,86.03,7.77,NONE
2026-03-03 14:15:00,Facility_C,Refinery & Petrochemicals,"Maharashtra, India",18015.28,816.01,172.84,27.16,92.41782154461973,69.66,7.67,CHEMICAL_DOSING_BREACH
2026-03-03 14:30:00,Facility_A,Food & Beverage Processing,"Illinois, USA",20893.98,844.07,28.59,22.46,93.59620400543118,77.06,7.33,NONE
2026-03-03 14:45:00,Facility_B,Heavy Manufacturing,"Indiana, USA",29300.82,861.9,199.45,22.57,89.57129087657023,72.47,6.97,CHEMICAL_DOSING_BREACH
2026-03-03 15:00:00,Facility_B,Heavy Manufacturing,"Indiana, USA",151491.03,815.98,24.1,23.12,44.54201653879886,144.21,7.06,PRESSURE_BURST_SURGE
2026-03-03 15:15:00,Facility_D,Pharmaceuticals & Healthcare,"Flanders, Belgium",19521.68,516.52,39.99,23.73,86.21632720802353,77.71,7.49,NONE
2026-03-03 15:30:00,Facility_D,Pharmaceuticals & Healthcare,"Flanders, Belgium",19253.81,532.89,47.85,22.27,83.93230686700232,76.33,7.31,NONE
2026-03-03 15:45:00,Facility_B,Heavy Manufacturing,"Indiana, USA",21324.95,818.76,28.22,21.81,93.85370069503583,75.6,7.34,NONE
2026-03-03 16:00:00,FACILITY_C,Refinery & Petrochemicals,"Maharashtra, India",16742.64,813.41,-7.02,23.77,94.48688858959093,73.03,7.21,CHEMICAL_DOSING_BREACH
2026-03-03 16:15:00,Facility_E,Data Center Cooling,"Nuevo Leon, Mexico",17991.59,674.37,23.44,25.28,95.94503172041632,84.99,7.42,NONE
2026-03-03 16:30:00,Facility_D,Pharmaceuticals & Healthcare,"Flanders, Belgium",20337.19,564.92,43.85,22.71,96.61818466496796,74.84,7.87,NONE
2026-03-03 16:45:00,Facility_C,refinery,"Maharashtra, India",17738.15,866.19,35.05,21.21,93.33601619652102,63.88,7.61,NONE
2026-03-03 17:00:00,Facility_E,Data Center Cooling,"Nuevo Leon, Mexico",22786.53,892.4,24.46,21.3,89.45834614715066,75.65,7.23,NONE
2026-03-03 17:15:00,Facility_A,Food & Beverage Processing,"Illinois, USA",17355.78,741.53,36.13,22.77,91.9678340922437,79.27,7.28,NONE
2026-03-03 17:30:00,Facility_B,HEAVY_MANUFACTURING,"Indiana, USA",24957.64,883.09,25.62,24.38,90.563779421482,71.25,7.03,NONE
2026-03-03 17:45:00,Facility_A,Food & Beverage Processing,"Illinois, USA",21258.36,809.62,30.86,23.31,94.6736834167294,75.34,7.03,NONE
2026-03-03 18:00:00,Facility_C,Refinery & Petrochemicals,"Maharashtra, India",,836.06,40.61,24.21,93.55307285578866,77.61,6.92,NONE
2026-03-03 18:15:00,facility_a,Food & Beverage Processing,"Illinois, USA",14594.04,614.93,43.35,26.25,88.38828619439558,73.0,7.23,NONE
2026-03-03 18:30:00,Facility_B,Heavy Manufacturing,"Indiana, USA",29796.83,895.0,-8.6,23.55,95.97413774527128,65.62,7.5,CHEMICAL_DOSING_BREACH
2026-03-03 18:45:00,Facility_B,Heavy Manufacturing,"Indiana, USA",25730.91,743.79,26.02,23.09,93.8992310363571,73.15,7.27,NONE
2026-03-03 19:00:00,Facility_B,Heavy Manufacturing,"Indiana, USA",25962.01,705.13,35.7,21.98,95.11927234207054,81.28,7.67,NONE
2026-03-03 19:15:00,FACILITY_C,Refinery & Petrochemicals,"Maharashtra, India",19508.72,768.47,35.4,19.78,89.5964006395118,75.08,7.24,NONE
2026-03-03 19:30:00,Fac_E_Cooling,data center,"Nuevo Leon, Mexico",17306.97,771.73,31.67,24.9,95.2009032926514,71.16,7.54,NONE
2026-03-03 19:45:00,Facility_D,Pharmaceuticals & Healthcare,"Flanders, Belgium",19350.76,516.36,33.47,24.44,94.5037756659326,75.16,7.37,NONE
2026-03-03 20:00:00,antwerp_hub_d,Pharmaceuticals & Healthcare,"Flanders, Belgium",20070.97,539.88,36.97,24.38,93.61788836206209,70.63,7.16,NONE
2026-03-03 20:15:00,Facility_E,Data Center Cooling,"Nuevo Leon, Mexico",21213.41,556.12,35.85,22.86,95.05365853348819,76.87,7.42,NONE
2026-03-03 20:30:00,Facility_B,Heavy Manufacturing,"Indiana, USA",21562.6,750.38,22.24,25.3,88.56242939005266,71.01,7.72,NONE
2026-03-03 20:45:00,Facility_B,Heavy Manufacturing,"Indiana, USA",22293.94,852.55,31.69,23.39,93.99817782884402,76.4,7.85,NONE
2026-03-03 21:00:00,Facility_C ,Refinery & Petrochemicals,"Maharashtra, India",,742.88,38.16,23.32,91.70515890430993,78.64,6.73,NONE
2026-03-03 21:15:00,Facility_E,Data Center Cooling,"Nuevo Leon, Mexico",23956.86,869.1,27.64,21.49,94.06762969449483,76.17,6.89,NONE
2026-03-03 21:30:00,Facility_C,Refinery & Petrochemicals,"Maharashtra, India",19012.5,928.49,40.8,25.01,94.80861103225752,74.18,7.39,NONE
2026-03-03 21:45:00,Facility_C,Refinery & Petrochemicals,"Maharashtra, India",18612.39,792.9,28.65,20.38,91.09696546151551,78.65,7.52,NONE
2026-03-03 22:00:00,Facility_B,Heavy Manufacturing,"Indiana, USA",28408.72,848.0,33.6,26.9,97.32314027749457,70.93,7.37,NONE
2026-03-03 22:15:00,Facility_E,Data Center Cooling,"Nuevo Leon, Mexico",19926.86,860.63,33.22,25.55,95.70495010119527,75.31,7.09,NONE
2026-03-03 22:30:00,Facility_C,Refinery & Petrochemicals,"Maharashtra, India",21249.29,933.77,37.62,24.75,91.17372453890059,72.84,6.99,NONE
2026-03-03 22:45:00,Facility_E,Data Center Cooling,"Nuevo Leon, Mexico",18783.24,737.45,29.83,22.56,94.1155015839042,81.12,7.47,NONE
2026-03-03 23:00:00,Facility_A,Food & Beverage Processing,"Illinois, USA",20407.98,741.94,24.78,22.74,95.41393470537258,77.2,7.64,NONE
2026-03-03 23:15:00,Facility_E,Data Center Cooling,"Nuevo Leon, Mexico",24518.85,711.26,32.58,27.44,98.4158819500271,81.21,7.24,NONE
2026-03-03 23:30:00,Facility_B,Heavy Manufacturing,"Indiana, USA",25543.79,857.46,-7.2,27.97,92.82106753343058,79.26,7.77,CHEMICAL_DOSING_BREACH
2026-03-03 23:45:00,Facility_C,Refinery & Petrochemicals,"Maharashtra, India",18189.19,880.9,41.06,26.06,93.8899393615835,73.31,7.18,NONE
2026-03-04 00:00:00,Facility_B,HEAVY_MANUFACTURING,"Indiana, USA",20480.34,883.65,26.47,26.89,95.66935231027176,78.07,7.16,NONE
2026-03-04 00:15:00,Facility_E,Data Center Cooling,"Nuevo Leon, Mexico",18626.95,794.15,31.28,25.75,96.68321600668068,73.83,7.14,NONE
2026-03-04 00:30:00,Facility_A,Food & Beverage Processing,"Illinois, USA",16990.46,747.81,32.51,27.71,89.96080547350122,63.99,7.52,NONE
2026-03-04 00:45:00,Facility_C,refinery,"Maharashtra, India",21539.89,651.19,33.73,32.03,95.3021218944984,79.88,7.81,NONE
2026-03-04 01:00:00,FACILITY_D,Pharmaceuticals & Healthcare,"Flanders, Belgium",17631.27,702.21,30.2,28.45,94.60517424806204,69.03,7.14,NONE
2026-03-04 01:15:00,FACILITY_E,Data Center Cooling,"Nuevo Leon, Mexico",19546.93,641.62,22.56,27.21,null,71.05,7.58,NONE
2026-03-04 01:30:00,Facility_D,Pharmaceuticals & Healthcare,"Flanders, Belgium",17032.47,584.24,37.5,27.46,89.12210288209104,73.23,7.17,NONE
2026-03-04 01:45:00,Facility_B_Unit2,Heavy Manufacturing,"Indiana, USA",28765.68,893.64,26.03,26.66,90.63867313069137,72.89,7.64,NONE
2026-03-04 02:00:00,Facility_C,Refinery & Petrochemicals,"Maharashtra, India",84118.02,569.82,41.88,28.29,45.77671616753748,124.31,7.12,PRESSURE_BURST_SURGE
2026-03-04 02:15:00,antwerp_hub_d,Pharmaceuticals & Healthcare,"Flanders, Belgium",22430.58,642.82,41.96,24.94,90.68719847948225,74.47,7.59,NONE
2026-03-04 02:30:00,Facility_C,Refinery & Petrochemicals,"Maharashtra, India",22274.89,727.48,,28.85,92.7827907128288,76.53,7.44,NONE
2026-03-04 02:45:00,Facility_C,Refinery & Petrochemicals,"Maharashtra, India",19402.84,932.1,36.54,27.37,90.81278436591867,80.63,7.54,NONE
2026-03-04 03:00:00,Facility_D,Pharmaceuticals & Healthcare,"Flanders, Belgium",15223.0,477.65,37.61,30.44,91.33024754097153,66.44,7.03,NONE
2026-03-04 03:15:00,Facility_D,Pharmaceuticals & Healthcare,"Flanders, Belgium",22415.82,597.28,41.7,31.6,91.49678013518606,72.32,7.3,NONE
2026-03-04 03:30:00,Facility_A,food & beverage,"Illinois, USA",20226.19,790.68,39.35,31.14,96.12907469337613,82.67,7.29,NONE
2026-03-04 03:45:00,Facility_C,REFINERY_PETRO,"Maharashtra, India",21513.24,821.93,38.08,29.44,89.03845565482835,75.55,7.45,NONE
2026-03-04 04:00:00,Facility_E,Data Center Cooling,"Nuevo Leon, Mexico",,742.74,24.8,28.39,91.96091707746947,68.02,7.19,NONE
2026-03-04 04:15:00,Facility_A,Food & Beverage Processing,"Illinois, USA",20912.84,816.82,40.22,139.06,97.34034183667737,75.51,7.28,SENSOR_TEMP_SPIKE
2026-03-04 04:30:00,facility_e,Data Center Cooling,"Nuevo Leon, Mexico",,710.9,26.78,29.07,97.33642404732818,70.56,7.19,NONE
2026-03-04 04:45:00,facility_c,refinery,"Maharashtra, India",19530.08,794.9,33.78,33.32,91.48196539939114,73.23,6.81,NONE
2026-03-04 05:00:00,Facility_C,refinery,"Maharashtra, India",18137.94,674.21,31.65,26.84,90.64398615608165,73.66,7.28,NONE
2026-03-04 05:15:00,Facility_D,Pharmaceuticals & Healthcare,"Flanders, Belgium",17787.31,550.51,35.38,30.36,93.14727554146825,75.24,7.29,NONE
2026-03-04 05:30:00,Facility_C,Refinery & Petrochemicals,"Maharashtra, India",17847.26,837.47,38.03,30.41,97.32433095925305,74.37,7.3,NONE
2026-03-04 05:45:00,Facility_B,Heavy Manufacturing,"Indiana, USA",25577.72,853.87,24.65,27.12,94.40070764218503,77.75,7.07,NONE
2026-03-04 06:00:00, Facility_A ,food & beverage,"Illinois, USA",21743.47,595.61,29.15,33.57,94.63899675478781,72.64,7.42,NONE
2026-03-04 06:15:00,Facility_A,Food & Beverage Processing,"Illinois, USA",22028.42,609.96,,29.61,95.7668317641481,71.24,7.82,NONE
2026-03-04 06:30:00,Facility_D,PHARMACEUTICALS,"Flanders, Belgium",18649.0,493.39,39.47,32.81,97.30244216119158,74.42,7.58,NONE
2026-03-04 06:45:00,facility_b,Heavy Manufacturing,"Indiana, USA",24485.33,889.65,30.02,25.21,90.29806237477996,74.94,7.4,NONE
2026-03-04 07:00:00,Facility_C,Refinery & Petrochemicals,"Maharashtra, India",18761.31,783.94,40.57,31.0,86.03559621651576,82.76,6.82,NONE
2026-03-04 07:15:00,Facility_A,Food & Beverage Processing,"Illinois, USA",21477.8,601.46,37.48,29.79,94.7296881795715,65.06,7.55,NONE
2026-03-04 07:30:00,Facility_C,Refinery & Petrochemicals,"Maharashtra, India",,824.97,39.49,30.52,92.82573417590932,70.35,7.23,NONE
2026-03-04 07:45:00,Facility_E,Data Center Cooling,"Nuevo Leon, Mexico",24154.84,687.17,20.76,28.31,95.43933657501131,72.64,7.52,NONE
2026-03-04 08:00:00,Facility_C,Petrochem / Refining,"Maharashtra, India",14307.48,545.26,36.61,31.77,88.02481528768956,76.37,7.68,NONE
2026-03-04 08:15:00,Facility_E,Data Center Cooling,"Nuevo Leon, Mexico",21088.9,817.58,29.3,29.35,96.12724973122842,82.61,7.19,NONE
2026-03-04 08:30:00,Facility_B,Heavy Manufacturing,"Indiana, USA",25518.49,756.78,29.15,29.39,97.2070462187846,80.39,7.57,NONE
2026-03-04 08:45:00,Facility_C,Refinery & Petrochemicals,"Maharashtra, India",21191.89,722.23,31.49,30.29,93.56406482323611,83.0,6.81,NONE
2026-03-04 09:00:00,Facility_B,Heavy Manufacturing,"Indiana, USA",27707.48,890.66,25.3,27.59,92.41436211763552,66.61,7.76,NONE
2026-03-04 09:15:00,Facility_E,Data Center Cooling,"Nuevo Leon, Mexico",27938.25,724.4,25.81,26.78,,71.35,7.69,NONE
2026-03-04 09:30:00,Facility_B,Heavy Manufacturing,"Indiana, USA",35671.72,779.28,24.71,26.83,94.94252617304265,75.55,7.38,NONE
2026-03-04 09:45:00,Facility_D,Pharmaceuticals & Healthcare,"Flanders, Belgium",17720.97,646.34,40.71,30.02,94.68476360638665,73.15,7.15,NONE
2026-03-04 10:00:00,Facility_A,Food & Beverage Processing,"Illinois, USA",20464.79,743.17,33.88,25.68,94.58569005750718,72.61,7.1,NONE
2026-03-04 10:15:00,Facility_B,HEAVY_MANUFACTURING,"Indiana, USA",28044.34,854.89,38.39,29.14,92.54889399066845,73.51,7.02,NONE
2026-03-04 10:30:00,FACILITY_B,Heavy Manufacturing,"Indiana, USA",29599.23,866.46,29.89,26.12,95.9928037848276,69.79,7.19,NONE
2026-03-04 10:45:00,FAC-B,Heavy Manufacturing,"Indiana, USA",26178.21,791.2,25.17,27.7,96.73202177194901,78.03,7.55,NONE
2026-03-04 11:00:00,Facility_B,Heavy Manufacturing,"Indiana, USA",27294.82,800.05,33.21,24.41,94.8881256692408,77.79,7.32,NONE
2026-03-04 11:15:00,Facility_E,data center,"Nuevo Leon, Mexico",,747.22,25.32,28.21,96.52634770557752,76.01,7.46,NONE
2026-03-04 11:30:00,monterrey_e,Data Center Cooling,"Nuevo Leon, Mexico",23025.12,815.69,25.23,24.25,94.38923730321281,78.16,6.91,NONE
2026-03-04 11:45:00,Fac_D,Pharmaceuticals & Healthcare,"Flanders, Belgium",18873.62,633.2,37.01,29.5,97.76828455726506,73.18,7.25,NONE
